-- phpMyAdmin SQL Dump
-- version 3.4.3.1
-- http://www.phpmyadmin.net
--
-- Host: localhost
-- Generation Time: Sep 15, 2013 at 04:22 PM
-- Server version: 5.1.41
-- PHP Version: 5.3.1

SET SQL_MODE="NO_AUTO_VALUE_ON_ZERO";
SET time_zone = "+00:00";


/*!40101 SET @OLD_CHARACTER_SET_CLIENT=@@CHARACTER_SET_CLIENT */;
/*!40101 SET @OLD_CHARACTER_SET_RESULTS=@@CHARACTER_SET_RESULTS */;
/*!40101 SET @OLD_COLLATION_CONNECTION=@@COLLATION_CONNECTION */;
/*!40101 SET NAMES utf8 */;

--
-- Database: `openairportv3`
--
CREATE DATABASE `openairportv3` DEFAULT CHARACTER SET latin1 COLLATE latin1_swedish_ci;
USE `openairportv3`;

-- --------------------------------------------------------

--
-- Table structure for table `tbl_139_301_main`
--

CREATE TABLE IF NOT EXISTS `tbl_139_301_main` (
  `139301_recordid` int(11) NOT NULL AUTO_INCREMENT COMMENT 'Record ID Field',
  `139301_name` text NOT NULL,
  `139301_active_yn` int(1) NOT NULL DEFAULT '1',
  `139301_summaryfunction` text NOT NULL COMMENT 'This is the name of the function to run for the 301 summary report',
  `139301_hidden_yn` int(1) NOT NULL DEFAULT '0',
  PRIMARY KEY (`139301_recordid`)
) ENGINE=InnoDB  DEFAULT CHARSET=latin1 AUTO_INCREMENT=10 ;

--
-- Dumping data for table `tbl_139_301_main`
--

INSERT INTO `tbl_139_301_main` (`139301_recordid`, `139301_name`, `139301_active_yn`, `139301_summaryfunction`, `139301_hidden_yn`) VALUES
(1, '303 (a) Personnel Records', 1, '_303_a_301_summaryfunction', 0),
(3, '327 Airfield Safety Self Inspections', 1, '_327_301_summaryfunction', 0),
(4, '333 Protection of Navaids', 1, '_333_301_summaryfunction', 0),
(5, '337 Wildlife Hazard Management', 1, '_337_301_summaryfunction', 0),
(6, '327 (a)(4) 327 Discrepancies', 1, '_327_a_4_301_summaryfunction', 0),
(7, '339 (c) Condition Report Inspection', 1, '_339_c_301_summaryfunction', 0),
(8, '339 (b) NOTAMs', 1, '_339_b_301_summaryfunction', 0),
(9, '303 (c) Personnel Training Records', 1, '_303_c_301_summaryfunction', 0);

-- --------------------------------------------------------

--
-- Table structure for table `tbl_139_303_a_main_a`
--

CREATE TABLE IF NOT EXISTS `tbl_139_303_a_main_a` (
  `139303_a_a_id` int(10) NOT NULL AUTO_INCREMENT,
  `139303_a_a_inspection_id` int(10) DEFAULT NULL,
  `139303_a_a_by_cb_int` int(10) DEFAULT NULL,
  `139303_a_a_reason` longtext,
  `139303_a_a_yn` tinyint(1) NOT NULL,
  `139303_a_a_date` date DEFAULT NULL,
  `139303_a_a_time` time DEFAULT NULL,
  `139303_a_a_signature` longblob,
  `139303_a_a_timestamp` timestamp NOT NULL DEFAULT CURRENT_TIMESTAMP,
  PRIMARY KEY (`139303_a_a_id`),
  KEY `139303_a_a_inspection_id` (`139303_a_a_inspection_id`),
  KEY `139303_a_a_by_cb_int` (`139303_a_a_by_cb_int`)
) ENGINE=InnoDB  DEFAULT CHARSET=latin1 AUTO_INCREMENT=3 ;

--
-- Dumping data for table `tbl_139_303_a_main_a`
--

INSERT INTO `tbl_139_303_a_main_a` (`139303_a_a_id`, `139303_a_a_inspection_id`, `139303_a_a_by_cb_int`, `139303_a_a_reason`, `139303_a_a_yn`, `139303_a_a_date`, `139303_a_a_time`, `139303_a_a_signature`, `139303_a_a_timestamp`) VALUES
(1, 3, 1, 'No longer works at AirCo.', 1, '2011-12-18', '10:02:39', NULL, '2011-12-18 16:02:48'),
(2, 57, 1, 'No longer needs access to the system', 1, '2012-10-14', '18:30:28', NULL, '2012-10-14 23:30:43');

-- --------------------------------------------------------

--
-- Table structure for table `tbl_139_303_a_main_e`
--

CREATE TABLE IF NOT EXISTS `tbl_139_303_a_main_e` (
  `139303_a_e_id` int(10) NOT NULL AUTO_INCREMENT,
  `139303_a_e_inspection_id` int(10) DEFAULT NULL,
  `139303_a_e_by_cb_int` int(10) DEFAULT NULL,
  `139303_a_e_reason` longtext,
  `139303_a_e_yn` tinyint(1) NOT NULL,
  `139303_a_e_date` date DEFAULT NULL,
  `139303_a_e_time` time DEFAULT NULL,
  `139303_a_e_signature` longblob,
  `139303_a_e_timestamp` timestamp NOT NULL DEFAULT CURRENT_TIMESTAMP,
  PRIMARY KEY (`139303_a_e_id`),
  KEY `139303_a_e_inspection_id` (`139303_a_e_inspection_id`),
  KEY `139303_a_e_by_cb_int` (`139303_a_e_by_cb_int`)
) ENGINE=InnoDB DEFAULT CHARSET=latin1 AUTO_INCREMENT=1 ;

-- --------------------------------------------------------

--
-- Table structure for table `tbl_139_303_c_main`
--

CREATE TABLE IF NOT EXISTS `tbl_139_303_c_main` (
  `139_303_id` int(10) NOT NULL AUTO_INCREMENT,
  `139_303_type_cb_int` int(10) DEFAULT NULL,
  `139_303_type_cb_txt` longtext,
  `139_303_by_cb_int` int(10) DEFAULT NULL,
  `139_303_by_cb_txt` varchar(50) DEFAULT NULL,
  `139_303_teacher_signature` longblob,
  `139_303_date` date DEFAULT NULL,
  `139_303_time` time DEFAULT NULL,
  `139_303_attendance` longtext,
  `139_303_sylabus` longtext,
  `139_303_timestamp` timestamp NOT NULL DEFAULT CURRENT_TIMESTAMP,
  PRIMARY KEY (`139_303_id`),
  KEY `139_303_type_cb_int` (`139_303_type_cb_int`),
  KEY `139_303_by_cb_int` (`139_303_by_cb_int`)
) ENGINE=InnoDB  DEFAULT CHARSET=latin1 AUTO_INCREMENT=5 ;

--
-- Dumping data for table `tbl_139_303_c_main`
--

INSERT INTO `tbl_139_303_c_main` (`139_303_id`, `139_303_type_cb_int`, `139_303_type_cb_txt`, `139_303_by_cb_int`, `139_303_by_cb_txt`, `139_303_teacher_signature`, `139_303_date`, `139_303_time`, `139_303_attendance`, `139_303_sylabus`, `139_303_timestamp`) VALUES
(1, 2, NULL, 1, NULL, NULL, '2013-06-25', '16:55:02', NULL, NULL, '2013-06-25 21:55:28'),
(2, 2, NULL, 1, NULL, NULL, '2013-06-25', '16:57:20', NULL, NULL, '2013-06-25 21:57:26'),
(3, 2, NULL, 1, NULL, NULL, '2013-06-25', '17:43:49', NULL, NULL, '2013-06-25 23:10:57'),
(4, 2, NULL, 1, NULL, NULL, '2013-07-30', '20:22:43', NULL, NULL, '2013-07-31 01:22:52');

-- --------------------------------------------------------

--
-- Table structure for table `tbl_139_303_c_main_a`
--

CREATE TABLE IF NOT EXISTS `tbl_139_303_c_main_a` (
  `139303_c_a_id` int(10) NOT NULL AUTO_INCREMENT,
  `139303_c_a_inspection_id` int(10) DEFAULT NULL,
  `139303_c_a_by_cb_int` int(10) DEFAULT NULL,
  `139303_c_a_reason` longtext,
  `139303_c_a_yn` tinyint(1) NOT NULL,
  `139303_c_a_date` date DEFAULT NULL,
  `139303_c_a_time` time DEFAULT NULL,
  `139303_c_a_signature` longblob,
  `139303_c_a_timestamp` timestamp NOT NULL DEFAULT CURRENT_TIMESTAMP,
  PRIMARY KEY (`139303_c_a_id`),
  KEY `139303_a_a_inspection_id` (`139303_c_a_inspection_id`),
  KEY `139303_a_a_by_cb_int` (`139303_c_a_by_cb_int`)
) ENGINE=InnoDB DEFAULT CHARSET=latin1 AUTO_INCREMENT=1 ;

-- --------------------------------------------------------

--
-- Table structure for table `tbl_139_303_c_main_e`
--

CREATE TABLE IF NOT EXISTS `tbl_139_303_c_main_e` (
  `139303_c_e_id` int(10) NOT NULL AUTO_INCREMENT,
  `139303_c_e_inspection_id` int(10) DEFAULT NULL,
  `139303_c_e_by_cb_int` int(10) DEFAULT NULL,
  `139303_c_e_reason` longtext,
  `139303_c_e_yn` tinyint(1) NOT NULL,
  `139303_c_e_date` date DEFAULT NULL,
  `139303_c_e_time` time DEFAULT NULL,
  `139303_c_e_signature` longblob,
  `139303_c_e_timestamp` timestamp NOT NULL DEFAULT CURRENT_TIMESTAMP,
  PRIMARY KEY (`139303_c_e_id`),
  KEY `139303_a_e_inspection_id` (`139303_c_e_inspection_id`),
  KEY `139303_a_e_by_cb_int` (`139303_c_e_by_cb_int`)
) ENGINE=InnoDB DEFAULT CHARSET=latin1 AUTO_INCREMENT=1 ;

-- --------------------------------------------------------

--
-- Table structure for table `tbl_139_303_c_sub_c`
--

CREATE TABLE IF NOT EXISTS `tbl_139_303_c_sub_c` (
  `conditions_id` int(10) NOT NULL AUTO_INCREMENT,
  `condition_name` text,
  `condition_facility_cb_int` int(10) DEFAULT NULL,
  `condition_facility_cb_txt` varchar(255) DEFAULT NULL,
  `condition_type_cb_int` int(10) DEFAULT NULL,
  `condition_type_order_int` int(255) DEFAULT NULL,
  `condition_archived_yn` tinyint(1) NOT NULL DEFAULT '0',
  PRIMARY KEY (`conditions_id`),
  KEY `condition_facility_cb_int` (`condition_facility_cb_int`),
  KEY `condition_type_cb_int` (`condition_type_cb_int`)
) ENGINE=InnoDB  DEFAULT CHARSET=latin1 AUTO_INCREMENT=43 ;

--
-- Dumping data for table `tbl_139_303_c_sub_c`
--

INSERT INTO `tbl_139_303_c_sub_c` (`conditions_id`, `condition_name`, `condition_facility_cb_int`, `condition_facility_cb_txt`, `condition_type_cb_int`, `condition_type_order_int`, `condition_archived_yn`) VALUES
(19, '(3) (i): Airport Familiarization, including marking, lighting, and signs ', 28, NULL, 2, 1, 0),
(20, 'T1: Procedures for access and operation in Movement & Safety Areas.', 42, NULL, 2, 1, 0),
(21, 'T2: Airport Communications', 42, NULL, 2, 1, 0),
(22, 'Snow and Ice Control', 21, NULL, 2, 0, 0),
(23, 'ARFF Equipment and Agents', 24, NULL, 2, 0, 0),
(24, 'Airport Emergency Plan', 27, NULL, 2, 0, 0),
(25, 'Self-inspection program', 28, NULL, 2, 0, 0),
(26, 'Pedestrians and ground vehicles ', 42, NULL, 2, 0, 0),
(27, 'Wildlife Hazard Management ', 32, NULL, 2, 0, 0),
(28, 'Airport Condition Reporting', 33, NULL, 2, 0, 0),
(29, '(3) (iii): Notice to Airmen (NOTAM) notification procedures', 28, NULL, 2, 1, 0),
(30, '(3) (v): Discrepancy reporting procedures', 28, NULL, 2, 1, 0),
(31, '(4): System used to report unsafe airport conditions.', 28, NULL, 2, 1, 0),
(33, 'Duties described in the Airport Certification Manual', 40, NULL, 2, NULL, 0),
(34, 'T1: Applicable Airport Conditions', 33, NULL, 2, 1, 0),
(35, 'T2: Dissemination of airport condition information', 33, NULL, 2, 1, 0),
(36, 'T1: Review Wildlife Hazard Management Plan', 32, NULL, 2, 1, 0),
(37, 'T2: Review Biological Life Identification', 32, NULL, 2, 1, 0),
(38, 'T3: Review depredation protocols', 32, NULL, 2, 1, 0),
(39, 'T1: Types of ARFF vehicles', 24, NULL, 2, 1, 0),
(40, 'T2: Vehicle capabilities', 24, NULL, 2, 1, 0),
(41, 'T1: Review Snow and Ice Control Plan', 21, NULL, 2, 1, 0),
(42, 'T2: Notification of Surface Contaminations', 21, NULL, 2, 1, 0);

-- --------------------------------------------------------

--
-- Table structure for table `tbl_139_303_c_sub_c_c`
--

CREATE TABLE IF NOT EXISTS `tbl_139_303_c_sub_c_c` (
  `conditions_checklists_id` int(10) NOT NULL AUTO_INCREMENT,
  `conditions_checklists_condition_cb_int` int(10) DEFAULT NULL,
  `conditions_checklists_condition_cb_txt` varchar(255) DEFAULT NULL,
  `conditions_checklists_inspection_cb_int` int(10) DEFAULT NULL,
  `conditions_checklists_inspection_cb_txt` varchar(50) DEFAULT NULL,
  `conditions_checklist_discrepancy_yn` tinyint(1) NOT NULL DEFAULT '0',
  `conditions_checklist_hours` double(3,0) DEFAULT NULL,
  `conditions_checklist_archived_yn` tinyint(1) NOT NULL DEFAULT '0',
  PRIMARY KEY (`conditions_checklists_id`),
  KEY `conditions_checklists_condition_cb_int` (`conditions_checklists_condition_cb_int`),
  KEY `conditions_checklists_inspection_cb_int` (`conditions_checklists_inspection_cb_int`)
) ENGINE=InnoDB  DEFAULT CHARSET=latin1 AUTO_INCREMENT=67 ;

--
-- Dumping data for table `tbl_139_303_c_sub_c_c`
--

INSERT INTO `tbl_139_303_c_sub_c_c` (`conditions_checklists_id`, `conditions_checklists_condition_cb_int`, `conditions_checklists_condition_cb_txt`, `conditions_checklists_inspection_cb_int`, `conditions_checklists_inspection_cb_txt`, `conditions_checklist_discrepancy_yn`, `conditions_checklist_hours`, `conditions_checklist_archived_yn`) VALUES
(1, 19, NULL, 1, NULL, 1, 15, 0),
(2, 20, NULL, 1, NULL, 1, 15, 0),
(3, 21, NULL, 1, NULL, 1, 15, 0),
(4, 22, NULL, 1, NULL, 1, 15, 0),
(5, 23, NULL, 1, NULL, 1, 15, 0),
(6, 24, NULL, 1, NULL, 1, 15, 0),
(7, 25, NULL, 1, NULL, 1, 15, 0),
(8, 26, NULL, 1, NULL, 1, 15, 0),
(9, 27, NULL, 1, NULL, 1, 15, 0),
(10, 28, NULL, 1, NULL, 1, 15, 0),
(11, 19, NULL, 2, NULL, 1, 15, 0),
(12, 20, NULL, 2, NULL, 1, 15, 0),
(13, 21, NULL, 2, NULL, 1, 15, 0),
(14, 22, NULL, 2, NULL, 1, 15, 0),
(15, 23, NULL, 2, NULL, 1, 15, 0),
(16, 24, NULL, 2, NULL, 1, 15, 0),
(17, 25, NULL, 2, NULL, 1, 15, 0),
(18, 26, NULL, 2, NULL, 1, 15, 0),
(19, 27, NULL, 2, NULL, 1, 15, 0),
(20, 28, NULL, 2, NULL, 1, 15, 0),
(21, 22, NULL, 3, NULL, 1, 15, 0),
(22, 41, NULL, 3, NULL, 1, 15, 0),
(23, 42, NULL, 3, NULL, 1, 15, 0),
(24, 23, NULL, 3, NULL, 1, 15, 0),
(25, 39, NULL, 3, NULL, 1, 15, 0),
(26, 40, NULL, 3, NULL, 1, 15, 0),
(27, 24, NULL, 3, NULL, 1, 15, 0),
(28, 25, NULL, 3, NULL, 1, 15, 0),
(29, 19, NULL, 3, NULL, 1, 15, 0),
(30, 29, NULL, 3, NULL, 1, 15, 0),
(31, 30, NULL, 3, NULL, 1, 15, 0),
(32, 31, NULL, 3, NULL, 1, 15, 0),
(33, 27, NULL, 3, NULL, 1, 15, 0),
(34, 36, NULL, 3, NULL, 1, 15, 0),
(35, 37, NULL, 3, NULL, 1, 15, 0),
(36, 38, NULL, 3, NULL, 1, 15, 0),
(37, 28, NULL, 3, NULL, 1, 15, 0),
(38, 34, NULL, 3, NULL, 1, 15, 0),
(39, 35, NULL, 3, NULL, 1, 15, 0),
(40, 33, NULL, 3, NULL, 1, 15, 0),
(41, 26, NULL, 3, NULL, 1, 15, 0),
(42, 20, NULL, 3, NULL, 1, 15, 0),
(43, 21, NULL, 3, NULL, 1, 15, 0),
(44, 22, NULL, 4, NULL, 1, 15, 0),
(45, 41, NULL, 4, NULL, 1, 15, 0),
(46, 42, NULL, 4, NULL, 1, 15, 0),
(47, 23, NULL, 4, NULL, 1, 15, 0),
(48, 39, NULL, 4, NULL, 1, 15, 0),
(49, 40, NULL, 4, NULL, 1, 15, 0),
(50, 24, NULL, 4, NULL, 1, 15, 0),
(51, 25, NULL, 4, NULL, 1, 15, 0),
(52, 19, NULL, 4, NULL, 1, 15, 0),
(53, 29, NULL, 4, NULL, 1, 15, 0),
(54, 30, NULL, 4, NULL, 1, 15, 0),
(55, 31, NULL, 4, NULL, 1, 15, 0),
(56, 27, NULL, 4, NULL, 1, 15, 0),
(57, 36, NULL, 4, NULL, 1, 15, 0),
(58, 37, NULL, 4, NULL, 1, 15, 0),
(59, 38, NULL, 4, NULL, 1, 15, 0),
(60, 28, NULL, 4, NULL, 1, 15, 0),
(61, 34, NULL, 4, NULL, 1, 15, 0),
(62, 35, NULL, 4, NULL, 1, 15, 0),
(63, 33, NULL, 4, NULL, 1, 15, 0),
(64, 26, NULL, 4, NULL, 1, 15, 0),
(65, 20, NULL, 4, NULL, 1, 15, 0),
(66, 21, NULL, 4, NULL, 1, 15, 0);

-- --------------------------------------------------------

--
-- Table structure for table `tbl_139_303_c_sub_c_f`
--

CREATE TABLE IF NOT EXISTS `tbl_139_303_c_sub_c_f` (
  `facility_id` int(10) NOT NULL AUTO_INCREMENT,
  `facility_name` varchar(50) DEFAULT NULL,
  `facility_archived_yn` tinyint(1) NOT NULL DEFAULT '0',
  PRIMARY KEY (`facility_id`)
) ENGINE=InnoDB  DEFAULT CHARSET=latin1 AUTO_INCREMENT=43 ;

--
-- Dumping data for table `tbl_139_303_c_sub_c_f`
--

INSERT INTO `tbl_139_303_c_sub_c_f` (`facility_id`, `facility_name`, `facility_archived_yn`) VALUES
(1, '139.1', 0),
(2, '139.3', 0),
(3, '139.5', 0),
(4, '139.7', 0),
(5, '139.101', 0),
(6, '139.103', 0),
(7, '139.105', 0),
(8, '139.107', 0),
(9, '139.109', 0),
(10, '139.111', 0),
(11, '139.113', 0),
(12, '139.201', 0),
(13, '139.203', 0),
(14, '139.205', 0),
(15, '139.301', 0),
(16, '139.303', 0),
(17, '139.305', 0),
(18, '139.307', 0),
(19, '139.309', 0),
(20, '139.311', 0),
(21, '139.313', 0),
(22, '139.315', 0),
(23, '139.317', 0),
(24, '139.319', 0),
(25, '139.321', 0),
(26, '139.323', 0),
(27, '139.325', 0),
(28, '139.327', 0),
(29, '139.331', 0),
(30, '139.333', 0),
(31, '139.335', 0),
(32, '139.337', 0),
(33, '139.339', 0),
(34, '139.341', 0),
(35, '139.343', 0),
(36, '1542.2', 0),
(37, '1542.215', 0),
(38, 'CTY.StyMnl - Required', 0),
(39, 'CTY.StyMnl - Additional', 0),
(40, 'Core Group', 0),
(41, 'Special Class Requirements', 0),
(42, '139.329', 0);

-- --------------------------------------------------------

--
-- Table structure for table `tbl_139_303_c_sub_d`
--

CREATE TABLE IF NOT EXISTS `tbl_139_303_c_sub_d` (
  `Discrepancy_id` int(10) NOT NULL AUTO_INCREMENT,
  `discrepancy_checklist_id` int(10) DEFAULT NULL,
  `Discrepancy_inspection_id` int(10) DEFAULT NULL,
  `Discrepancy_by_cb_int` int(10) DEFAULT NULL,
  `discrepancy_by_cb_text` varchar(255) DEFAULT NULL,
  `Discrepancy_name` varchar(100) DEFAULT NULL,
  `discrepancy_remarks` longtext,
  PRIMARY KEY (`Discrepancy_id`),
  KEY `discrepancy_checklist_id` (`discrepancy_checklist_id`),
  KEY `Discrepancy_inspection_id` (`Discrepancy_inspection_id`),
  KEY `Discrepancy_by_cb_int` (`Discrepancy_by_cb_int`)
) ENGINE=InnoDB DEFAULT CHARSET=latin1 COMMENT='Not Used ???' AUTO_INCREMENT=1 ;

-- --------------------------------------------------------

--
-- Table structure for table `tbl_139_303_c_sub_d_tmp`
--

CREATE TABLE IF NOT EXISTS `tbl_139_303_c_sub_d_tmp` (
  `Discrepancy_id` int(10) NOT NULL AUTO_INCREMENT,
  `discrepancy_checklist_id` int(10) DEFAULT NULL,
  `Discrepancy_inspection_id` int(10) DEFAULT NULL,
  `Discrepancy_by_cb_int` int(10) DEFAULT NULL,
  `discrepancy_by_cb_text` varchar(255) DEFAULT NULL,
  `Discrepancy_name` varchar(100) DEFAULT NULL,
  `discrepancy_remarks` longtext,
  PRIMARY KEY (`Discrepancy_id`),
  KEY `discrepancy_checklist_id` (`discrepancy_checklist_id`),
  KEY `Discrepancy_inspection_id` (`Discrepancy_inspection_id`),
  KEY `Discrepancy_by_cb_int` (`Discrepancy_by_cb_int`)
) ENGINE=InnoDB DEFAULT CHARSET=latin1 COMMENT='Used to store "ADD" Discrepancies' AUTO_INCREMENT=1 ;

-- --------------------------------------------------------

--
-- Table structure for table `tbl_139_303_c_sub_sa`
--

CREATE TABLE IF NOT EXISTS `tbl_139_303_c_sub_sa` (
  `Discrepancy_id` int(10) NOT NULL AUTO_INCREMENT,
  `Discrepancy_inspection_id` int(10) DEFAULT NULL,
  `discrepancy_student_cb_int` int(11) DEFAULT NULL,
  `discrepancy_hidden_yn` int(1) NOT NULL DEFAULT '0',
  PRIMARY KEY (`Discrepancy_id`),
  KEY `Discrepancy_inspection_id` (`Discrepancy_inspection_id`),
  KEY `discrepancy_student_cb_int` (`discrepancy_student_cb_int`)
) ENGINE=InnoDB  DEFAULT CHARSET=latin1 COMMENT='Student Attendance List Per Training Session' AUTO_INCREMENT=10 ;

--
-- Dumping data for table `tbl_139_303_c_sub_sa`
--

INSERT INTO `tbl_139_303_c_sub_sa` (`Discrepancy_id`, `Discrepancy_inspection_id`, `discrepancy_student_cb_int`, `discrepancy_hidden_yn`) VALUES
(1, 2, 1, 0),
(2, 2, 2, 0),
(3, 2, 3, 0),
(4, 2, 4, 0),
(5, 2, 6, 0),
(6, 2, 7, 0),
(7, 3, 1, 0),
(8, 3, 2, 0),
(9, 3, 92, 0);

-- --------------------------------------------------------

--
-- Table structure for table `tbl_139_303_c_sub_t`
--

CREATE TABLE IF NOT EXISTS `tbl_139_303_c_sub_t` (
  `inspection_type_id` int(10) NOT NULL AUTO_INCREMENT,
  `inspection_type` varchar(200) DEFAULT NULL,
  `inspection_type_short_name` varchar(50) DEFAULT NULL,
  `inspection_type_archived_yn` tinyint(1) NOT NULL DEFAULT '0',
  PRIMARY KEY (`inspection_type_id`)
) ENGINE=InnoDB  DEFAULT CHARSET=latin1 AUTO_INCREMENT=12 ;

--
-- Dumping data for table `tbl_139_303_c_sub_t`
--

INSERT INTO `tbl_139_303_c_sub_t` (`inspection_type_id`, `inspection_type`, `inspection_type_short_name`, `inspection_type_archived_yn`) VALUES
(1, 'Airport Rescue and Fire Fighting Training', 'ARFF Training', 0),
(2, 'Operations Personnel Training', 'Ops Training', 0),
(3, 'Law Enforcement Officer Training', 'LEO Training', 0),
(4, 'Vehicle Operator (N/MA)', 'Vehicle Operator (N/MA)', 0),
(6, 'Airport Security Cordinator', 'ASC Training', 0),
(9, 'Seasonal Part-Time Employees', 'Seasonal PTE', 0),
(10, 'Safety Meeting (City Requirement)', 'ToolBox Meeting', 0),
(11, 'Wildlife Hazard Management', 'Wildlife Management', 0);

-- --------------------------------------------------------

--
-- Table structure for table `tbl_139_303_c_sub_t_i`
--

CREATE TABLE IF NOT EXISTS `tbl_139_303_c_sub_t_i` (
  `139303_c_sub_t_i_id` int(10) NOT NULL AUTO_INCREMENT,
  `139303_c_sub_t_id_int` int(10) DEFAULT NULL,
  `139303_c_sub_t_id_text` varchar(50) DEFAULT NULL,
  `139303_c_sub_t_image` text,
  `139303_c_type_archived_yn` tinyint(1) NOT NULL DEFAULT '0',
  PRIMARY KEY (`139303_c_sub_t_i_id`),
  KEY `139303_c_sub_t_id_int` (`139303_c_sub_t_id_int`)
) ENGINE=InnoDB DEFAULT CHARSET=latin1 AUTO_INCREMENT=1 ;

-- --------------------------------------------------------

--
-- Table structure for table `tbl_139_327_main`
--

CREATE TABLE IF NOT EXISTS `tbl_139_327_main` (
  `inspection_system_id` int(10) NOT NULL AUTO_INCREMENT,
  `type_of_inspection_cb_int` int(10) DEFAULT NULL,
  `type_of_inspection_cb_txt` longtext,
  `inspection_completed_by_cb_int` int(10) DEFAULT NULL,
  `inspection_completed_by_cb_txt` varchar(50) DEFAULT NULL,
  `inspecton_inspector_signature` longblob,
  `139327_date` date DEFAULT NULL,
  `139327_time` time DEFAULT NULL,
  `139327_timestamp` timestamp NOT NULL DEFAULT CURRENT_TIMESTAMP,
  PRIMARY KEY (`inspection_system_id`),
  KEY `type_of_inspection_cb_int` (`type_of_inspection_cb_int`),
  KEY `inspection_completed_by_cb_int` (`inspection_completed_by_cb_int`)
) ENGINE=InnoDB  DEFAULT CHARSET=latin1 AUTO_INCREMENT=47 ;

--
-- Dumping data for table `tbl_139_327_main`
--

INSERT INTO `tbl_139_327_main` (`inspection_system_id`, `type_of_inspection_cb_int`, `type_of_inspection_cb_txt`, `inspection_completed_by_cb_int`, `inspection_completed_by_cb_txt`, `inspecton_inspector_signature`, `139327_date`, `139327_time`, `139327_timestamp`) VALUES
(46, 1, NULL, 1, NULL, NULL, '2013-08-09', '12:31:07', '2013-08-09 17:37:50');

-- --------------------------------------------------------

--
-- Table structure for table `tbl_139_327_main_a`
--

CREATE TABLE IF NOT EXISTS `tbl_139_327_main_a` (
  `inspection_archived_id` int(10) NOT NULL AUTO_INCREMENT,
  `inspection_archived_inspection_id` int(10) DEFAULT NULL,
  `inspection_archived_by_cb_int` int(10) DEFAULT NULL,
  `inspection_archived_by_cb_txt` varchar(50) DEFAULT NULL,
  `inspection_archived_reason` longtext,
  `inspection_archived_yn` tinyint(1) NOT NULL,
  `inspection_archived_date` date DEFAULT NULL,
  `inspection_archived_time` time DEFAULT NULL,
  `inspection_archived_signature` longblob,
  `inspection_archived_timestamp` timestamp NOT NULL DEFAULT CURRENT_TIMESTAMP,
  PRIMARY KEY (`inspection_archived_id`),
  KEY `archieved_inspection_id` (`inspection_archived_inspection_id`),
  KEY `archived_by_cb_int` (`inspection_archived_by_cb_int`)
) ENGINE=InnoDB DEFAULT CHARSET=latin1 AUTO_INCREMENT=1 ;

-- --------------------------------------------------------

--
-- Table structure for table `tbl_139_327_main_e`
--

CREATE TABLE IF NOT EXISTS `tbl_139_327_main_e` (
  `inspection_error_id` int(10) NOT NULL AUTO_INCREMENT,
  `inspection_error_inspection_id` int(10) DEFAULT NULL,
  `inspection_error_by_cb_int` int(10) DEFAULT NULL,
  `inspection_error_by_cb_txt` varchar(50) DEFAULT NULL,
  `inspection_error_reason` longtext,
  `inspection_error_yn` tinyint(1) NOT NULL,
  `inspection_error_date` date DEFAULT NULL,
  `inspection_error_time` time DEFAULT NULL,
  `inspection_error_signature` longblob,
  `inspection_error_timestamp` timestamp NOT NULL DEFAULT CURRENT_TIMESTAMP,
  PRIMARY KEY (`inspection_error_id`),
  KEY `error_out_of_order_inspection_id` (`inspection_error_inspection_id`),
  KEY `error_out_of_order_by_cb_int` (`inspection_error_by_cb_int`)
) ENGINE=InnoDB DEFAULT CHARSET=latin1 AUTO_INCREMENT=1 ;

-- --------------------------------------------------------

--
-- Table structure for table `tbl_139_327_main_tmp`
--

CREATE TABLE IF NOT EXISTS `tbl_139_327_main_tmp` (
  `inspection_system_id` int(10) NOT NULL AUTO_INCREMENT,
  `type_of_inspection_cb_int` int(10) DEFAULT NULL,
  `type_of_inspection_cb_txt` longtext,
  `inspection_completed_by_cb_int` int(10) DEFAULT NULL,
  `inspection_completed_by_cb_txt` varchar(50) DEFAULT NULL,
  `inspecton_inspector_signature` longblob,
  `139327_date` date DEFAULT NULL,
  `139327_time` time DEFAULT NULL,
  `139327_timestamp` timestamp NOT NULL DEFAULT CURRENT_TIMESTAMP,
  PRIMARY KEY (`inspection_system_id`),
  KEY `type_of_inspection_cb_int` (`type_of_inspection_cb_int`),
  KEY `inspection_completed_by_cb_int` (`inspection_completed_by_cb_int`)
) ENGINE=InnoDB DEFAULT CHARSET=latin1 AUTO_INCREMENT=1 ;

-- --------------------------------------------------------

--
-- Table structure for table `tbl_139_327_sub_c`
--

CREATE TABLE IF NOT EXISTS `tbl_139_327_sub_c` (
  `conditions_id` int(10) NOT NULL AUTO_INCREMENT,
  `condition_name` varchar(50) DEFAULT NULL,
  `condition_facility_cb_int` int(10) DEFAULT NULL,
  `condition_facility_cb_txt` varchar(255) DEFAULT NULL,
  `condition_description` longtext NOT NULL COMMENT 'FAA AC Description',
  `condition_type_cb_int` int(10) DEFAULT NULL,
  `condition_type_cb_txt` varchar(255) DEFAULT NULL,
  `condition_archived_yn` tinyint(1) NOT NULL DEFAULT '0',
  PRIMARY KEY (`conditions_id`),
  KEY `condition_facility_cb_int` (`condition_facility_cb_int`),
  KEY `condition_type_cb_int` (`condition_type_cb_int`)
) ENGINE=InnoDB  DEFAULT CHARSET=latin1 AUTO_INCREMENT=47 ;

--
-- Dumping data for table `tbl_139_327_sub_c`
--

INSERT INTO `tbl_139_327_sub_c` (`conditions_id`, `condition_name`, `condition_facility_cb_int`, `condition_facility_cb_txt`, `condition_description`, `condition_type_cb_int`, `condition_type_cb_txt`, `condition_archived_yn`) VALUES
(1, 'Pavement Lip Over 3"', 1, 'Pavement Areas', '10.a.1. Check the pavement lips (the area between fullstrength pavement) and shoulders or paved shoulders and safety areas to assure that they are no greater than necessary to allow water to drain off the pavement.  A lip height no greater than 1 1/2 inches is usually sufficient to allow proper drainage.  (At airports certificated under Part 139, pavement lips shall not exceed 3 inches as stated in § 139.305.)', 1, 'Regularly Scheduled Inspection Checklist', 0),
(2, 'Hole 5" Diameter 3" Deep', 1, 'Pavement Areas', '10.a.3. Determine if there are any holes that could cause directional control problems for an aircraft.  (At airports subject to Part 139. any hole that cannot be covered by a 5-inch circle, and the side slope at any point in the hole that exceeds 3 inches in depth and is 45 degrees or greater, is a discrepancy.  If the hole cannot be covered by a 5-inch circle but the side slope at any point in the hole that exceeds 3 inches in depth or is less than 45 degrees, it may be a discrepancy if it is determined to be a surface variation that could impair directional control of an air carrier aircraft.) ', 1, 'Regularly Scheduled Inspection Checklist', 0),
(3, 'Cracks / Spalling / Bumps', 1, 'Pavement Areas', '10.a.2. Determine if there are any cracks wide enough to cause directional control problems for an aircraft. Report and monitor these cracks.<br><br> 10.a.4. Check the condition of pavement areas for cracks, scaling, spalling, bumps, low spots, and for debris that could cause foreign object damage to aircraft.', 1, 'Regularly Scheduled Inspection Checklist', 0),
(4, 'FOD : Gravel / Debris / Etc.', 1, 'Pavement Areas', 'Wisdom:  Debries on the airport is bad, remove durring your inspection. Record that you found it and kill on issue.  If you can not remove it, call maintenance immeditaely and report it.', 1, 'Regularly Scheduled Inspection Checklist', 0),
(5, 'Rubber Deposits', 1, 'Pavement Areas', 'Wisdom: Rubber Deposits can cause loss of friction.  This should be recorded.', 1, 'Regularly Scheduled Inspection Checklist', 0),
(6, 'Ponding / Edge Dams', 1, 'Pavement Areas', '10.a.5. Check for vegetation growth along runway and taxiway edges that may impede drainage from the pavement surface. <br><br> 10.a.6. Check for vegetation growth in cracks. <br><br> 10.a.7. Report and monitor any cracks, holes, variations and vegetation that can cause loss of aircraft directional control or may cause pavement damage, including damaged caused by damming or ponding water.', 1, 'Regularly Scheduled Inspection Checklist', 0),
(7, 'Ruts / Humps / Erosion', 2, 'Safety Areas', '10.b.1. Determine if there are any hazardous ruts, depressions, humps or variations from the normal smooth surface.', 1, 'Regularly Scheduled Inspection Checklist', 0),
(8, 'Drainage / Construction', 2, 'Safety Areas', '10.b.5. Check for surface variation and other damage caused by rodents or other animals. <br><br> 10.b.6. Report any objects that are not frangible or not at grade level.  Also report extraneous equipment and objects, such construction equipment, and surface variations that would cause damage to an aircraft or impede emergency response vehicles. At airports certificated under Part 139, issue a NOTAM regarding objects in the safety area contrary to § 139.309 (see § 139.339).', 1, 'Regularly Scheduled Inspection Checklist', 0),
(9, 'Objects / Frangible Bases', 2, 'Safety Areas', '10.b.2. Check to ensure no object is located in a safety area, except objects that must be in the safety areas because of their functions (such as runway lights, signs, or navigational aids).  These objects must be constructed on frangibly mounted structures of the lowest practical height.  At Part 139 airports, the frangible point must be no higher than 3 inches above grade. <br><br> 10.b.3. Determine if the base for any equipment in safety areas is at grade level (especially during the winter thaw) and equipment and NAVAIDs mounted on frangible couplings. <br><br> 10.b.4. Check to ensure that manhole and handhole covers are at grade level and can support vehicles and aircraft.  Check to ensure that mounts for light fixtures are at grade level.', 1, 'Regularly Scheduled Inspection Checklist', 0),
(10, 'Visible / Standard', 3, '', '10.c.1. Check markings for correct color-coding, peeling, blistering, chipping, fading, and obscurity due to rubber buildup. <br><br> 10.c.3. During and after construction projects, check new markings for compliance with FAA marking standards. <br><br> 10.c.5. Report and monitor any nonstandard marking or markings that are obscured, faded or deteriorating.', 1, 'Regularly Scheduled Inspection Checklist', 0),
(11, 'Hold Lines', 3, 'Markings', '10.c.2. Check to see if all runway hold position markings are clearly visible.<br>', 1, 'Regularly Scheduled Inspection Checklist', 0),
(12, 'Reflectivity', 3, 'Markings', '10.c.4. If the markings have glass beads, check markings during periods of darkness to determine if the reflectivity of glass beads is adequate at night. ', 1, 'Regularly Scheduled Inspection Checklist', 0),
(13, 'Obscured / Dirty / Faded', 4, 'Lighting', '10.e.1. Check to ensure that the following are operable, if installed, and that vegetation or deposits of foreign material do not obscure the light fixture.<br><br> (i) Runway and taxiway edge lights <br> (ii) Apron edge lights <br> (iii) Runway centerline and touchdown zone lights <br>(iv) Taxiway centerline lights or centerline reflectors <br> (v) Runway threshold/end lights; and <br> (vi) Runway guard lights (both elevated and in-pavement, if installed).<br><br> 10.e.2. Check that the following are operable, if installed: <br> (i) Ramp lights and floodlights used in construction to ensure they are properly shielded) <br> (ii) Obstruction lights and <br> (iii) Lighting in fuel storage areas.<br><br> 10.e.5 Ensure that runway and taxiway lights and runway threshold lights are the proper color and are oreinted correctly.', 1, 'Regularly Scheduled Inspection Checklist', 0),
(14, 'Damaged / Missing', 4, 'Lighting', '10.e.3 Report all fixtures missing and lights that are not working or appear dim. <br><br> 10.e.4 Report any missing or broken light fixtures lenses.', 1, 'Regularly Scheduled Inspection Checklist', 0),
(15, 'Inoperative', 4, 'Lighting', '10.e.6 Check that lights function properly through the manual or radio control features, and that photocell controls function properly.', 1, 'Regularly Scheduled Inspection Checklist', 0),
(16, 'Faulty Aim / Adjustment', 4, 'Lighting', '10.e.7 Check the lights for proper alignment, aiming and correct changes in intensity, for correct height, erosion around the bases and the height of frangibility.', 1, 'Regularly Scheduled Inspection Checklist', 0),
(17, 'Rotating Beacon', 5, 'Navigational Aids', '10.f.2. Determine if the airport rotating beacon is visible and working properly.', 1, 'Regularly Scheduled Inspection Checklist', 0),
(18, 'Wind Indicators', 5, 'Navigational Aids', '10.f.1. Determine if the segmented circle is clear of vegetation and that it can be seen easily from the air.<br><br> 10.f.3. Check the wind cone(s) to ensure that it swings freely, the cone fabric is not faded or frayed, and, if lighted, that all lights are operating.', 1, 'Regularly Scheduled Inspection Checklist', 0),
(19, 'REIL / PAPI Systems', 5, 'Navigational Aids', '10.f.4. Determine if the Runway End Lights (RENLs, formerly known as Runway End Identifier Lights) are flashing in proper sequence and mounted on frangible couplings. <br><br> 10.f.5. Check Visual Glide Slope Indicators (VASIs, PLASIs, or PAPIs) to ensure that their lights are working and mounted on frangible couplings. ', 1, 'Regularly Scheduled Inspection Checklist', 0),
(20, 'Obstruction Lights', 6, 'Obstructions', '10.g.2. Determine if obstructions are properly marked and lighted.<br><br> 10.g.4. Report and monitor any obstruction light that is missing, inoperative or damaged, and any object that appears to be an obstruction and is not properly marked or lit. ', 1, 'Regularly Scheduled Inspection Checklist', 0),
(21, 'Construction', 6, 'Obstructions', '10.g.1. Check to ensure that construction equipment, especially tall cranes being used at construction sites, are not an obstruction.  If construction is found and thought to create an obstruction, the airport operator should determine if proper notification to FAA, such as is required through Part 77 or Airport Layout Plan review, has been provided. <br><br> 10.g.3. Direct any person proposing construction near a public-use airport meeting the notice requirements contained in Part 77, Objects Affecting Navigable Airspace, to the Air Traffic Division or Airports District Office immediately if their construction has not been reported to the FAA. ', 1, 'Regularly Scheduled Inspection Checklist', 0),
(22, 'Surface Conditions', 7, 'Snow and Ice', '10.i.4. Check to be sure that no foreign objects are left on the pavement from snow removal operations. <br><br> 10.i.7. Check for and report slippery pavement conditions in terms of either braking action or MU values.  If a friction measurement device is available, issue the appropriate numbers obtained from the equipment. (Do not attempt to correlate friction measurement numbers with braking action reports.). <br><br> 10.i.8. Report and monitor any snow and ice accumulation that has been missed by the snow and ice removal operation, and any dangerous condition created by such operations, such as obscured signs or lights.  At airports certificated under Part 139, issue a NOTAM regarding snow, ice, slush or water on the movement area or loading ramps, and parking areas, as specified under § 139.339.', 1, 'Regularly Scheduled Inspection Checklist', 0),
(23, 'Snowbank Clearance', 7, 'Snow and Ice', '10.i.2. Check to ensure that snow banks and drifts next to the runway and taxiways provide clearance for aircraft wing tips, engines, and propellers. <br><br> 10.i.3. Check to ensure that snow is not piled across the runway threshold or across runway/runway intersections. <br><br> 10.i.5. Check to ensure that snow removal operations have not blocked any taxiways or access routes dedicated for aircraft rescue and fire fighting equipment. ', 1, 'Regularly Scheduled Inspection Checklist', 0),
(24, 'Lights and Signs Obscured', 7, 'Snow and Ice', '10.i.1. Determine if any lights and signs are obscured by snow or damaged by snow removal operations.', 1, 'Regularly Scheduled Inspection Checklist', 0),
(25, 'NAVAIDS', 7, 'Snow and Ice', '10.i.6. Check to ensure that snow is not accumulated or piled in the critical areas for electronic NAVAIDs.', 1, 'Regularly Scheduled Inspection Checklist', 0),
(26, 'Barricades / Lights', 8, 'Construction', '10.j.2. Check all construction adjacent to movement areas to ensure areas are identified with conspicuous marking and lighting.<br><br> 10.j.3. Determine if construction equipment (such as bulldozers, cranes, etc.) are marked and lighted and parked clear of the safety areas. <br><br> 10.j.4. Ensure construction barricades are properly positioned to define the limits of construction and hazardous areas and, if barricades are lighted, check to ensure lights are working properly and are positioned correctly. <br><br> 10.j.7. Check operation of lighting in areas adjacent to construction daily before the construction crews depart for the day.  In particular, ensure that mandatory instruction signs remain lit with the associated runway lights, even on taxiways that have been closed for construction. <br><br> 10.j.9. Verify that closed taxiways or runways are properly marked and lighted.', 1, 'Regularly Scheduled Inspection Checklist', 0),
(27, 'Stockpiles / Equipment', 8, 'Construction', '10.j.1. Determine if stockpiled material and construction materials are properly stored to keep them from being moved by wind, jet blast, or prop wash, and is not left in safety areas or movement area.', 1, 'Regularly Scheduled Inspection Checklist', 0),
(28, 'Fencing / Gates', 10, 'Public Protection', 'Wisdom: Fence condition must prevent unauthorized people from gaining access to the airport. Look for holes, open gates, orother things wrong with the fence from what is known good condition.', 1, 'Regularly Scheduled Inspection Checklist', 0),
(29, 'Signs', 10, 'Public Protection', 'Wisdom: Signs should be on the fence every 200 feet that explain to people that access to the airport is not authorized, access is a crime, and time will be served for unauthorized access.  Check condition of signs as well.', 1, 'Regularly Scheduled Inspection Checklist', 0),
(30, 'Dead Birds', 11, 'Wildlife Hazards', 'Wisdom: Look for signs of dead birds anywhere within 250 feet of the runway centerline or 76 feet from the edge of a taxiway. These should be considered bird strikes and reported using the bird strike form.', 1, 'Regularly Scheduled Inspection Checklist', 0),
(31, 'Flocks of Birds / Animals', 11, 'Wildlife Hazards', 'Wisdom: Report all flocks of birds or animals with a kill order and report all wildlife actions with the Wildlife Hazard Management Report Form.', 1, 'Regularly Scheduled Inspection Checklist', 0),
(32, 'Equipment / Crew Avilable', 9, 'ARFF', '10.k.1. Check the status of ARFF response, including the availability of equipment, fire fighters and extinguishing agent.  At Part 139 airports, ensure that such ARFF capabilities comply with the FAAapproved Airport Certification Manual and that the airports ARFF Index is still appropriate for air carrier aircraft served. <br><br> 10.k.3. Determine the adequacy of available fire extinguishing agents.<br><br> 10.k.5. Report and monitor any ARFF vehicle, equipment or extinguishing agent that is not available or inoperative; any ARFF personnel that are not available; and any changes to aircraft that may require a change to ARFF capabilities.  At Part 139 airports, notify the FAA if ARFF vehicles is inoperative and cannot be replaced immediately, as specified under § 139.319(g) and issue a NOTAM regarding non-availability of any rescue and firefighting capability, as specified under § 139.339.', 1, 'Regularly Scheduled Inspection Checklist', 0),
(33, 'Communications / Alarm', 9, 'ARFF', '10.k.2. Ensure alarm and emergency notification communication systems are operable. ', 1, 'Regularly Scheduled Inspection Checklist', 0),
(34, 'Obscured', 12, NULL, '10.d.1. Check signs to ensure they are easy to read, in accordance with color standards, retroreflective, and that all lighted signs are working and not obscured by vegetation, dirt, snow, etc. ', 1, NULL, 0),
(35, 'Frangibility', 12, NULL, '10.d.2. Check signs to ensure they are frangibly mounted and concrete bases are properly maintained at grade level. Signs should be teathered to their base by at least one teather. <br>', 1, NULL, 0),
(36, 'Damaged / Missing', 12, NULL, '10.d.3. Check to see that sign panels are not missing or damaged, that they have the correct legend and arrow orientation, and that they are not cracked or broken.<br> ', 1, NULL, 0),
(37, 'Standards', 12, NULL, '10.d.4. During and after construction projects, check new signs for compliance to FAA sign standards and, at Part 139 airports, in accordance with the FAA-approved Sign Plan. <br><br> 10.d.6. Report and monitor any nonstandard sign or any sign that is not functioning, is faded or damaged. At airports certificated under Part 139, issue a NOTAM regarding any malfunctioning holding position sign or ILS critical are sign, as specified under § 139.339.', 1, NULL, 0),
(38, 'Illumination', 12, NULL, '10.d.5. During periods of darkness, check signs to ensure they are properly illuminated.Ensure mandatory instruction signs are illuminated with the associated runway lighting system. Check signs for correct operations, that they are on the correct circuits, they do not flicker and that they follow the intensity setting of the runway or taxiway lights. ', 1, NULL, 0),
(39, 'Approach Lighting', 5, NULL, '10.f.6. Determine if the Approach Lighting systems are functioning properly. ', 1, NULL, 0),
(40, 'Malfunctioning', 5, NULL, '10.f.7. Report and monitor any NAVAID that is malfunctioning, inoperable or misaligned, damaged or missing. ', 1, NULL, 0),
(41, 'Safety', 13, NULL, '10.h.1. Determine if the fueling operator is permitting any unsafe fueling practices or is in violation of local fire code, such as failure to bond aircraft with the mobile fuelers during fueling operations or fueling personnel smoking while fueling aircraft. <br><br> 10.h.3. Report and monitor any unsafe fueling practices and violation of local fire codes.  At Part 139 airports, report any noncompliance with fuel fire safety procedures specified in the FAA-approved Airport Certification Manual.  ', 1, NULL, 0),
(42, 'Signs / Gates', 13, NULL, '10.h.2. Check to ensure that the appropriate signs for the fuel farm are installed and that all gates are locked except when the facility is occupied by an authorized user. ', 1, NULL, 0),
(43, 'Safety', 8, NULL, '10.j.5. Check to ensure that debris and foreign objects are continuously being picked up around construction areas. <br><br> 10.j.6. Check for open trenches in the safety areas or adjacent to movement areas. <br><br> 10.j.8. Check NOTAMs daily during construction projects to ensure they accurately reflect the conditions on the airport. <br><br> 10.j.10. Report and monitor any dangerous condition created by construction activity, including damage to signs, lights, markings and NAVAIDS or equipment and supplies left in movement areas and safety areas.  ', 1, NULL, 0),
(44, 'Rotating Beacon', 5, 'Navigational Aids', '10.f.2. Determine if the airport rotating beacon is visible and working properly.', 3, '', 0),
(45, 'Wind Indicators', 5, 'Navigational Aids', '10.f.1. Determine if the segmented circle is clear of vegetation and that it can be seen easily from the air.<br><br> 10.f.3. Check the wind cone(s) to ensure that it swings freely, the cone fabric is not faded or frayed, and, if lighted, that all lights are operating.', 3, '', 0),
(46, 'REIL / PAPI Systems', 5, 'Navigational Aids', '10.f.4. Determine if the Runway End Lights (RENLs, formerly known as Runway End Identifier Lights) are flashing in proper sequence and mounted on frangible couplings. <br><br> 10.f.5. Check Visual Glide Slope Indicators (VASIs, PLASIs, or PAPIs) to ensure that their lights are working and mounted on frangible couplings. ', 3, '', 0);

-- --------------------------------------------------------

--
-- Table structure for table `tbl_139_327_sub_c_c`
--

CREATE TABLE IF NOT EXISTS `tbl_139_327_sub_c_c` (
  `conditions_checklists_id` int(10) NOT NULL AUTO_INCREMENT,
  `conditions_checklists_condition_cb_int` int(10) DEFAULT NULL,
  `conditions_checklists_condition_cb_txt` varchar(255) DEFAULT NULL,
  `conditions_checklists_inspection_cb_int` int(10) DEFAULT NULL,
  `conditions_checklists_inspection_cb_txt` varchar(50) DEFAULT NULL,
  `conditions_checklist_discrepancy_yn` tinyint(1) NOT NULL DEFAULT '0',
  `conditions_checklist_archived_yn` tinyint(1) NOT NULL DEFAULT '0',
  PRIMARY KEY (`conditions_checklists_id`),
  KEY `conditions_checklists_condition_cb_int` (`conditions_checklists_condition_cb_int`),
  KEY `conditions_checklists_inspection_cb_int` (`conditions_checklists_inspection_cb_int`)
) ENGINE=InnoDB  DEFAULT CHARSET=latin1 AUTO_INCREMENT=1348 ;

--
-- Dumping data for table `tbl_139_327_sub_c_c`
--

INSERT INTO `tbl_139_327_sub_c_c` (`conditions_checklists_id`, `conditions_checklists_condition_cb_int`, `conditions_checklists_condition_cb_txt`, `conditions_checklists_inspection_cb_int`, `conditions_checklists_inspection_cb_txt`, `conditions_checklist_discrepancy_yn`, `conditions_checklist_archived_yn`) VALUES
(1305, 1, NULL, 46, NULL, 0, 0),
(1306, 2, NULL, 46, NULL, 0, 0),
(1307, 3, NULL, 46, NULL, 0, 0),
(1308, 4, NULL, 46, NULL, 0, 0),
(1309, 5, NULL, 46, NULL, 0, 0),
(1310, 6, NULL, 46, NULL, 0, 0),
(1311, 7, NULL, 46, NULL, 0, 0),
(1312, 8, NULL, 46, NULL, 0, 0),
(1313, 9, NULL, 46, NULL, 0, 0),
(1314, 10, NULL, 46, NULL, 0, 0),
(1315, 11, NULL, 46, NULL, 0, 0),
(1316, 12, NULL, 46, NULL, 0, 0),
(1317, 13, NULL, 46, NULL, 0, 0),
(1318, 14, NULL, 46, NULL, 1, 0),
(1319, 15, NULL, 46, NULL, 0, 0),
(1320, 16, NULL, 46, NULL, 1, 0),
(1321, 17, NULL, 46, NULL, 0, 0),
(1322, 18, NULL, 46, NULL, 0, 0),
(1323, 19, NULL, 46, NULL, 0, 0),
(1324, 20, NULL, 46, NULL, 0, 0),
(1325, 21, NULL, 46, NULL, 0, 0),
(1326, 22, NULL, 46, NULL, 0, 0),
(1327, 23, NULL, 46, NULL, 0, 0),
(1328, 24, NULL, 46, NULL, 0, 0),
(1329, 25, NULL, 46, NULL, 0, 0),
(1330, 26, NULL, 46, NULL, 0, 0),
(1331, 27, NULL, 46, NULL, 0, 0),
(1332, 28, NULL, 46, NULL, 0, 0),
(1333, 29, NULL, 46, NULL, 0, 0),
(1334, 30, NULL, 46, NULL, 0, 0),
(1335, 31, NULL, 46, NULL, 0, 0),
(1336, 32, NULL, 46, NULL, 0, 0),
(1337, 33, NULL, 46, NULL, 0, 0),
(1338, 34, NULL, 46, NULL, 0, 0),
(1339, 35, NULL, 46, NULL, 0, 0),
(1340, 36, NULL, 46, NULL, 0, 0),
(1341, 37, NULL, 46, NULL, 0, 0),
(1342, 38, NULL, 46, NULL, 0, 0),
(1343, 39, NULL, 46, NULL, 0, 0),
(1344, 40, NULL, 46, NULL, 0, 0),
(1345, 41, NULL, 46, NULL, 0, 0),
(1346, 42, NULL, 46, NULL, 0, 0),
(1347, 43, NULL, 46, NULL, 0, 0);

-- --------------------------------------------------------

--
-- Table structure for table `tbl_139_327_sub_c_c_tmp`
--

CREATE TABLE IF NOT EXISTS `tbl_139_327_sub_c_c_tmp` (
  `conditions_checklists_id` int(10) NOT NULL AUTO_INCREMENT,
  `conditions_checklists_condition_cb_int` int(10) DEFAULT NULL,
  `conditions_checklists_condition_cb_txt` varchar(255) DEFAULT NULL,
  `conditions_checklists_inspection_cb_int` int(10) DEFAULT NULL,
  `conditions_checklists_inspection_cb_txt` varchar(50) DEFAULT NULL,
  `conditions_checklist_discrepancy_yn` tinyint(1) NOT NULL DEFAULT '0',
  `conditions_checklist_archived_yn` tinyint(1) NOT NULL DEFAULT '0',
  PRIMARY KEY (`conditions_checklists_id`),
  KEY `conditions_checklists_condition_cb_int` (`conditions_checklists_condition_cb_int`),
  KEY `conditions_checklists_inspection_cb_int` (`conditions_checklists_inspection_cb_int`)
) ENGINE=InnoDB DEFAULT CHARSET=latin1 AUTO_INCREMENT=1 ;

-- --------------------------------------------------------

--
-- Table structure for table `tbl_139_327_sub_c_f`
--

CREATE TABLE IF NOT EXISTS `tbl_139_327_sub_c_f` (
  `facility_id` int(10) NOT NULL AUTO_INCREMENT,
  `facility_name` varchar(50) DEFAULT NULL,
  `facility_description` longtext NOT NULL,
  `facility_archived_yn` tinyint(1) NOT NULL DEFAULT '0',
  PRIMARY KEY (`facility_id`)
) ENGINE=InnoDB  DEFAULT CHARSET=latin1 AUTO_INCREMENT=14 ;

--
-- Dumping data for table `tbl_139_327_sub_c_f`
--

INSERT INTO `tbl_139_327_sub_c_f` (`facility_id`, `facility_name`, `facility_description`, `facility_archived_yn`) VALUES
(1, 'Pavement Areas', '10.a. The condition of pavement surfaces is an important part of airport safety. Pavement inspection should be conducted daily before flight operations commence to ensure pavement surfaces are clear.  As a minimum, a daily inspection should be performed of all paved areas that are the responsibility of the airport operator or as specified in the FAA-approved Airport Certification Manual.During the pavement inspection, the inspector should:', 0),
(2, 'Safety Areas', '10.b. The inspector should know the dimensions of the runway and taxiway safety areas at the airport.  At airports certificated under Part 139, the dimensions of the safety areas should be documented in the airport certification manual.  During the safety area inspection, the inspector should: ', 0),
(3, 'Markings', '10.c. Airport markings provide important information to pilots during takeoff, landing, and taxiing.  To avoid confusion and disorientation, airport markings should be in compliance with FAA marking standards specified in AC 150/5340-1, Standards for Airport Markings. (Compliance with these standards is mandatory for operators of airports certificated under Part 139 and for airport operators that have accepted Federal funds for runway and taxiway construction/rehabilitation.)  The inspector should know the appropriate markings required at the airport.  During the marking inspection, the inspector should:', 0),
(4, 'Lighting', '10.e. At night and during periods of low visibility, lighting is important for safe airport operations. Lights come in different shapes, sizes, colors, and configurations and can be located either in the pavement or along its edges. Inspection of lighting is best accomplished during periods of darkness in order to evaluate lighting systems when they provide the primary visual aid for pilots. The inspection should concentrate on the lighting owned by the airport operator. However, the inspector should observe any lighting owned or operated by others and report any observed problems immediately to the appropriate responsible owner. During the lighting inspection, the inspector should:', 0),
(5, 'Navigational Aids', '10.f. The inspection of NAVAIDs should concentrate on the visual navigational aids owned by the airport operator.  However, the inspector should observe any navigational aids owned or operated by others, such as the FAA, and report any observed problems immediately to the NAVAID owner.  During the inspection of NAVAIDs, the inspector should:', 0),
(6, 'Obstructions', 'The inspection of obstructions should concentrate on a visual check of construction underway on or near the airport that could affect aircraft operations. This also includes checking for any vegetation, especially, trees, that may penetrate the Part 77 surfaces.  During the inspection of obstructions, the inspector should:', 0),
(7, 'Snow and Ice', 'The inspector should be familiar with the airports snow and ice removal procedures and guidance provided in AC 150/5200-30, Airport Winter Safety and Operations. At Part 139 certificated airports, the inspector should be familiar with the airports FAA-approved Snow and Ice Control Plan.  During the snow and ice control inspection, the inspector should:', 0),
(8, 'Construction', '10.j. The inspector should be familiar with the airports construction safety procedures and guidance provided in AC 150/5370-2, Operational Safety on Airports During Construction.  At Part 139 certificated airports, the inspector should be familiar with the airports FAA-approved Construction Safety Plan. During the construction inspection, the inspector should:   ', 0),
(9, 'ARFF', '10.k. During the inspection of aircraft rescue and fire fighting (ARFF) capabilities, the inspector should: ', 0),
(10, 'Public Protection', '10.l. During the public protection inspection, check gates, fencing, locks, and other safeguards are in place and functioning properly to prevent inadvertent entry to movement areas by unauthorized persons and vehicles and offer protection from jet blast.  Report and monitor any safeguards that are damaged or missing.  In accordance with the airport’s security plan, report unauthorized persons or vehicles in the movement area (airports regulated by the Transportation Security Administration may have additional requirements for reporting and responding to unauthorized persons and vehicles).', 0),
(11, 'Wildlife Hazards', '10.m. During the wildlife hazard inspection, the inspector should check for evidence of birds or animals on the runways, taxiways, aprons, and ramps or other signs that wildlife problems may have developed - such as large flocks of birds on or adjacent to the airport.  Wildlife hazards found during the daily self-inspection should be properly documented.  All dead wildlife found and all wildlife aircraft strikes should be reported to the FAA on the FAA Form 5200-7, Bird/Other Wildlife Strike Report.  This form may be obtained from the FAA Internet site, at www.faa.gov.  Additionally, the inspector should check fencing and gates for wildlife accessibility and should ensure that wildlife control equipment is available and operational. ', 0),
(12, 'Signs', 'Signs provide important information to pilots while taxiing.  To avoid pilot confusion and disorientation, airport signs should be in accordance with FAA sign standards specified in AC 150/5340-18, Standards for Airport Sign Systems. (Compliance with these standards is mandatory for operators of airports certificated under Part 139 and for airport operators that have accepted Federal funds for runwayand taxiway construction/rehabilitation.)  The inspector should know the appropriate sign standards and specifications at the airport and at a Part 139 certificated airport, ensure signs comply with the FAAapproved Sign Plan.   ', 0),
(13, 'Fueling Operations', '10.h. The daily inspection on aircraft fueling operations should concentrate on a quick inspection for the most common problems concerning compliance with local fire safety codes at fuel storage areas and with mobile fuelers. The inspection should also include security, fire protection, general housekeeping, and fuel dispensing facilities and procedures.  A more detailed fueling operation inspection should be scheduled quarterly (see Quarterly Fueling Operations under Periodic Condition Inspection).  During the daily inspection of aircraft fueling operations, the inspector should:', 0);

-- --------------------------------------------------------

--
-- Table structure for table `tbl_139_327_sub_c_link_e_t`
--

CREATE TABLE IF NOT EXISTS `tbl_139_327_sub_c_link_e_t` (
  `139327_link_ef_id` int(11) NOT NULL AUTO_INCREMENT COMMENT 'ID of this Relationship',
  `139327_link_ef_name` text NOT NULL COMMENT 'Name of this Relationship',
  `139327_link_ef_c_id` int(11) NOT NULL COMMENT 'ID of the Condition',
  `139327_link_ef_e_t_id` int(11) NOT NULL COMMENT 'ID of the Equipment Type to relate',
  `139327_link_ef_hidden_yn` int(11) NOT NULL DEFAULT '0' COMMENT '0: Show | 1: Hide',
  PRIMARY KEY (`139327_link_ef_id`),
  KEY `139327_link_ef_e_t_id` (`139327_link_ef_e_t_id`),
  KEY `139327_link_ef_c_id` (`139327_link_ef_c_id`)
) ENGINE=InnoDB  DEFAULT CHARSET=latin1 COMMENT='Link Equipment Sub Types to 327 Conditions' AUTO_INCREMENT=129 ;

--
-- Dumping data for table `tbl_139_327_sub_c_link_e_t`
--

INSERT INTO `tbl_139_327_sub_c_link_e_t` (`139327_link_ef_id`, `139327_link_ef_name`, `139327_link_ef_c_id`, `139327_link_ef_e_t_id`, `139327_link_ef_hidden_yn`) VALUES
(1, 'Condition ID:13 / Equipment Type ID:13', 13, 13, 0),
(2, 'Condition ID:13 / Equipment Type ID:15', 13, 15, 0),
(3, 'Condition ID:13 / Equipment Type ID:16', 13, 16, 0),
(4, 'Condition ID:13 / Equipment Type ID:17', 13, 17, 0),
(5, 'Condition ID:13 / Equipment Type ID:18', 13, 18, 0),
(6, 'Condition ID:13 / Equipment Type ID:19', 13, 19, 0),
(7, 'Condition ID:13 / Equipment Type ID:20', 13, 20, 0),
(8, 'Condition ID:13 / Equipment Type ID:21', 13, 21, 0),
(9, 'Condition ID:13 / Equipment Type ID:22', 13, 22, 0),
(10, 'Condition ID:13 / Equipment Type ID:23', 13, 23, 0),
(11, 'Condition ID:13 / Equipment Type ID:24', 13, 24, 0),
(12, 'Condition ID:13 / Equipment Type ID:25', 13, 25, 0),
(13, 'Condition ID:13 / Equipment Type ID:26', 13, 26, 0),
(14, 'Condition ID:13 / Equipment Type ID:27', 13, 27, 0),
(15, 'Condition ID:13 / Equipment Type ID:28', 13, 28, 0),
(16, 'Condition ID:13 / Equipment Type ID:29', 13, 29, 0),
(17, 'Condition ID:13 / Equipment Type ID:30', 13, 30, 0),
(18, 'Condition ID:14 / Equipment Type ID:13', 14, 13, 0),
(19, 'Condition ID:14 / Equipment Type ID:15', 14, 15, 0),
(20, 'Condition ID:14 / Equipment Type ID:16', 14, 16, 0),
(21, 'Condition ID:14 / Equipment Type ID:17', 14, 17, 0),
(22, 'Condition ID:14 / Equipment Type ID:18', 14, 18, 0),
(23, 'Condition ID:14 / Equipment Type ID:19', 14, 19, 0),
(24, 'Condition ID:14 / Equipment Type ID:20', 14, 20, 0),
(25, 'Condition ID:14 / Equipment Type ID:21', 14, 21, 0),
(26, 'Condition ID:14 / Equipment Type ID:22', 14, 22, 0),
(27, 'Condition ID:14 / Equipment Type ID:23', 14, 23, 0),
(28, 'Condition ID:14 / Equipment Type ID:24', 14, 24, 0),
(29, 'Condition ID:14 / Equipment Type ID:25', 14, 25, 0),
(30, 'Condition ID:14 / Equipment Type ID:26', 14, 26, 0),
(31, 'Condition ID:14 / Equipment Type ID:27', 14, 27, 0),
(32, 'Condition ID:14 / Equipment Type ID:28', 14, 28, 0),
(33, 'Condition ID:14 / Equipment Type ID:29', 14, 29, 0),
(34, 'Condition ID:14 / Equipment Type ID:30', 14, 30, 0),
(35, 'Condition ID:15 / Equipment Type ID:13', 15, 13, 0),
(36, 'Condition ID:15 / Equipment Type ID:15', 15, 15, 0),
(37, 'Condition ID:15 / Equipment Type ID:16', 15, 16, 0),
(38, 'Condition ID:15 / Equipment Type ID:17', 15, 17, 0),
(39, 'Condition ID:15 / Equipment Type ID:18', 15, 18, 0),
(40, 'Condition ID:15 / Equipment Type ID:19', 15, 19, 0),
(41, 'Condition ID:15 / Equipment Type ID:20', 15, 20, 0),
(42, 'Condition ID:15 / Equipment Type ID:21', 15, 21, 0),
(43, 'Condition ID:15 / Equipment Type ID:22', 15, 22, 0),
(44, 'Condition ID:15 / Equipment Type ID:23', 15, 23, 0),
(45, 'Condition ID:15 / Equipment Type ID:24', 15, 24, 0),
(46, 'Condition ID:15 / Equipment Type ID:25', 15, 25, 0),
(47, 'Condition ID:15 / Equipment Type ID:26', 15, 26, 0),
(48, 'Condition ID:15 / Equipment Type ID:27', 15, 27, 0),
(49, 'Condition ID:15 / Equipment Type ID:28', 15, 28, 0),
(50, 'Condition ID:15 / Equipment Type ID:29', 15, 29, 0),
(51, 'Condition ID:15 / Equipment Type ID:30', 15, 30, 0),
(52, 'Condition ID:16 / Equipment Type ID:13', 16, 13, 0),
(53, 'Condition ID:16 / Equipment Type ID:15', 16, 15, 0),
(54, 'Condition ID:16 / Equipment Type ID:16', 16, 16, 0),
(55, 'Condition ID:16 / Equipment Type ID:17', 16, 17, 0),
(56, 'Condition ID:16 / Equipment Type ID:18', 16, 18, 0),
(57, 'Condition ID:16 / Equipment Type ID:19', 16, 19, 0),
(58, 'Condition ID:16 / Equipment Type ID:20', 16, 20, 0),
(59, 'Condition ID:16 / Equipment Type ID:21', 16, 21, 0),
(60, 'Condition ID:16 / Equipment Type ID:22', 16, 22, 0),
(61, 'Condition ID:16 / Equipment Type ID:23', 16, 23, 0),
(62, 'Condition ID:16 / Equipment Type ID:24', 16, 24, 0),
(63, 'Condition ID:16 / Equipment Type ID:25', 16, 25, 0),
(64, 'Condition ID:16 / Equipment Type ID:26', 16, 26, 0),
(65, 'Condition ID:16 / Equipment Type ID:27', 16, 27, 0),
(66, 'Condition ID:16 / Equipment Type ID:28', 16, 28, 0),
(67, 'Condition ID:16 / Equipment Type ID:29', 16, 29, 0),
(68, 'Condition ID:16 / Equipment Type ID:30', 16, 30, 0),
(69, 'Condition ID:17 / Equipment Type ID:36', 17, 36, 0),
(70, 'Condition ID:18 / Equipment Type ID:31', 18, 31, 0),
(71, 'Condition ID:19 / Equipment Type ID:20', 19, 20, 0),
(72, 'Condition ID:19 / Equipment Type ID:21', 19, 21, 0),
(73, 'Condition ID:19 / Equipment Type ID:37', 19, 37, 0),
(74, 'Condition ID:19 / Equipment Type ID:38', 19, 38, 0),
(75, 'Condition ID:20 / Equipment Type ID:32', 20, 32, 0),
(76, 'Condition ID:21 / Equipment Type ID:32', 21, 32, 0),
(77, 'Condition ID:24 / Equipment Type ID:35', 24, 35, 0),
(78, 'Condition ID:24 / Equipment Type ID:33', 24, 33, 0),
(79, 'Condition ID:24 / Equipment Type ID:34', 24, 34, 0),
(80, 'Condition ID:24 / Equipment Type ID:13', 24, 13, 0),
(81, 'Condition ID:24 / Equipment Type ID:15', 24, 15, 0),
(82, 'Condition ID:24 / Equipment Type ID:37', 24, 37, 0),
(83, 'Condition ID:24 / Equipment Type ID:20', 24, 20, 0),
(84, 'Condition ID:24 / Equipment Type ID:16', 24, 16, 0),
(85, 'Condition ID:24 / Equipment Type ID:17', 24, 17, 0),
(86, 'Condition ID:24 / Equipment Type ID:18', 24, 18, 0),
(87, 'Condition ID:24 / Equipment Type ID:38', 24, 38, 0),
(88, 'Condition ID:24 / Equipment Type ID:21', 24, 21, 0),
(89, 'Condition ID:24 / Equipment Type ID:19', 24, 19, 0),
(90, 'Condition ID:24 / Equipment Type ID:41', 24, 41, 0),
(91, 'Condition ID:24 / Equipment Type ID:40', 24, 40, 0),
(92, 'Condition ID:24 / Equipment Type ID:22', 24, 22, 0),
(93, 'Condition ID:24 / Equipment Type ID:23', 24, 23, 0),
(94, 'Condition ID:24 / Equipment Type ID:24', 24, 24, 0),
(95, 'Condition ID:24 / Equipment Type ID:25', 24, 25, 0),
(96, 'Condition ID:24 / Equipment Type ID:26', 24, 26, 0),
(97, 'Condition ID:24 / Equipment Type ID:27', 24, 27, 0),
(98, 'Condition ID:24 / Equipment Type ID:28', 24, 28, 0),
(99, 'Condition ID:24 / Equipment Type ID:29', 24, 29, 0),
(100, 'Condition ID:24 / Equipment Type ID:30', 24, 30, 0),
(101, 'Condition ID:25 / Equipment Type ID:20', 25, 20, 0),
(102, 'Condition ID:25 / Equipment Type ID:21', 25, 21, 0),
(103, 'Condition ID:25 / Equipment Type ID:28', 25, 28, 0),
(104, 'Condition ID:25 / Equipment Type ID:31', 25, 31, 0),
(105, 'Condition ID:25 / Equipment Type ID:36', 25, 36, 0),
(106, 'Condition ID:25 / Equipment Type ID:33', 25, 33, 0),
(107, 'Condition ID:25 / Equipment Type ID:34', 25, 34, 0),
(108, 'Condition ID:25 / Equipment Type ID:35', 25, 35, 0),
(109, 'Condition ID:34 / Equipment Type ID:40', 34, 40, 0),
(110, 'Condition ID:34 / Equipment Type ID:41', 34, 41, 0),
(111, 'Condition ID:35 / Equipment Type ID:40', 35, 40, 0),
(112, 'Condition ID:35 / Equipment Type ID:41', 35, 41, 0),
(113, 'Condition ID:36 / Equipment Type ID:40', 36, 40, 0),
(114, 'Condition ID:36 / Equipment Type ID:41', 36, 41, 0),
(115, 'Condition ID:37 / Equipment Type ID:40', 37, 40, 0),
(116, 'Condition ID:37 / Equipment Type ID:41', 37, 41, 0),
(117, 'Condition ID:38 / Equipment Type ID:40', 38, 40, 0),
(118, 'Condition ID:38 / Equipment Type ID:41', 38, 41, 0),
(119, 'Condition ID:39 / Equipment Type ID:33', 39, 33, 0),
(120, 'Condition ID:39 / Equipment Type ID:34', 39, 34, 0),
(121, 'Condition ID:39 / Equipment Type ID:35', 39, 35, 0),
(122, 'Condition ID:40 / Equipment Type ID:20', 40, 20, 0),
(123, 'Condition ID:40 / Equipment Type ID:21', 40, 21, 0),
(124, 'Condition ID:40 / Equipment Type ID:31', 40, 31, 0),
(125, 'Condition ID:40 / Equipment Type ID:33', 40, 33, 0),
(126, 'Condition ID:40 / Equipment Type ID:34', 40, 34, 0),
(127, 'Condition ID:40 / Equipment Type ID:35', 40, 35, 0),
(128, 'Condition ID:40 / Equipment Type ID:36', 40, 36, 0);

-- --------------------------------------------------------

--
-- Table structure for table `tbl_139_327_sub_c_link_p_t`
--

CREATE TABLE IF NOT EXISTS `tbl_139_327_sub_c_link_p_t` (
  `139327_link_pf_id` int(11) NOT NULL AUTO_INCREMENT COMMENT 'ID of this Relationship',
  `139327_link_pf_name` text NOT NULL COMMENT 'Name of this Relationship',
  `139327_link_pf_c_id` int(11) NOT NULL COMMENT 'ID of the Condition',
  `139327_link_pf_e_t_id` int(11) NOT NULL COMMENT 'ID of the Equipment Type to relate',
  `139327_link_pf_hidden_yn` int(11) NOT NULL DEFAULT '0' COMMENT '0: Show | 1: Hide',
  PRIMARY KEY (`139327_link_pf_id`),
  KEY `139327_link_ef_e_t_id` (`139327_link_pf_e_t_id`),
  KEY `139327_link_ef_c_id` (`139327_link_pf_c_id`)
) ENGINE=InnoDB DEFAULT CHARSET=latin1 COMMENT='CURRENTLY NOT USED' AUTO_INCREMENT=1 ;

-- --------------------------------------------------------

--
-- Table structure for table `tbl_139_327_sub_d`
--

CREATE TABLE IF NOT EXISTS `tbl_139_327_sub_d` (
  `Discrepancy_id` int(10) NOT NULL AUTO_INCREMENT,
  `discrepancy_checklist_id` int(10) DEFAULT NULL,
  `Discrepancy_inspection_id` int(10) DEFAULT NULL,
  `Discrepancy_equipment_id` int(11) NOT NULL COMMENT 'ID of the equipment ID referenced',
  `Discrepancy_by_cb_int` int(10) DEFAULT NULL,
  `discrepancy_by_cb_text` varchar(255) DEFAULT NULL,
  `Discrepancy_name` varchar(100) DEFAULT NULL,
  `discrepancy_remarks` longtext,
  `Discrepancy_date` date DEFAULT NULL,
  `Discrepancy_time` time DEFAULT NULL,
  `discrepancy_timestamp` timestamp NULL DEFAULT CURRENT_TIMESTAMP,
  `Discrepancy_location_x` int(10) DEFAULT NULL,
  `Discrepancy_location_y` int(10) DEFAULT NULL,
  `discrepancy_priority` varchar(50) DEFAULT NULL,
  `discrepancy_quadrent` int(10) DEFAULT NULL,
  `discrepancy_enteredonpda` tinyint(1) NOT NULL DEFAULT '0',
  `discrepancy_madebynavaid` int(1) NOT NULL DEFAULT '0',
  `discrepancy_photo` longblob,
  `discrepancy_sketch` longblob,
  `discrepancy_signature` longblob,
  PRIMARY KEY (`Discrepancy_id`),
  KEY `discrepancy_checklist_id` (`discrepancy_checklist_id`),
  KEY `Discrepancy_inspection_id` (`Discrepancy_inspection_id`),
  KEY `Discrepancy_by_cb_int` (`Discrepancy_by_cb_int`),
  KEY `Discrepancy_equipment_id` (`Discrepancy_equipment_id`)
) ENGINE=InnoDB  DEFAULT CHARSET=latin1 AUTO_INCREMENT=64 ;

--
-- Dumping data for table `tbl_139_327_sub_d`
--

INSERT INTO `tbl_139_327_sub_d` (`Discrepancy_id`, `discrepancy_checklist_id`, `Discrepancy_inspection_id`, `Discrepancy_equipment_id`, `Discrepancy_by_cb_int`, `discrepancy_by_cb_text`, `Discrepancy_name`, `discrepancy_remarks`, `Discrepancy_date`, `Discrepancy_time`, `discrepancy_timestamp`, `Discrepancy_location_x`, `Discrepancy_location_y`, `discrepancy_priority`, `discrepancy_quadrent`, `discrepancy_enteredonpda`, `discrepancy_madebynavaid`, `discrepancy_photo`, `discrepancy_sketch`, `discrepancy_signature`) VALUES
(62, 14, 46, 9111, 1, NULL, 'Light is gone', 'A(n) Damaged / Missing Lighting has been found ', '2013-08-09', '12:36:47', '2013-08-09 17:37:01', 715, 620, '1', NULL, 0, 0, NULL, NULL, NULL),
(63, 16, 46, 0, 1, NULL, 'Seems to be misaligned', 'A(n) Faulty Aim / Adjustment Lighting has been found ', '2013-08-09', '12:37:15', '2013-08-09 17:37:37', 713, 589, '1', NULL, 0, 0, NULL, NULL, NULL);

-- --------------------------------------------------------

--
-- Table structure for table `tbl_139_327_sub_d_a`
--

CREATE TABLE IF NOT EXISTS `tbl_139_327_sub_d_a` (
  `discrepancy_archeived_id` int(10) NOT NULL AUTO_INCREMENT,
  `discrepancy_archeived_inspection_id` int(10) DEFAULT NULL,
  `discrepancy_archieved_by_cb_int` int(10) DEFAULT NULL,
  `discrepancy_archieved_by_cb_txt` varchar(255) DEFAULT NULL,
  `discrepancy_archieved_reason` longtext,
  `discrepancy_archieved_date` date DEFAULT NULL,
  `discrepancy_archieved_time` time DEFAULT NULL,
  `discrepancy_archieved_yn` tinyint(1) NOT NULL,
  `discrepancy_archieved_timestamp` timestamp NULL DEFAULT CURRENT_TIMESTAMP,
  `discrepancy_archieved_signature` longblob,
  PRIMARY KEY (`discrepancy_archeived_id`),
  KEY `discrepancy_id` (`discrepancy_archeived_inspection_id`),
  KEY `discrepancy_archieved_by_cb_int` (`discrepancy_archieved_by_cb_int`)
) ENGINE=InnoDB DEFAULT CHARSET=latin1 AUTO_INCREMENT=1 ;

-- --------------------------------------------------------

--
-- Table structure for table `tbl_139_327_sub_d_b`
--

CREATE TABLE IF NOT EXISTS `tbl_139_327_sub_d_b` (
  `discrepancy_bounced_id` int(50) NOT NULL AUTO_INCREMENT,
  `discrepancy_bounced_inspection_id` int(10) DEFAULT NULL,
  `discrepancy_bounced_by_cb_int` int(10) DEFAULT NULL,
  `discrepancy_bounced_by_cb_txt` varchar(255) DEFAULT NULL,
  `discrepancy_bounced_comments` longtext,
  `discrepancy_bounced_date` date DEFAULT NULL,
  `discrepancy_bounced_time` time DEFAULT NULL,
  `discrepancy_bounced_yn` tinyint(1) NOT NULL,
  `discrepancy_bounced_timestamp` timestamp NULL DEFAULT CURRENT_TIMESTAMP,
  `discrepancy_bounced_signature` longblob,
  `discrepancy_bounced_archived_yn` tinyint(1) NOT NULL DEFAULT '0',
  PRIMARY KEY (`discrepancy_bounced_id`),
  KEY `discrepancy_id` (`discrepancy_bounced_inspection_id`),
  KEY `discrepancy_bounced_by_cb_int` (`discrepancy_bounced_by_cb_int`)
) ENGINE=InnoDB DEFAULT CHARSET=latin1 AUTO_INCREMENT=1 ;

-- --------------------------------------------------------

--
-- Table structure for table `tbl_139_327_sub_d_c`
--

CREATE TABLE IF NOT EXISTS `tbl_139_327_sub_d_c` (
  `discrepancy_closed_id` int(10) NOT NULL AUTO_INCREMENT,
  `discrepancy_closed_inspection_id` int(10) DEFAULT NULL,
  `discrepancy_closed_by_cb_int` int(10) DEFAULT NULL,
  `discrepancy_closed_by_cb_txt` varchar(255) DEFAULT NULL,
  `discrepancy_closed_reason` longtext,
  `discrepancy_closed_date` date DEFAULT NULL,
  `discrepancy_closed_time` time DEFAULT NULL,
  `discrepancy_closed_yn` tinyint(1) NOT NULL,
  `discrepancy_closed_timestamp` timestamp NULL DEFAULT CURRENT_TIMESTAMP,
  `discrepancy_closed_signature` longblob,
  PRIMARY KEY (`discrepancy_closed_id`),
  KEY `discrepancy_closed_by_cb_int` (`discrepancy_closed_by_cb_int`),
  KEY `discrepancy_closed_inspection_id` (`discrepancy_closed_inspection_id`)
) ENGINE=InnoDB DEFAULT CHARSET=latin1 AUTO_INCREMENT=1 ;

-- --------------------------------------------------------

--
-- Table structure for table `tbl_139_327_sub_d_d`
--

CREATE TABLE IF NOT EXISTS `tbl_139_327_sub_d_d` (
  `discrepancy_duplicate_id` int(10) NOT NULL AUTO_INCREMENT,
  `discrepancy_duplicate_inspection_id` int(10) DEFAULT NULL,
  `discrepancy_duplicate_by_cb_int` int(10) DEFAULT NULL,
  `discrepancy_duplicate_by_cb_txt` varchar(255) DEFAULT NULL,
  `discrepancy_duplicate_reason` longtext,
  `discrepancy_duplicate_number` int(10) DEFAULT NULL,
  `discrepancy_duplicate_date` date DEFAULT NULL,
  `discrepancy_duplicate_time` time DEFAULT NULL,
  `discrepancy_duplicate_yn` tinyint(1) NOT NULL,
  `discrepancy_duplicate_timestamp` timestamp NULL DEFAULT CURRENT_TIMESTAMP,
  `discrepancy_duplicate_signature` longblob,
  PRIMARY KEY (`discrepancy_duplicate_id`),
  KEY `discrepancy_id` (`discrepancy_duplicate_inspection_id`),
  KEY `discrepancy_duplicate_by_cb_int` (`discrepancy_duplicate_by_cb_int`)
) ENGINE=InnoDB DEFAULT CHARSET=latin1 AUTO_INCREMENT=1 ;

-- --------------------------------------------------------

--
-- Table structure for table `tbl_139_327_sub_d_e`
--

CREATE TABLE IF NOT EXISTS `tbl_139_327_sub_d_e` (
  `discrepancy_error_id` int(10) NOT NULL AUTO_INCREMENT,
  `discrepancy_error_inspection_id` int(10) DEFAULT NULL,
  `discrepancy_error_by_cb_int` int(10) DEFAULT NULL,
  `discrepancy_error_by_cb_txt` varchar(255) DEFAULT NULL,
  `discrepancy_error_reason` longtext,
  `discrepancy_error_date` date DEFAULT NULL,
  `discrepancy_error_time` time DEFAULT NULL,
  `discrepancy_error_yn` tinyint(1) NOT NULL,
  `discrepancy_error_timestamp` timestamp NULL DEFAULT CURRENT_TIMESTAMP,
  `discrepancy_error_signature` longblob,
  PRIMARY KEY (`discrepancy_error_id`),
  KEY `discrepancy_id` (`discrepancy_error_inspection_id`),
  KEY `discrepancy_archieved_by_cb_int` (`discrepancy_error_by_cb_int`)
) ENGINE=InnoDB DEFAULT CHARSET=latin1 AUTO_INCREMENT=1 ;

-- --------------------------------------------------------

--
-- Table structure for table `tbl_139_327_sub_d_o`
--

CREATE TABLE IF NOT EXISTS `tbl_139_327_sub_d_o` (
  `disown_id` int(11) NOT NULL AUTO_INCREMENT,
  `disinspection_id` int(11) NOT NULL,
  `disdis_id` int(11) NOT NULL,
  `dishidden_yn` int(1) NOT NULL DEFAULT '0',
  PRIMARY KEY (`disown_id`),
  KEY `disinspection_id` (`disinspection_id`,`disdis_id`),
  KEY `disdis_id` (`disdis_id`)
) ENGINE=InnoDB DEFAULT CHARSET=latin1 COMMENT='Discrepancies Also Owned by Inspection' AUTO_INCREMENT=1 ;

-- --------------------------------------------------------

--
-- Table structure for table `tbl_139_327_sub_d_r`
--

CREATE TABLE IF NOT EXISTS `tbl_139_327_sub_d_r` (
  `discrepancy_repaired_id` int(10) NOT NULL AUTO_INCREMENT,
  `discrepancy_repaired_inspection_id` int(10) DEFAULT NULL,
  `discrepancy_repaired_by_cb_int` int(10) DEFAULT NULL,
  `discrepancy_repaired_by_cb_txt` varchar(255) DEFAULT NULL,
  `discrepancy_repaired_comments` longtext,
  `discrepancy_repaired_date` date DEFAULT NULL,
  `discrepancy_repaired_time` time DEFAULT NULL,
  `discrepancy_repaired_yn` tinyint(1) NOT NULL,
  `discrepancy_repaired_timestamp` timestamp NULL DEFAULT CURRENT_TIMESTAMP,
  `discrepancy_repaired_signature` longblob,
  `discrepancy_repaired_archived_yn` tinyint(1) NOT NULL DEFAULT '0',
  PRIMARY KEY (`discrepancy_repaired_id`),
  KEY `discrepancy_id` (`discrepancy_repaired_inspection_id`),
  KEY `discrepancy_repaired_by_cb_int` (`discrepancy_repaired_by_cb_int`)
) ENGINE=InnoDB DEFAULT CHARSET=latin1 AUTO_INCREMENT=1 ;

-- --------------------------------------------------------

--
-- Table structure for table `tbl_139_327_sub_d_r_tmp`
--

CREATE TABLE IF NOT EXISTS `tbl_139_327_sub_d_r_tmp` (
  `discrepancy_repaired_id` int(10) NOT NULL AUTO_INCREMENT,
  `discrepancy_repaired_inspection_id` int(10) DEFAULT NULL,
  `discrepancy_repaired_by_cb_int` int(10) DEFAULT NULL,
  `discrepancy_repaired_by_cb_txt` varchar(255) DEFAULT NULL,
  `discrepancy_repaired_comments` longtext,
  `discrepancy_repaired_date` date DEFAULT NULL,
  `discrepancy_repaired_time` time DEFAULT NULL,
  `discrepancy_repaired_yn` tinyint(1) NOT NULL,
  `discrepancy_repaired_timestamp` timestamp NULL DEFAULT CURRENT_TIMESTAMP,
  `discrepancy_repaired_signature` longblob,
  `discrepancy_repaired_archived_yn` tinyint(1) NOT NULL DEFAULT '0',
  PRIMARY KEY (`discrepancy_repaired_id`),
  KEY `discrepancy_id` (`discrepancy_repaired_inspection_id`),
  KEY `discrepancy_repaired_by_cb_int` (`discrepancy_repaired_by_cb_int`)
) ENGINE=InnoDB DEFAULT CHARSET=latin1 AUTO_INCREMENT=1 ;

-- --------------------------------------------------------

--
-- Table structure for table `tbl_139_327_sub_d_tmp`
--

CREATE TABLE IF NOT EXISTS `tbl_139_327_sub_d_tmp` (
  `Discrepancy_id` int(10) NOT NULL AUTO_INCREMENT,
  `discrepancy_checklist_id` int(10) DEFAULT NULL,
  `Discrepancy_inspection_id` int(10) DEFAULT NULL,
  `Discrepancy_equipment_id` int(11) NOT NULL,
  `Discrepancy_by_cb_int` int(10) DEFAULT NULL,
  `discrepancy_by_cb_text` varchar(255) DEFAULT NULL,
  `Discrepancy_name` varchar(100) DEFAULT NULL,
  `discrepancy_remarks` longtext,
  `Discrepancy_date` date DEFAULT NULL,
  `Discrepancy_time` time DEFAULT NULL,
  `discrepancy_timestamp` timestamp NULL DEFAULT CURRENT_TIMESTAMP,
  `Discrepancy_location_x` int(10) DEFAULT NULL,
  `Discrepancy_location_y` int(10) DEFAULT NULL,
  `discrepancy_priority` varchar(50) DEFAULT NULL,
  `discrepancy_quadrent` int(10) DEFAULT NULL,
  `discrepancy_enteredonpda` tinyint(1) NOT NULL DEFAULT '0',
  `discrepancy_madebynavaid` int(1) NOT NULL DEFAULT '0',
  `discrepancy_photo` longblob,
  `discrepancy_sketch` longblob,
  `discrepancy_signature` longblob,
  PRIMARY KEY (`Discrepancy_id`),
  KEY `discrepancy_checklist_id` (`discrepancy_checklist_id`),
  KEY `Discrepancy_inspection_id` (`Discrepancy_inspection_id`),
  KEY `Discrepancy_by_cb_int` (`Discrepancy_by_cb_int`)
) ENGINE=InnoDB DEFAULT CHARSET=latin1 AUTO_INCREMENT=1 ;

-- --------------------------------------------------------

--
-- Table structure for table `tbl_139_327_sub_t`
--

CREATE TABLE IF NOT EXISTS `tbl_139_327_sub_t` (
  `inspection_type_id` int(10) NOT NULL AUTO_INCREMENT,
  `inspection_type` varchar(200) DEFAULT NULL,
  `inspection_description` longtext NOT NULL,
  `inspection_type_short_name` varchar(50) DEFAULT NULL,
  `inspection_type_archived_yn` tinyint(1) NOT NULL DEFAULT '0',
  PRIMARY KEY (`inspection_type_id`)
) ENGINE=InnoDB  DEFAULT CHARSET=latin1 AUTO_INCREMENT=6 ;

--
-- Dumping data for table `tbl_139_327_sub_t`
--

INSERT INTO `tbl_139_327_sub_t` (`inspection_type_id`, `inspection_type`, `inspection_description`, `inspection_type_short_name`, `inspection_type_archived_yn`) VALUES
(1, 'Regularly Scheduled Inspection Checklist', 'The regularly scheduled inspection consists of specific observations of airport physical facilities on at least a daily basis.  This inspection should concentrate on the areas described in this section, which are also included in Appendix 1.  If deficiencies exist, the inspector should indicate the deficient item and identify its location on a airport sketch, providing dimensions and depths, as necessary.  If appropriate, the inspector should take photographs to document the condition. ', 'RSI CL', 0),
(2, 'Continious Survellance of Airport Activites Checklist', 'Continuous surveillance inspection consists of general observation of activities for compliance with regulations, procedures, etc., as well as abnormalities with physical facilities that are readily apparent.  This is performed any time inspection personnel are on the air operations area.  Continuous surveillance of airport physical facilities and activities should cover at least the areas described in this section, which are also included in Appendix 2.', 'CSAA CL', 0),
(3, 'Periodic Condition Evaluation Checklist', 'Periodic condition inspections consist of specific checks of physical facilities on a regularly scheduled basis (but less frequently than daily).  Checks may require use of equipment (e.g., Walker Bar to measure VASI glide slope angles or transit to survey approach slopes, or continuous friction measurement equipment) or checking specific features of physical facilities.  Periodic inspection of airport physical facilities and activities should cover at least the areas described in this section, which are also included in Appendix 3. ', 'PCE CL', 0),
(4, 'Special Inspection Checklist', 'Special condition inspections occur after receipt of a complaint or as triggered by an unusual condition or event.  A special inspection should be conducted after an accident or incident.  Depending upon circumstances, special condition inspections may include the inspection of any of the specific facilities or activities under the other three components.  A special condition inspection of airport physical facilities and activities should cover at least the areas described in this section, which are also included in Appendix 4.', 'SP CL', 0),
(5, 'Pavement Condition Evaluation Checklist', '', 'PCE CL', 0);

-- --------------------------------------------------------

--
-- Table structure for table `tbl_139_327_sub_t_i`
--

CREATE TABLE IF NOT EXISTS `tbl_139_327_sub_t_i` (
  `139327_sub_t_i_id` int(10) NOT NULL AUTO_INCREMENT,
  `139327_sub_t_id_int` int(10) DEFAULT NULL,
  `139327_sub_t_id_text` varchar(50) DEFAULT NULL,
  `139327_sub_t_image` text,
  `139327_type_archived_yn` tinyint(1) NOT NULL DEFAULT '0',
  PRIMARY KEY (`139327_sub_t_i_id`),
  KEY `139327_sub_t_id_int` (`139327_sub_t_id_int`)
) ENGINE=InnoDB  DEFAULT CHARSET=latin1 AUTO_INCREMENT=4 ;

--
-- Dumping data for table `tbl_139_327_sub_t_i`
--

INSERT INTO `tbl_139_327_sub_t_i` (`139327_sub_t_i_id`, `139327_sub_t_id_int`, `139327_sub_t_id_text`, `139327_sub_t_image`, `139327_type_archived_yn`) VALUES
(1, 2, NULL, 'alp_inspection_new4_current.gif', 0),
(2, 1, NULL, 'alp_inspection_new4_current.gif', 0),
(3, 3, NULL, 'alp_inspection_new4_current.gif	', 0);

-- --------------------------------------------------------

--
-- Table structure for table `tbl_139_333_main`
--

CREATE TABLE IF NOT EXISTS `tbl_139_333_main` (
  `139333_main_id` int(10) NOT NULL AUTO_INCREMENT,
  `139333_linked_327_int` int(11) NOT NULL DEFAULT '0' COMMENT 'Do Not link this In InnoDB!!!',
  `139333_type_cb_int` int(10) DEFAULT NULL,
  `139333_type_cb_txt` longtext,
  `139333_by_cb_int` int(10) DEFAULT NULL,
  `139333_by_signature` longblob,
  `139333_date` date DEFAULT NULL,
  `139333_time` time DEFAULT NULL,
  `139333_timestamp` timestamp NOT NULL DEFAULT CURRENT_TIMESTAMP,
  PRIMARY KEY (`139333_main_id`),
  KEY `139339_type_cb_int` (`139333_type_cb_int`),
  KEY `139339_by_cb_int` (`139333_by_cb_int`)
) ENGINE=InnoDB  DEFAULT CHARSET=latin1 AUTO_INCREMENT=4 ;

--
-- Dumping data for table `tbl_139_333_main`
--

INSERT INTO `tbl_139_333_main` (`139333_main_id`, `139333_linked_327_int`, `139333_type_cb_int`, `139333_type_cb_txt`, `139333_by_cb_int`, `139333_by_signature`, `139333_date`, `139333_time`, `139333_timestamp`) VALUES
(1, 0, 4, NULL, 1, NULL, '2013-08-19', '10:25:57', '2013-08-19 15:26:51'),
(2, 0, 8, NULL, 1, NULL, '2013-08-19', '10:28:17', '2013-08-19 15:29:00'),
(3, 0, 2, NULL, 1, NULL, '2013-08-19', '10:29:34', '2013-08-19 15:29:41');

-- --------------------------------------------------------

--
-- Table structure for table `tbl_139_333_main_a`
--

CREATE TABLE IF NOT EXISTS `tbl_139_333_main_a` (
  `139333_a_id` int(10) NOT NULL AUTO_INCREMENT,
  `139333_a_inspection_id` int(10) DEFAULT NULL,
  `139333_a_by_cb_int` int(10) DEFAULT NULL,
  `139333_a_reason` longtext,
  `139333_a_yn` tinyint(1) NOT NULL,
  `139333_a_date` date DEFAULT NULL,
  `139333_a_time` time DEFAULT NULL,
  `139333_a_signature` longblob,
  `139333_a_timestamp` timestamp NOT NULL DEFAULT CURRENT_TIMESTAMP,
  PRIMARY KEY (`139333_a_id`),
  KEY `139333_a_inspection_id` (`139333_a_inspection_id`),
  KEY `139333_a_by_cb_int` (`139333_a_by_cb_int`)
) ENGINE=InnoDB DEFAULT CHARSET=latin1 AUTO_INCREMENT=1 ;

-- --------------------------------------------------------

--
-- Table structure for table `tbl_139_333_main_e`
--

CREATE TABLE IF NOT EXISTS `tbl_139_333_main_e` (
  `139333_e_id` int(10) NOT NULL AUTO_INCREMENT,
  `139333_e_inspection_id` int(10) DEFAULT NULL,
  `139333_e_by_cb_int` int(10) DEFAULT NULL,
  `139333_e_by_cb_txt` varchar(50) DEFAULT NULL,
  `139333_e_reason` longtext,
  `139333_e_yn` tinyint(1) NOT NULL,
  `139333_e_date` date DEFAULT NULL,
  `139333_e_time` time DEFAULT NULL,
  `139333_e_signature` longblob,
  `139333_e_timestamp` timestamp NOT NULL DEFAULT CURRENT_TIMESTAMP,
  PRIMARY KEY (`139333_e_id`),
  KEY `139333_e_by_cb_int` (`139333_e_by_cb_int`),
  KEY `139333_e_inspection_id` (`139333_e_inspection_id`)
) ENGINE=InnoDB DEFAULT CHARSET=latin1 AUTO_INCREMENT=1 ;

-- --------------------------------------------------------

--
-- Table structure for table `tbl_139_333_sub_c`
--

CREATE TABLE IF NOT EXISTS `tbl_139_333_sub_c` (
  `conditions_id` int(10) NOT NULL AUTO_INCREMENT COMMENT 'ID of Record',
  `condition_name` varchar(50) DEFAULT NULL COMMENT 'Name of this Condition',
  `condition_facility_cb_int` int(10) DEFAULT NULL COMMENT 'ID of Facility Used',
  `condition_type_cb_int` int(10) DEFAULT NULL COMMENT 'ID of type (_sub_t)',
  `condition_tied_id` int(10) NOT NULL COMMENT 'ID of equipment Linked to this Record',
  `condition_archived_yn` tinyint(1) NOT NULL DEFAULT '0' COMMENT 'Is record hidden (1 yes / 0 no)',
  PRIMARY KEY (`conditions_id`),
  KEY `condition_facility_cb_int` (`condition_facility_cb_int`),
  KEY `condition_type_cb_int` (`condition_type_cb_int`),
  KEY `condition_tied_id` (`condition_tied_id`)
) ENGINE=InnoDB  DEFAULT CHARSET=latin1 AUTO_INCREMENT=330 ;

--
-- Dumping data for table `tbl_139_333_sub_c`
--

INSERT INTO `tbl_139_333_sub_c` (`conditions_id`, `condition_name`, `condition_facility_cb_int`, `condition_type_cb_int`, `condition_tied_id`, `condition_archived_yn`) VALUES
(1, 'Check Lamps Operational of 9579 MALSR Inspection', 6, 2, 9579, 0),
(2, 'Check Controls Operational of 9579 MALSR Inspectio', 7, 2, 9579, 0),
(3, 'Check Mechanical / Structural Damage of 9579 MALSR', 16, 2, 9579, 0),
(4, 'Check Ground Condition of 9579 MALSR Inspection', 19, 2, 9579, 0),
(5, 'Check Approach Plane Intrigity of 9579 MALSR Inspe', 21, 2, 9579, 0),
(6, 'Check Electrical Connections of 9579 MALSR Inspect', 23, 2, 9579, 0),
(7, 'Check Grounding Systems of 9579 MALSR Inspection', 24, 2, 9579, 0),
(8, 'Check Lamps Operational of 9580 MALSR Inspection', 6, 2, 9580, 0),
(9, 'Check Controls Operational of 9580 MALSR Inspectio', 7, 2, 9580, 0),
(10, 'Check Mechanical / Structural Damage of 9580 MALSR', 16, 2, 9580, 0),
(11, 'Check Ground Condition of 9580 MALSR Inspection', 19, 2, 9580, 0),
(12, 'Check Approach Plane Intrigity of 9580 MALSR Inspe', 21, 2, 9580, 0),
(13, 'Check Electrical Connections of 9580 MALSR Inspect', 23, 2, 9580, 0),
(14, 'Check Grounding Systems of 9580 MALSR Inspection', 24, 2, 9580, 0),
(15, 'Check Lamps Operational of 9581 MALSR Inspection', 6, 2, 9581, 0),
(16, 'Check Controls Operational of 9581 MALSR Inspectio', 7, 2, 9581, 0),
(17, 'Check Mechanical / Structural Damage of 9581 MALSR', 16, 2, 9581, 0),
(18, 'Check Ground Condition of 9581 MALSR Inspection', 19, 2, 9581, 0),
(19, 'Check Approach Plane Intrigity of 9581 MALSR Inspe', 21, 2, 9581, 0),
(20, 'Check Electrical Connections of 9581 MALSR Inspect', 23, 2, 9581, 0),
(21, 'Check Grounding Systems of 9581 MALSR Inspection', 24, 2, 9581, 0),
(22, 'Check Angle (y) of 8968 PAPI Inspection', 1, 7, 8968, 0),
(23, 'Check Angle (x) of 8968 PAPI Inspection', 5, 7, 8968, 0),
(24, 'Check Lamps Operational of 8968 PAPI Inspection', 6, 7, 8968, 0),
(25, 'Check Controls Operational of 8968 PAPI Inspection', 7, 7, 8968, 0),
(26, 'Check Light Cleanliness of 8968 PAPI Inspection', 15, 7, 8968, 0),
(27, 'Check Mechanical / Structural Damage of 8968 PAPI ', 16, 7, 8968, 0),
(28, 'Check Structure Cleanliness of 8968 PAPI Inspectio', 17, 7, 8968, 0),
(29, 'Check Paint Condition of 8968 PAPI Inspection', 18, 7, 8968, 0),
(30, 'Check Ground Condition of 8968 PAPI Inspection', 19, 7, 8968, 0),
(31, 'Check Limit Switch Operation of 8968 PAPI Inspecti', 20, 7, 8968, 0),
(32, 'Check Approach Plane Intrigity of 8968 PAPI Inspec', 21, 7, 8968, 0),
(33, 'Check Arrester and Interlock Operation of 8968 PAP', 22, 7, 8968, 0),
(34, 'Check Electrical Connections of 8968 PAPI Inspecti', 23, 7, 8968, 0),
(35, 'Check Grounding Systems of 8968 PAPI Inspection', 24, 7, 8968, 0),
(36, 'Check Angle (y) of 8969 PAPI Inspection', 1, 7, 8969, 0),
(37, 'Check Angle (x) of 8969 PAPI Inspection', 5, 7, 8969, 0),
(38, 'Check Lamps Operational of 8969 PAPI Inspection', 6, 7, 8969, 0),
(39, 'Check Controls Operational of 8969 PAPI Inspection', 7, 7, 8969, 0),
(40, 'Check Light Cleanliness of 8969 PAPI Inspection', 15, 7, 8969, 0),
(41, 'Check Mechanical / Structural Damage of 8969 PAPI ', 16, 7, 8969, 0),
(42, 'Check Structure Cleanliness of 8969 PAPI Inspectio', 17, 7, 8969, 0),
(43, 'Check Paint Condition of 8969 PAPI Inspection', 18, 7, 8969, 0),
(44, 'Check Ground Condition of 8969 PAPI Inspection', 19, 7, 8969, 0),
(45, 'Check Limit Switch Operation of 8969 PAPI Inspecti', 20, 7, 8969, 0),
(46, 'Check Approach Plane Intrigity of 8969 PAPI Inspec', 21, 7, 8969, 0),
(47, 'Check Arrester and Interlock Operation of 8969 PAP', 22, 7, 8969, 0),
(48, 'Check Electrical Connections of 8969 PAPI Inspecti', 23, 7, 8969, 0),
(49, 'Check Grounding Systems of 8969 PAPI Inspection', 24, 7, 8969, 0),
(50, 'Check Angle (y) of 8970 PAPI Inspection', 1, 7, 8970, 0),
(51, 'Check Angle (x) of 8970 PAPI Inspection', 5, 7, 8970, 0),
(52, 'Check Lamps Operational of 8970 PAPI Inspection', 6, 7, 8970, 0),
(53, 'Check Controls Operational of 8970 PAPI Inspection', 7, 7, 8970, 0),
(54, 'Check Light Cleanliness of 8970 PAPI Inspection', 15, 7, 8970, 0),
(55, 'Check Mechanical / Structural Damage of 8970 PAPI ', 16, 7, 8970, 0),
(56, 'Check Structure Cleanliness of 8970 PAPI Inspectio', 17, 7, 8970, 0),
(57, 'Check Paint Condition of 8970 PAPI Inspection', 18, 7, 8970, 0),
(58, 'Check Ground Condition of 8970 PAPI Inspection', 19, 7, 8970, 0),
(59, 'Check Limit Switch Operation of 8970 PAPI Inspecti', 20, 7, 8970, 0),
(60, 'Check Approach Plane Intrigity of 8970 PAPI Inspec', 21, 7, 8970, 0),
(61, 'Check Arrester and Interlock Operation of 8970 PAP', 22, 7, 8970, 0),
(62, 'Check Electrical Connections of 8970 PAPI Inspecti', 23, 7, 8970, 0),
(63, 'Check Grounding Systems of 8970 PAPI Inspection', 24, 7, 8970, 0),
(64, 'Check Angle (y) of 8971 PAPI Inspection', 1, 7, 8971, 0),
(65, 'Check Angle (x) of 8971 PAPI Inspection', 5, 7, 8971, 0),
(66, 'Check Lamps Operational of 8971 PAPI Inspection', 6, 7, 8971, 0),
(67, 'Check Controls Operational of 8971 PAPI Inspection', 7, 7, 8971, 0),
(68, 'Check Light Cleanliness of 8971 PAPI Inspection', 15, 7, 8971, 0),
(69, 'Check Mechanical / Structural Damage of 8971 PAPI ', 16, 7, 8971, 0),
(70, 'Check Structure Cleanliness of 8971 PAPI Inspectio', 17, 7, 8971, 0),
(71, 'Check Paint Condition of 8971 PAPI Inspection', 18, 7, 8971, 0),
(72, 'Check Ground Condition of 8971 PAPI Inspection', 19, 7, 8971, 0),
(73, 'Check Limit Switch Operation of 8971 PAPI Inspecti', 20, 7, 8971, 0),
(74, 'Check Approach Plane Intrigity of 8971 PAPI Inspec', 21, 7, 8971, 0),
(75, 'Check Arrester and Interlock Operation of 8971 PAP', 22, 7, 8971, 0),
(76, 'Check Electrical Connections of 8971 PAPI Inspecti', 23, 7, 8971, 0),
(77, 'Check Grounding Systems of 8971 PAPI Inspection', 24, 7, 8971, 0),
(78, 'Check Angle (y) of 8976 PAPI Inspection', 1, 5, 8976, 0),
(79, 'Check Angle (x) of 8976 PAPI Inspection', 5, 5, 8976, 0),
(80, 'Check Lamps Operational of 8976 PAPI Inspection', 6, 5, 8976, 0),
(81, 'Check Controls Operational of 8976 PAPI Inspection', 7, 5, 8976, 0),
(82, 'Check Light Cleanliness of 8976 PAPI Inspection', 15, 5, 8976, 0),
(83, 'Check Mechanical / Structural Damage of 8976 PAPI ', 16, 5, 8976, 0),
(84, 'Check Structure Cleanliness of 8976 PAPI Inspectio', 17, 5, 8976, 0),
(85, 'Check Paint Condition of 8976 PAPI Inspection', 18, 5, 8976, 0),
(86, 'Check Ground Condition of 8976 PAPI Inspection', 19, 5, 8976, 0),
(87, 'Check Limit Switch Operation of 8976 PAPI Inspecti', 20, 5, 8976, 0),
(88, 'Check Approach Plane Intrigity of 8976 PAPI Inspec', 21, 5, 8976, 0),
(89, 'Check Arrester and Interlock Operation of 8976 PAP', 22, 5, 8976, 0),
(90, 'Check Electrical Connections of 8976 PAPI Inspecti', 23, 5, 8976, 0),
(91, 'Check Grounding Systems of 8976 PAPI Inspection', 24, 5, 8976, 0),
(92, 'Check Angle (y) of 8977 PAPI Inspection', 1, 5, 8977, 0),
(93, 'Check Angle (x) of 8977 PAPI Inspection', 5, 5, 8977, 0),
(94, 'Check Lamps Operational of 8977 PAPI Inspection', 6, 5, 8977, 0),
(95, 'Check Controls Operational of 8977 PAPI Inspection', 7, 5, 8977, 0),
(96, 'Check Light Cleanliness of 8977 PAPI Inspection', 15, 5, 8977, 0),
(97, 'Check Mechanical / Structural Damage of 8977 PAPI ', 16, 5, 8977, 0),
(98, 'Check Structure Cleanliness of 8977 PAPI Inspectio', 17, 5, 8977, 0),
(99, 'Check Paint Condition of 8977 PAPI Inspection', 18, 5, 8977, 0),
(100, 'Check Ground Condition of 8977 PAPI Inspection', 19, 5, 8977, 0),
(101, 'Check Limit Switch Operation of 8977 PAPI Inspecti', 20, 5, 8977, 0),
(102, 'Check Approach Plane Intrigity of 8977 PAPI Inspec', 21, 5, 8977, 0),
(103, 'Check Arrester and Interlock Operation of 8977 PAP', 22, 5, 8977, 0),
(104, 'Check Electrical Connections of 8977 PAPI Inspecti', 23, 5, 8977, 0),
(105, 'Check Grounding Systems of 8977 PAPI Inspection', 24, 5, 8977, 0),
(106, 'Check Angle (y) of 8978 PAPI Inspection', 1, 5, 8978, 0),
(107, 'Check Angle (x) of 8978 PAPI Inspection', 5, 5, 8978, 0),
(108, 'Check Lamps Operational of 8978 PAPI Inspection', 6, 5, 8978, 0),
(109, 'Check Controls Operational of 8978 PAPI Inspection', 7, 5, 8978, 0),
(110, 'Check Light Cleanliness of 8978 PAPI Inspection', 15, 5, 8978, 0),
(111, 'Check Mechanical / Structural Damage of 8978 PAPI ', 16, 5, 8978, 0),
(112, 'Check Structure Cleanliness of 8978 PAPI Inspectio', 17, 5, 8978, 0),
(113, 'Check Paint Condition of 8978 PAPI Inspection', 18, 5, 8978, 0),
(114, 'Check Ground Condition of 8978 PAPI Inspection', 19, 5, 8978, 0),
(115, 'Check Limit Switch Operation of 8978 PAPI Inspecti', 20, 5, 8978, 0),
(116, 'Check Approach Plane Intrigity of 8978 PAPI Inspec', 21, 5, 8978, 0),
(117, 'Check Arrester and Interlock Operation of 8978 PAP', 22, 5, 8978, 0),
(118, 'Check Electrical Connections of 8978 PAPI Inspecti', 23, 5, 8978, 0),
(119, 'Check Grounding Systems of 8978 PAPI Inspection', 24, 5, 8978, 0),
(120, 'Check Angle (y) of 8979 PAPI Inspection', 1, 5, 8979, 0),
(121, 'Check Angle (x) of 8979 PAPI Inspection', 5, 5, 8979, 0),
(122, 'Check Lamps Operational of 8979 PAPI Inspection', 6, 5, 8979, 0),
(123, 'Check Controls Operational of 8979 PAPI Inspection', 7, 5, 8979, 0),
(124, 'Check Light Cleanliness of 8979 PAPI Inspection', 15, 5, 8979, 0),
(125, 'Check Mechanical / Structural Damage of 8979 PAPI ', 16, 5, 8979, 0),
(126, 'Check Structure Cleanliness of 8979 PAPI Inspectio', 17, 5, 8979, 0),
(127, 'Check Paint Condition of 8979 PAPI Inspection', 18, 5, 8979, 0),
(128, 'Check Ground Condition of 8979 PAPI Inspection', 19, 5, 8979, 0),
(129, 'Check Limit Switch Operation of 8979 PAPI Inspecti', 20, 5, 8979, 0),
(130, 'Check Approach Plane Intrigity of 8979 PAPI Inspec', 21, 5, 8979, 0),
(131, 'Check Arrester and Interlock Operation of 8979 PAP', 22, 5, 8979, 0),
(132, 'Check Electrical Connections of 8979 PAPI Inspecti', 23, 5, 8979, 0),
(133, 'Check Grounding Systems of 8979 PAPI Inspection', 24, 5, 8979, 0),
(134, 'Check Angle (y) of 8964 PAPI Inspection', 1, 4, 8964, 0),
(135, 'Check Angle (x) of 8964 PAPI Inspection', 5, 4, 8964, 0),
(136, 'Check Lamps Operational of 8964 PAPI Inspection', 6, 4, 8964, 0),
(137, 'Check Controls Operational of 8964 PAPI Inspection', 7, 4, 8964, 0),
(138, 'Check Light Cleanliness of 8964 PAPI Inspection', 15, 4, 8964, 0),
(139, 'Check Mechanical / Structural Damage of 8964 PAPI ', 16, 4, 8964, 0),
(140, 'Check Structure Cleanliness of 8964 PAPI Inspectio', 17, 4, 8964, 0),
(141, 'Check Paint Condition of 8964 PAPI Inspection', 18, 4, 8964, 0),
(142, 'Check Ground Condition of 8964 PAPI Inspection', 19, 4, 8964, 0),
(143, 'Check Limit Switch Operation of 8964 PAPI Inspecti', 20, 4, 8964, 0),
(144, 'Check Approach Plane Intrigity of 8964 PAPI Inspec', 21, 4, 8964, 0),
(145, 'Check Arrester and Interlock Operation of 8964 PAP', 22, 4, 8964, 0),
(146, 'Check Electrical Connections of 8964 PAPI Inspecti', 23, 4, 8964, 0),
(147, 'Check Grounding Systems of 8964 PAPI Inspection', 24, 4, 8964, 0),
(148, 'Check Angle (y) of 8965 PAPI Inspection', 1, 4, 8965, 0),
(149, 'Check Angle (x) of 8965 PAPI Inspection', 5, 4, 8965, 0),
(150, 'Check Lamps Operational of 8965 PAPI Inspection', 6, 4, 8965, 0),
(151, 'Check Controls Operational of 8965 PAPI Inspection', 7, 4, 8965, 0),
(152, 'Check Light Cleanliness of 8965 PAPI Inspection', 15, 4, 8965, 0),
(153, 'Check Mechanical / Structural Damage of 8965 PAPI ', 16, 4, 8965, 0),
(154, 'Check Structure Cleanliness of 8965 PAPI Inspectio', 17, 4, 8965, 0),
(155, 'Check Paint Condition of 8965 PAPI Inspection', 18, 4, 8965, 0),
(156, 'Check Ground Condition of 8965 PAPI Inspection', 19, 4, 8965, 0),
(157, 'Check Limit Switch Operation of 8965 PAPI Inspecti', 20, 4, 8965, 0),
(158, 'Check Approach Plane Intrigity of 8965 PAPI Inspec', 21, 4, 8965, 0),
(159, 'Check Arrester and Interlock Operation of 8965 PAP', 22, 4, 8965, 0),
(160, 'Check Electrical Connections of 8965 PAPI Inspecti', 23, 4, 8965, 0),
(161, 'Check Grounding Systems of 8965 PAPI Inspection', 24, 4, 8965, 0),
(162, 'Check Angle (y) of 8966 PAPI Inspection', 1, 4, 8966, 0),
(163, 'Check Angle (x) of 8966 PAPI Inspection', 5, 4, 8966, 0),
(164, 'Check Lamps Operational of 8966 PAPI Inspection', 6, 4, 8966, 0),
(165, 'Check Controls Operational of 8966 PAPI Inspection', 7, 4, 8966, 0),
(166, 'Check Light Cleanliness of 8966 PAPI Inspection', 15, 4, 8966, 0),
(167, 'Check Mechanical / Structural Damage of 8966 PAPI ', 16, 4, 8966, 0),
(168, 'Check Structure Cleanliness of 8966 PAPI Inspectio', 17, 4, 8966, 0),
(169, 'Check Paint Condition of 8966 PAPI Inspection', 18, 4, 8966, 0),
(170, 'Check Ground Condition of 8966 PAPI Inspection', 19, 4, 8966, 0),
(171, 'Check Limit Switch Operation of 8966 PAPI Inspecti', 20, 4, 8966, 0),
(172, 'Check Approach Plane Intrigity of 8966 PAPI Inspec', 21, 4, 8966, 0),
(173, 'Check Arrester and Interlock Operation of 8966 PAP', 22, 4, 8966, 0),
(174, 'Check Electrical Connections of 8966 PAPI Inspecti', 23, 4, 8966, 0),
(175, 'Check Grounding Systems of 8966 PAPI Inspection', 24, 4, 8966, 0),
(176, 'Check Angle (y) of 8967 PAPI Inspection', 1, 4, 8967, 0),
(177, 'Check Angle (x) of 8967 PAPI Inspection', 5, 4, 8967, 0),
(178, 'Check Lamps Operational of 8967 PAPI Inspection', 6, 4, 8967, 0),
(179, 'Check Controls Operational of 8967 PAPI Inspection', 7, 4, 8967, 0),
(180, 'Check Light Cleanliness of 8967 PAPI Inspection', 15, 4, 8967, 0),
(181, 'Check Mechanical / Structural Damage of 8967 PAPI ', 16, 4, 8967, 0),
(182, 'Check Structure Cleanliness of 8967 PAPI Inspectio', 17, 4, 8967, 0),
(183, 'Check Paint Condition of 8967 PAPI Inspection', 18, 4, 8967, 0),
(184, 'Check Ground Condition of 8967 PAPI Inspection', 19, 4, 8967, 0),
(185, 'Check Limit Switch Operation of 8967 PAPI Inspecti', 20, 4, 8967, 0),
(186, 'Check Approach Plane Intrigity of 8967 PAPI Inspec', 21, 4, 8967, 0),
(187, 'Check Arrester and Interlock Operation of 8967 PAP', 22, 4, 8967, 0),
(188, 'Check Electrical Connections of 8967 PAPI Inspecti', 23, 4, 8967, 0),
(189, 'Check Grounding Systems of 8967 PAPI Inspection', 24, 4, 8967, 0),
(190, 'Check Angle (y) of 8972 PAPI Inspection', 1, 6, 8972, 0),
(191, 'Check Angle (x) of 8972 PAPI Inspection', 5, 6, 8972, 0),
(192, 'Check Lamps Operational of 8972 PAPI Inspection', 6, 6, 8972, 0),
(193, 'Check Controls Operational of 8972 PAPI Inspection', 7, 6, 8972, 0),
(194, 'Check Light Cleanliness of 8972 PAPI Inspection', 15, 6, 8972, 0),
(195, 'Check Mechanical / Structural Damage of 8972 PAPI ', 16, 6, 8972, 0),
(196, 'Check Structure Cleanliness of 8972 PAPI Inspectio', 17, 6, 8972, 0),
(197, 'Check Paint Condition of 8972 PAPI Inspection', 18, 6, 8972, 0),
(198, 'Check Ground Condition of 8972 PAPI Inspection', 19, 6, 8972, 0),
(199, 'Check Limit Switch Operation of 8972 PAPI Inspecti', 20, 6, 8972, 0),
(200, 'Check Approach Plane Intrigity of 8972 PAPI Inspec', 21, 6, 8972, 0),
(201, 'Check Arrester and Interlock Operation of 8972 PAP', 22, 6, 8972, 0),
(202, 'Check Electrical Connections of 8972 PAPI Inspecti', 23, 6, 8972, 0),
(203, 'Check Grounding Systems of 8972 PAPI Inspection', 24, 6, 8972, 0),
(204, 'Check Angle (y) of 8973 PAPI Inspection', 1, 6, 8973, 0),
(205, 'Check Angle (x) of 8973 PAPI Inspection', 5, 6, 8973, 0),
(206, 'Check Lamps Operational of 8973 PAPI Inspection', 6, 6, 8973, 0),
(207, 'Check Controls Operational of 8973 PAPI Inspection', 7, 6, 8973, 0),
(208, 'Check Light Cleanliness of 8973 PAPI Inspection', 15, 6, 8973, 0),
(209, 'Check Mechanical / Structural Damage of 8973 PAPI ', 16, 6, 8973, 0),
(210, 'Check Structure Cleanliness of 8973 PAPI Inspectio', 17, 6, 8973, 0),
(211, 'Check Paint Condition of 8973 PAPI Inspection', 18, 6, 8973, 0),
(212, 'Check Ground Condition of 8973 PAPI Inspection', 19, 6, 8973, 0),
(213, 'Check Limit Switch Operation of 8973 PAPI Inspecti', 20, 6, 8973, 0),
(214, 'Check Approach Plane Intrigity of 8973 PAPI Inspec', 21, 6, 8973, 0),
(215, 'Check Arrester and Interlock Operation of 8973 PAP', 22, 6, 8973, 0),
(216, 'Check Electrical Connections of 8973 PAPI Inspecti', 23, 6, 8973, 0),
(217, 'Check Grounding Systems of 8973 PAPI Inspection', 24, 6, 8973, 0),
(218, 'Check Angle (y) of 8974 PAPI Inspection', 1, 6, 8974, 0),
(219, 'Check Angle (x) of 8974 PAPI Inspection', 5, 6, 8974, 0),
(220, 'Check Lamps Operational of 8974 PAPI Inspection', 6, 6, 8974, 0),
(221, 'Check Controls Operational of 8974 PAPI Inspection', 7, 6, 8974, 0),
(222, 'Check Light Cleanliness of 8974 PAPI Inspection', 15, 6, 8974, 0),
(223, 'Check Mechanical / Structural Damage of 8974 PAPI ', 16, 6, 8974, 0),
(224, 'Check Structure Cleanliness of 8974 PAPI Inspectio', 17, 6, 8974, 0),
(225, 'Check Paint Condition of 8974 PAPI Inspection', 18, 6, 8974, 0),
(226, 'Check Ground Condition of 8974 PAPI Inspection', 19, 6, 8974, 0),
(227, 'Check Limit Switch Operation of 8974 PAPI Inspecti', 20, 6, 8974, 0),
(228, 'Check Approach Plane Intrigity of 8974 PAPI Inspec', 21, 6, 8974, 0),
(229, 'Check Arrester and Interlock Operation of 8974 PAP', 22, 6, 8974, 0),
(230, 'Check Electrical Connections of 8974 PAPI Inspecti', 23, 6, 8974, 0),
(231, 'Check Grounding Systems of 8974 PAPI Inspection', 24, 6, 8974, 0),
(232, 'Check Angle (y) of 8975 PAPI Inspection', 1, 6, 8975, 0),
(233, 'Check Angle (x) of 8975 PAPI Inspection', 5, 6, 8975, 0),
(234, 'Check Lamps Operational of 8975 PAPI Inspection', 6, 6, 8975, 0),
(235, 'Check Controls Operational of 8975 PAPI Inspection', 7, 6, 8975, 0),
(236, 'Check Light Cleanliness of 8975 PAPI Inspection', 15, 6, 8975, 0),
(237, 'Check Mechanical / Structural Damage of 8975 PAPI ', 16, 6, 8975, 0),
(238, 'Check Structure Cleanliness of 8975 PAPI Inspectio', 17, 6, 8975, 0),
(239, 'Check Paint Condition of 8975 PAPI Inspection', 18, 6, 8975, 0),
(240, 'Check Ground Condition of 8975 PAPI Inspection', 19, 6, 8975, 0),
(241, 'Check Limit Switch Operation of 8975 PAPI Inspecti', 20, 6, 8975, 0),
(242, 'Check Approach Plane Intrigity of 8975 PAPI Inspec', 21, 6, 8975, 0),
(243, 'Check Arrester and Interlock Operation of 8975 PAP', 22, 6, 8975, 0),
(244, 'Check Electrical Connections of 8975 PAPI Inspecti', 23, 6, 8975, 0),
(245, 'Check Grounding Systems of 8975 PAPI Inspection', 24, 6, 8975, 0),
(246, 'Check Angle (y) of 8981 PAPI Inspection', 1, 11, 8981, 0),
(247, 'Check Angle (x) of 8981 PAPI Inspection', 5, 11, 8981, 0),
(248, 'Check Lamps Operational of 8981 PAPI Inspection', 6, 11, 8981, 0),
(249, 'Check Controls Operational of 8981 PAPI Inspection', 7, 11, 8981, 0),
(250, 'Check Light Cleanliness of 8981 PAPI Inspection', 15, 11, 8981, 0),
(251, 'Check Mechanical / Structural Damage of 8981 PAPI ', 16, 11, 8981, 0),
(252, 'Check Structure Cleanliness of 8981 PAPI Inspectio', 17, 11, 8981, 0),
(253, 'Check Paint Condition of 8981 PAPI Inspection', 18, 11, 8981, 0),
(254, 'Check Ground Condition of 8981 PAPI Inspection', 19, 11, 8981, 0),
(255, 'Check Limit Switch Operation of 8981 PAPI Inspecti', 20, 11, 8981, 0),
(256, 'Check Approach Plane Intrigity of 8981 PAPI Inspec', 21, 11, 8981, 0),
(257, 'Check Arrester and Interlock Operation of 8981 PAP', 22, 11, 8981, 0),
(258, 'Check Electrical Connections of 8981 PAPI Inspecti', 23, 11, 8981, 0),
(259, 'Check Grounding Systems of 8981 PAPI Inspection', 24, 11, 8981, 0),
(260, 'Check Angle (y) of 8982 PAPI Inspection', 1, 11, 8982, 0),
(261, 'Check Angle (x) of 8982 PAPI Inspection', 5, 11, 8982, 0),
(262, 'Check Lamps Operational of 8982 PAPI Inspection', 6, 11, 8982, 0),
(263, 'Check Controls Operational of 8982 PAPI Inspection', 7, 11, 8982, 0),
(264, 'Check Light Cleanliness of 8982 PAPI Inspection', 15, 11, 8982, 0),
(265, 'Check Mechanical / Structural Damage of 8982 PAPI ', 16, 11, 8982, 0),
(266, 'Check Structure Cleanliness of 8982 PAPI Inspectio', 17, 11, 8982, 0),
(267, 'Check Paint Condition of 8982 PAPI Inspection', 18, 11, 8982, 0),
(268, 'Check Ground Condition of 8982 PAPI Inspection', 19, 11, 8982, 0),
(269, 'Check Limit Switch Operation of 8982 PAPI Inspecti', 20, 11, 8982, 0),
(270, 'Check Approach Plane Intrigity of 8982 PAPI Inspec', 21, 11, 8982, 0),
(271, 'Check Arrester and Interlock Operation of 8982 PAP', 22, 11, 8982, 0),
(272, 'Check Electrical Connections of 8982 PAPI Inspecti', 23, 11, 8982, 0),
(273, 'Check Grounding Systems of 8982 PAPI Inspection', 24, 11, 8982, 0),
(274, 'Check Angle (y) of 8983 PAPI Inspection', 1, 9, 8983, 0),
(275, 'Check Angle (x) of 8983 PAPI Inspection', 5, 9, 8983, 0),
(276, 'Check Lamps Operational of 8983 PAPI Inspection', 6, 9, 8983, 0),
(277, 'Check Controls Operational of 8983 PAPI Inspection', 7, 9, 8983, 0),
(278, 'Check Light Cleanliness of 8983 PAPI Inspection', 15, 9, 8983, 0),
(279, 'Check Mechanical / Structural Damage of 8983 PAPI ', 16, 9, 8983, 0),
(280, 'Check Structure Cleanliness of 8983 PAPI Inspectio', 17, 9, 8983, 0),
(281, 'Check Paint Condition of 8983 PAPI Inspection', 18, 9, 8983, 0),
(282, 'Check Ground Condition of 8983 PAPI Inspection', 19, 9, 8983, 0),
(283, 'Check Limit Switch Operation of 8983 PAPI Inspecti', 20, 9, 8983, 0),
(284, 'Check Approach Plane Intrigity of 8983 PAPI Inspec', 21, 9, 8983, 0),
(285, 'Check Arrester and Interlock Operation of 8983 PAP', 22, 9, 8983, 0),
(286, 'Check Electrical Connections of 8983 PAPI Inspecti', 23, 9, 8983, 0),
(287, 'Check Grounding Systems of 8983 PAPI Inspection', 24, 9, 8983, 0),
(288, 'Check Angle (y) of 8984 PAPI Inspection', 1, 9, 8984, 0),
(289, 'Check Angle (x) of 8984 PAPI Inspection', 5, 9, 8984, 0),
(290, 'Check Lamps Operational of 8984 PAPI Inspection', 6, 9, 8984, 0),
(291, 'Check Controls Operational of 8984 PAPI Inspection', 7, 9, 8984, 0),
(292, 'Check Light Cleanliness of 8984 PAPI Inspection', 15, 9, 8984, 0),
(293, 'Check Mechanical / Structural Damage of 8984 PAPI ', 16, 9, 8984, 0),
(294, 'Check Structure Cleanliness of 8984 PAPI Inspectio', 17, 9, 8984, 0),
(295, 'Check Paint Condition of 8984 PAPI Inspection', 18, 9, 8984, 0),
(296, 'Check Ground Condition of 8984 PAPI Inspection', 19, 9, 8984, 0),
(297, 'Check Limit Switch Operation of 8984 PAPI Inspecti', 20, 9, 8984, 0),
(298, 'Check Approach Plane Intrigity of 8984 PAPI Inspec', 21, 9, 8984, 0),
(299, 'Check Arrester and Interlock Operation of 8984 PAP', 22, 9, 8984, 0),
(300, 'Check Electrical Connections of 8984 PAPI Inspecti', 23, 9, 8984, 0),
(301, 'Check Grounding Systems of 8984 PAPI Inspection', 24, 9, 8984, 0),
(302, 'Check Angle (y) of 8985 PAPI Inspection', 1, 8, 8985, 0),
(303, 'Check Angle (x) of 8985 PAPI Inspection', 5, 8, 8985, 0),
(304, 'Check Lamps Operational of 8985 PAPI Inspection', 6, 8, 8985, 0),
(305, 'Check Controls Operational of 8985 PAPI Inspection', 7, 8, 8985, 0),
(306, 'Check Light Cleanliness of 8985 PAPI Inspection', 15, 8, 8985, 0),
(307, 'Check Mechanical / Structural Damage of 8985 PAPI ', 16, 8, 8985, 0),
(308, 'Check Structure Cleanliness of 8985 PAPI Inspectio', 17, 8, 8985, 0),
(309, 'Check Paint Condition of 8985 PAPI Inspection', 18, 8, 8985, 0),
(310, 'Check Ground Condition of 8985 PAPI Inspection', 19, 8, 8985, 0),
(311, 'Check Limit Switch Operation of 8985 PAPI Inspecti', 20, 8, 8985, 0),
(312, 'Check Approach Plane Intrigity of 8985 PAPI Inspec', 21, 8, 8985, 0),
(313, 'Check Arrester and Interlock Operation of 8985 PAP', 22, 8, 8985, 0),
(314, 'Check Electrical Connections of 8985 PAPI Inspecti', 23, 8, 8985, 0),
(315, 'Check Grounding Systems of 8985 PAPI Inspection', 24, 8, 8985, 0),
(316, 'Check Angle (y) of 9576 PAPI Inspection', 1, 8, 9576, 0),
(317, 'Check Angle (x) of 9576 PAPI Inspection', 5, 8, 9576, 0),
(318, 'Check Lamps Operational of 9576 PAPI Inspection', 6, 8, 9576, 0),
(319, 'Check Controls Operational of 9576 PAPI Inspection', 7, 8, 9576, 0),
(320, 'Check Light Cleanliness of 9576 PAPI Inspection', 15, 8, 9576, 0),
(321, 'Check Mechanical / Structural Damage of 9576 PAPI ', 16, 8, 9576, 0),
(322, 'Check Structure Cleanliness of 9576 PAPI Inspectio', 17, 8, 9576, 0),
(323, 'Check Paint Condition of 9576 PAPI Inspection', 18, 8, 9576, 0),
(324, 'Check Ground Condition of 9576 PAPI Inspection', 19, 8, 9576, 0),
(325, 'Check Limit Switch Operation of 9576 PAPI Inspecti', 20, 8, 9576, 0),
(326, 'Check Approach Plane Intrigity of 9576 PAPI Inspec', 21, 8, 9576, 0),
(327, 'Check Arrester and Interlock Operation of 9576 PAP', 22, 8, 9576, 0),
(328, 'Check Electrical Connections of 9576 PAPI Inspecti', 23, 8, 9576, 0),
(329, 'Check Grounding Systems of 9576 PAPI Inspection', 24, 8, 9576, 0);

-- --------------------------------------------------------

--
-- Table structure for table `tbl_139_333_sub_c_c`
--

CREATE TABLE IF NOT EXISTS `tbl_139_333_sub_c_c` (
  `conditions_checklists_id` int(10) NOT NULL AUTO_INCREMENT COMMENT 'ID of Record',
  `conditions_checklists_condition_cb_int` int(10) DEFAULT NULL COMMENT 'ID of checklist (sub_c)',
  `conditions_checklists_inspection_cb_int` int(10) DEFAULT NULL COMMENT 'ID of main record (_main)',
  `conditions_checklist_discrepancy_yn` tinyint(1) NOT NULL DEFAULT '0' COMMENT 'ID of Discrepancy',
  `conditions_checklist_values` text NOT NULL,
  `conditions_checklist_archived_yn` tinyint(1) NOT NULL DEFAULT '0' COMMENT 'Is record hidden (1 yes/ 0 no)',
  PRIMARY KEY (`conditions_checklists_id`),
  KEY `conditions_checklists_condition_cb_int` (`conditions_checklists_condition_cb_int`),
  KEY `conditions_checklists_inspection_cb_int` (`conditions_checklists_inspection_cb_int`)
) ENGINE=InnoDB  DEFAULT CHARSET=latin1 AUTO_INCREMENT=106 ;

--
-- Dumping data for table `tbl_139_333_sub_c_c`
--

INSERT INTO `tbl_139_333_sub_c_c` (`conditions_checklists_id`, `conditions_checklists_condition_cb_int`, `conditions_checklists_inspection_cb_int`, `conditions_checklist_discrepancy_yn`, `conditions_checklist_values`, `conditions_checklist_archived_yn`) VALUES
(1, 134, 1, 0, '3.1/3.1/0.05/3.1', 0),
(2, 135, 1, 0, '0/0/0.05/0', 0),
(3, 136, 1, 0, '2', 0),
(4, 137, 1, 0, '2', 0),
(5, 138, 1, 0, '2', 0),
(6, 139, 1, 0, '2', 0),
(7, 140, 1, 0, '2', 0),
(8, 141, 1, 0, '2', 0),
(9, 142, 1, 0, '2', 0),
(10, 143, 1, 0, '2', 0),
(11, 144, 1, 0, '2', 0),
(12, 145, 1, 0, '2', 0),
(13, 146, 1, 0, '2', 0),
(14, 147, 1, 0, '2', 0),
(15, 148, 1, 0, '2.5/2.5/0.05/2.5', 0),
(16, 149, 1, 0, '0/0/0.05/0', 0),
(17, 150, 1, 0, '2', 0),
(18, 151, 1, 0, '2', 0),
(19, 152, 1, 0, '2', 0),
(20, 153, 1, 0, '2', 0),
(21, 154, 1, 0, '2', 0),
(22, 155, 1, 0, '2', 0),
(23, 156, 1, 0, '2', 0),
(24, 157, 1, 0, '2', 0),
(25, 158, 1, 0, '2', 0),
(26, 159, 1, 0, '2', 0),
(27, 160, 1, 0, '2', 0),
(28, 161, 1, 0, '2', 0),
(29, 162, 1, 0, '3.3/3.3/0.05/3.3', 0),
(30, 163, 1, 0, '0/0/0.05/0', 0),
(31, 164, 1, 0, '2', 0),
(32, 165, 1, 0, '2', 0),
(33, 166, 1, 0, '2', 0),
(34, 167, 1, 0, '2', 0),
(35, 168, 1, 0, '2', 0),
(36, 169, 1, 0, '2', 0),
(37, 170, 1, 0, '2', 0),
(38, 171, 1, 0, '2', 0),
(39, 172, 1, 0, '2', 0),
(40, 173, 1, 0, '2', 0),
(41, 174, 1, 0, '2', 0),
(42, 175, 1, 0, '2', 0),
(43, 176, 1, 0, '2.3/2.3/0.05/2.3', 0),
(44, 177, 1, 0, '0/0/0.05/0', 0),
(45, 178, 1, 0, '2', 0),
(46, 179, 1, 0, '2', 0),
(47, 180, 1, 0, '2', 0),
(48, 181, 1, 0, '2', 0),
(49, 182, 1, 0, '2', 0),
(50, 183, 1, 0, '2', 0),
(51, 184, 1, 0, '2', 0),
(52, 185, 1, 0, '2', 0),
(53, 186, 1, 0, '2', 0),
(54, 187, 1, 0, '2', 0),
(55, 188, 1, 0, '2', 0),
(56, 189, 1, 0, '2', 0),
(57, 302, 2, 0, '10/10/0.5/10', 0),
(58, 303, 2, 0, '15/15/0.5/15', 0),
(59, 304, 2, 0, '2', 0),
(60, 305, 2, 0, '2', 0),
(61, 306, 2, 0, '2', 0),
(62, 307, 2, 0, '2', 0),
(63, 308, 2, 0, '2', 0),
(64, 309, 2, 0, '2', 0),
(65, 310, 2, 0, '2', 0),
(66, 311, 2, 0, '2', 0),
(67, 312, 2, 0, '2', 0),
(68, 313, 2, 0, '2', 0),
(69, 314, 2, 0, '2', 0),
(70, 315, 2, 0, '2', 0),
(71, 316, 2, 0, '10/10/0.5/10', 0),
(72, 317, 2, 0, '15/15/0.5/15', 0),
(73, 318, 2, 0, '2', 0),
(74, 319, 2, 0, '2', 0),
(75, 320, 2, 0, '2', 0),
(76, 321, 2, 0, '2', 0),
(77, 322, 2, 0, '2', 0),
(78, 323, 2, 0, '2', 0),
(79, 324, 2, 0, '2', 0),
(80, 325, 2, 0, '2', 0),
(81, 326, 2, 0, '2', 0),
(82, 327, 2, 0, '2', 0),
(83, 328, 2, 0, '2', 0),
(84, 329, 2, 0, '2', 0),
(85, 1, 3, 0, '2', 0),
(86, 2, 3, 0, '2', 0),
(87, 3, 3, 0, '2', 0),
(88, 4, 3, 0, '2', 0),
(89, 5, 3, 0, '2', 0),
(90, 6, 3, 0, '2', 0),
(91, 7, 3, 0, '2', 0),
(92, 8, 3, 0, '2', 0),
(93, 9, 3, 0, '2', 0),
(94, 10, 3, 0, '2', 0),
(95, 11, 3, 0, '2', 0),
(96, 12, 3, 0, '2', 0),
(97, 13, 3, 0, '2', 0),
(98, 14, 3, 0, '2', 0),
(99, 15, 3, 0, '2', 0),
(100, 16, 3, 0, '2', 0),
(101, 17, 3, 0, '2', 0),
(102, 18, 3, 0, '2', 0),
(103, 19, 3, 0, '2', 0),
(104, 20, 3, 0, '2', 0),
(105, 21, 3, 0, '2', 0);

-- --------------------------------------------------------

--
-- Table structure for table `tbl_139_333_sub_c_f`
--

CREATE TABLE IF NOT EXISTS `tbl_139_333_sub_c_f` (
  `facility_id` int(10) NOT NULL AUTO_INCREMENT COMMENT 'ID of Record',
  `facility_name` varchar(50) DEFAULT NULL COMMENT 'Name of this Facility',
  `facility_archived_yn` tinyint(1) NOT NULL DEFAULT '0' COMMENT 'Is facility hidden? (1 yes/0 no)',
  PRIMARY KEY (`facility_id`)
) ENGINE=InnoDB  DEFAULT CHARSET=latin1 COMMENT='Not every checklist will have every facility' AUTO_INCREMENT=25 ;

--
-- Dumping data for table `tbl_139_333_sub_c_f`
--

INSERT INTO `tbl_139_333_sub_c_f` (`facility_id`, `facility_name`, `facility_archived_yn`) VALUES
(1, 'Angle (y)', 0),
(5, 'Angle (x)', 0),
(6, 'Lamps Operational', 0),
(7, 'Controls Operational', 0),
(15, 'Light Cleanliness', 0),
(16, 'Mechanical / Structural Damage', 0),
(17, 'Structure Cleanliness', 0),
(18, 'Paint Condition', 0),
(19, 'Ground Condition', 0),
(20, 'Limit Switch Operation', 0),
(21, 'Approach Plane Intrigity', 0),
(22, 'Arrester and Interlock Operation', 0),
(23, 'Electrical Connections', 0),
(24, 'Grounding Systems', 0);

-- --------------------------------------------------------

--
-- Table structure for table `tbl_139_333_sub_c_spec`
--

CREATE TABLE IF NOT EXISTS `tbl_139_333_sub_c_spec` (
  `139339_spec_id` int(10) NOT NULL AUTO_INCREMENT,
  `139333_spec_c_id` int(11) NOT NULL,
  `139339_spec_proper_c1` text NOT NULL,
  `139339_spec_proper_c2` text NOT NULL,
  `139339_spec_archieved` int(1) NOT NULL DEFAULT '0',
  PRIMARY KEY (`139339_spec_id`),
  KEY `139333_spec_c_id` (`139333_spec_c_id`)
) ENGINE=InnoDB  DEFAULT CHARSET=latin1 COMMENT='Specification of Equipment' AUTO_INCREMENT=45 ;

--
-- Dumping data for table `tbl_139_333_sub_c_spec`
--

INSERT INTO `tbl_139_333_sub_c_spec` (`139339_spec_id`, `139333_spec_c_id`, `139339_spec_proper_c1`, `139339_spec_proper_c2`, `139339_spec_archieved`) VALUES
(1, 22, '2.3', '0.05', 0),
(2, 23, '0', '0.05', 0),
(3, 36, '2.5', '0.05', 0),
(4, 37, '0', '0.05', 0),
(5, 50, '3.1', '0.05', 0),
(6, 51, '0', '0.05', 0),
(7, 64, '3.3', '0.05', 0),
(8, 65, '0', '0.05', 0),
(9, 78, '2.3', '0.05', 0),
(10, 79, '0', '0.05', 0),
(11, 92, '2.5', '0.05', 0),
(12, 93, '0', '0.05', 0),
(13, 106, '3.1', '0.05', 0),
(14, 107, '0', '0.05', 0),
(15, 120, '3.3', '0.05', 0),
(16, 121, '0', '0.05', 0),
(17, 134, '3.1', '0.05', 0),
(18, 135, '0', '0.05', 0),
(19, 148, '2.5', '0.05', 0),
(20, 149, '0', '0.05', 0),
(21, 162, '3.3', '0.05', 0),
(22, 163, '0', '0.05', 0),
(23, 176, '2.3', '0.05', 0),
(24, 177, '0', '0.05', 0),
(25, 190, '2.3', '0.05', 0),
(26, 191, '0', '0.05', 0),
(27, 204, '2.5', '0.05', 0),
(28, 205, '0', '0.05', 0),
(29, 218, '3.1', '0.05', 0),
(30, 219, '0', '0.05', 0),
(31, 232, '3.3', '0.05', 0),
(32, 233, '0', '0.05', 0),
(33, 246, '10', '0.5', 0),
(34, 247, '15', '0.5', 0),
(35, 260, '10', '0.5', 0),
(36, 261, '15', '0.5', 0),
(37, 274, '10', '0.5', 0),
(38, 275, '15', '0.5', 0),
(39, 288, '10', '0.5', 0),
(40, 289, '15', '0.5', 0),
(41, 302, '10', '0.5', 0),
(42, 303, '15', '0.5', 0),
(43, 316, '10', '0.5', 0),
(44, 317, '15', '0.5', 0);

-- --------------------------------------------------------

--
-- Table structure for table `tbl_139_333_sub_t`
--

CREATE TABLE IF NOT EXISTS `tbl_139_333_sub_t` (
  `inspection_type_id` int(10) NOT NULL AUTO_INCREMENT COMMENT 'ID of Record',
  `inspection_type` varchar(200) DEFAULT NULL COMMENT 'Long Name of Record',
  `inspection_type_short_name` varchar(50) DEFAULT NULL COMMENT 'Short Name of Record',
  `inspection_type_archived_yn` tinyint(1) NOT NULL DEFAULT '0' COMMENT 'Is Record Hidden (1 yes/ 0 no)',
  PRIMARY KEY (`inspection_type_id`)
) ENGINE=InnoDB  DEFAULT CHARSET=latin1 AUTO_INCREMENT=12 ;

--
-- Dumping data for table `tbl_139_333_sub_t`
--

INSERT INTO `tbl_139_333_sub_t` (`inspection_type_id`, `inspection_type`, `inspection_type_short_name`, `inspection_type_archived_yn`) VALUES
(2, 'MALSR: Medium-intensity Approach Lighting System with Runway Alignment Indicator Lights', 'MALSR', 0),
(4, 'PAPI (17): Monthly Precision Approach Path Indicator', 'PAPI', 0),
(5, 'PAPI (12): Monthly Precision Approach Path Indicator', 'PAPI', 0),
(6, 'PAPI (35): Monthly Precision Approach Path Indicator', 'PAPI', 0),
(7, 'PAPI (30): Monthly Precision Approach Path Indicator', 'PAPI', 0),
(8, 'REIL (17): Monthly Runway End Identifier Lights', 'REIL', 0),
(9, 'REIL (12): Monthly Runway End Identifier Lights', 'REIL', 0),
(10, 'REIL (35): Monthly Runway End Identifier Lights', 'REIL', 0),
(11, 'REIL (30): Monthly Runway End Identifier Lights', 'REIL', 0);

-- --------------------------------------------------------

--
-- Table structure for table `tbl_139_337_main`
--

CREATE TABLE IF NOT EXISTS `tbl_139_337_main` (
  `139337_id` int(10) NOT NULL AUTO_INCREMENT COMMENT 'ID of Record',
  `139337_date` date NOT NULL COMMENT 'Date of Record',
  `139337_time` time NOT NULL COMMENT 'Time of Record',
  `139337_timestamp` timestamp NOT NULL DEFAULT CURRENT_TIMESTAMP COMMENT 'Record born on ',
  `139337_author_by_cb_int` int(10) NOT NULL COMMENT 'Reported by (link)',
  `139337_species_cb_int` int(11) NOT NULL COMMENT 'Species (link)',
  `139337_activity_cb_int` int(11) NOT NULL COMMENT 'Activity (link)',
  `139337_action_cb_int` int(11) NOT NULL COMMENT 'Action (link)',
  `139337_numberofspecies` int(11) NOT NULL COMMENT 'Number of Species',
  `139337_resultsofaction` text COMMENT 'Results of the Action Taken',
  `139337_weather` text COMMENT 'Current Weather',
  `139337_location_x` int(11) NOT NULL COMMENT 'Map Location X',
  `139337_location_y` int(11) NOT NULL COMMENT 'Map Location Y',
  `139337_metar` text COMMENT 'Weather METAR',
  PRIMARY KEY (`139337_id`),
  KEY `139337_author_by_cb_int` (`139337_author_by_cb_int`),
  KEY `139337_species_cb_int` (`139337_species_cb_int`),
  KEY `139337_activity_cb_int` (`139337_activity_cb_int`),
  KEY `139337_action_cb_int` (`139337_action_cb_int`)
) ENGINE=InnoDB DEFAULT CHARSET=latin1 AUTO_INCREMENT=1 ;

-- --------------------------------------------------------

--
-- Table structure for table `tbl_139_337_main_a`
--

CREATE TABLE IF NOT EXISTS `tbl_139_337_main_a` (
  `139337_a_id` int(10) NOT NULL AUTO_INCREMENT,
  `139337_a_inspection_id` int(10) DEFAULT NULL,
  `139337_a_by_cb_int` int(10) DEFAULT NULL,
  `139337_a_reason` longtext,
  `139337_a_yn` tinyint(1) NOT NULL,
  `139337_a_date` date DEFAULT NULL,
  `139337_a_time` time DEFAULT NULL,
  `139337_a_signature` longblob,
  `139337_a_timestamp` timestamp NOT NULL DEFAULT CURRENT_TIMESTAMP,
  PRIMARY KEY (`139337_a_id`),
  KEY `139339_a_by_cb_int` (`139337_a_by_cb_int`),
  KEY `139339_a_inspection_id` (`139337_a_inspection_id`)
) ENGINE=InnoDB DEFAULT CHARSET=latin1 AUTO_INCREMENT=1 ;

-- --------------------------------------------------------

--
-- Table structure for table `tbl_139_337_main_e`
--

CREATE TABLE IF NOT EXISTS `tbl_139_337_main_e` (
  `139337_e_id` int(10) NOT NULL AUTO_INCREMENT,
  `139337_e_inspection_id` int(10) DEFAULT NULL,
  `139337_e_by_cb_int` int(10) DEFAULT NULL,
  `139337_e_reason` longtext,
  `139337_e_yn` tinyint(1) NOT NULL,
  `139337_e_date` date DEFAULT NULL,
  `139337_e_time` time DEFAULT NULL,
  `139337_e_signature` longblob,
  `139337_e_timestamp` timestamp NOT NULL DEFAULT CURRENT_TIMESTAMP,
  PRIMARY KEY (`139337_e_id`),
  KEY `error_out_of_order_inspection_id` (`139337_e_inspection_id`),
  KEY `error_out_of_order_by_cb_int` (`139337_e_by_cb_int`)
) ENGINE=InnoDB DEFAULT CHARSET=latin1 AUTO_INCREMENT=1 ;

-- --------------------------------------------------------

--
-- Table structure for table `tbl_139_337_sub_an`
--

CREATE TABLE IF NOT EXISTS `tbl_139_337_sub_an` (
  `139337_sub_an_id` int(11) NOT NULL AUTO_INCREMENT,
  `139337_sub_an_name` text,
  `139337_sub_an_archived_yn` tinyint(1) NOT NULL DEFAULT '0',
  PRIMARY KEY (`139337_sub_an_id`)
) ENGINE=InnoDB  DEFAULT CHARSET=latin1 AUTO_INCREMENT=6 ;

--
-- Dumping data for table `tbl_139_337_sub_an`
--

INSERT INTO `tbl_139_337_sub_an` (`139337_sub_an_id`, `139337_sub_an_name`, `139337_sub_an_archived_yn`) VALUES
(1, 'Shot', 0),
(2, 'Posioned', 0),
(3, 'Hazed', 0),
(4, 'Trapped', 0),
(5, 'Observed', 0);

-- --------------------------------------------------------

--
-- Table structure for table `tbl_139_337_sub_ay`
--

CREATE TABLE IF NOT EXISTS `tbl_139_337_sub_ay` (
  `139337_sub_ay_id` int(11) NOT NULL AUTO_INCREMENT,
  `139337_sub_ay_name` text,
  `139337_sub_ay_archived_yn` tinyint(1) NOT NULL DEFAULT '0',
  PRIMARY KEY (`139337_sub_ay_id`)
) ENGINE=InnoDB  DEFAULT CHARSET=latin1 AUTO_INCREMENT=5 ;

--
-- Dumping data for table `tbl_139_337_sub_ay`
--

INSERT INTO `tbl_139_337_sub_ay` (`139337_sub_ay_id`, `139337_sub_ay_name`, `139337_sub_ay_archived_yn`) VALUES
(1, 'Grazing', 0),
(2, 'Flying in the area', 0),
(3, 'Sitting', 0),
(4, 'Trapped', 0);

-- --------------------------------------------------------

--
-- Table structure for table `tbl_139_337_sub_s`
--

CREATE TABLE IF NOT EXISTS `tbl_139_337_sub_s` (
  `139337_sub_s_id` int(11) NOT NULL AUTO_INCREMENT,
  `139337_sub_s_name` text,
  `139337_sub_s_archived_yn` tinyint(4) DEFAULT '0',
  `139337_sub_s_statepermit` tinyint(1) DEFAULT '0',
  `139337_sub_s_federalpermit` tinyint(1) DEFAULT '0',
  `139337_sub_s_category` text,
  PRIMARY KEY (`139337_sub_s_id`)
) ENGINE=InnoDB  DEFAULT CHARSET=latin1 AUTO_INCREMENT=65 ;

--
-- Dumping data for table `tbl_139_337_sub_s`
--

INSERT INTO `tbl_139_337_sub_s` (`139337_sub_s_id`, `139337_sub_s_name`, `139337_sub_s_archived_yn`, `139337_sub_s_statepermit`, `139337_sub_s_federalpermit`, `139337_sub_s_category`) VALUES
(2, 'Pheasant', 0, 1, 0, 'Birds : Resident Game'),
(3, 'Grouse', 0, 1, 0, 'Birds : Resident Game'),
(4, 'Quail', 0, 1, 0, 'Birds : Resident Game'),
(5, 'Partridge', 0, 1, 0, 'Birds : Resident Game'),
(6, 'Turkey', 0, 1, 0, 'Birds : Resident Game'),
(7, 'Starlings', 0, 0, 0, 'Birds: Resident Non Game'),
(8, 'House Sparrow', 0, 0, 0, 'Birds: Resident Non Game'),
(9, 'Rock Dove', 0, 0, 0, 'Birds: Resident Non Game'),
(10, 'Ducks', 0, 1, 1, 'Birds : Migratory Game'),
(11, 'Geese', 0, 1, 1, 'Birds : Migratory Game'),
(12, 'Coots', 0, 1, 1, 'Birds : Migratory Game'),
(13, 'Snipe', 0, 1, 1, 'Birds : Migratory Game'),
(14, 'Sandhill Crane', 0, 1, 1, 'Birds : Migratory Game'),
(15, 'Woodcock', 0, 1, 1, 'Birds : Migratory Game'),
(16, 'Crows', 0, 1, 1, 'Birds : Migratory Game'),
(17, 'Mourning Doves', 0, 1, 1, 'Birds : Migratory Game'),
(18, 'Grackels', 0, 0, 0, 'Birds : Depredation Order'),
(19, 'Blackbirds', 0, 0, 0, 'Birds : Depredation Order'),
(20, 'Cowbirds', 0, 0, 0, 'Birds : Depredation Order'),
(21, 'Deer', 0, 1, 0, 'Mammals: Game'),
(22, 'Elk', 0, 1, 0, 'Mammals: Game'),
(23, 'Antelope', 0, 1, 0, 'Mammals: Game'),
(24, 'Bighorn Sheep', 0, 1, 0, 'Mammals: Game'),
(25, 'Mountain Goat', 0, 1, 0, 'Mammals: Game'),
(27, 'Moose', 0, 1, 0, 'Mammals: Game'),
(28, 'Tree Squirrels', 0, 1, 0, 'Mammals: Game'),
(29, 'Cottontail Rabbit', 0, 1, 0, 'Mammals: Game'),
(30, 'Coyote', 0, 0, 0, 'Predators/Varmits'),
(31, 'Red Fox', 0, 0, 0, 'Predators/Varmits'),
(32, 'Gray Fox', 0, 0, 0, 'Predators/Varmits'),
(33, 'Skunks', 0, 0, 0, 'Predators/Varmits'),
(34, 'Gophers', 0, 0, 0, 'Predators/Varmits'),
(35, 'Ground Squirrels', 0, 0, 0, 'Predators/Varmits'),
(36, 'Chipmunks', 0, 0, 0, 'Predators/Varmits'),
(38, 'Jack Rabbits', 0, 0, 0, 'Predators/Varmits'),
(39, 'Marmots', 0, 0, 0, 'Predators/Varmits'),
(40, 'Porcupine', 0, 0, 0, 'Predators/Varmits'),
(41, 'Prairie Dog', 0, 0, 0, 'Predators/Varmits'),
(42, 'Raccoon', 0, 1, 0, 'Furbearers'),
(44, 'Badger', 0, 1, 0, 'Furbearers'),
(45, 'Muskrat', 0, 1, 0, 'Furbearers'),
(46, 'Bobcat', 0, 1, 0, 'Furbearers'),
(47, 'Weasel', 0, 1, 0, 'Furbearers'),
(48, 'Mink', 0, 1, 0, 'Furbearers'),
(49, 'Opossum', 0, 1, 0, 'Furbearers'),
(50, 'Lynx', 0, 1, 0, 'Furbearers: Protected '),
(51, 'Wolf', 0, 1, 0, 'Furbearers: Protected '),
(52, 'Swift Fox', 0, 1, 0, 'Furbearers: Protected '),
(53, 'Black Bear', 0, 1, 0, 'Furbearers: Protected '),
(54, 'Pine Marten', 0, 1, 0, 'Furbearers: Protected '),
(55, 'Fisher', 0, 1, 0, 'Furbearers: Protected '),
(56, 'River Otter', 0, 1, 0, 'Furbearers: Protected '),
(57, 'Mountain Lion', 0, 1, 0, 'Furbearers: Protected '),
(58, 'Black-Footed Ferret', 0, 1, 0, 'Furbearers: Protected '),
(60, 'Dog', 0, 0, 0, 'Mammals: Feral Domestic'),
(61, 'Cats', 0, 0, 0, 'Mammals: Feral Domestic'),
(62, 'Gulls: Franklin', 0, 1, 1, 'Birds: Migratory Nongame'),
(63, 'Gulls: Herring', 0, 1, 1, 'Birds: Migratory Nongame'),
(64, 'Gulls: Ring Bill', 0, 1, 1, 'Birds: Migratory Nongame');

-- --------------------------------------------------------

--
-- Table structure for table `tbl_139_339_main`
--

CREATE TABLE IF NOT EXISTS `tbl_139_339_main` (
  `139339_main_id` int(10) NOT NULL AUTO_INCREMENT,
  `139339_type_cb_int` int(10) DEFAULT NULL,
  `139339_type_cb_txt` longtext,
  `139339_by_cb_int` int(10) DEFAULT NULL,
  `139339_by_cb_txt` varchar(50) DEFAULT NULL,
  `139339_by_signature` longblob,
  `139339_date` date DEFAULT NULL,
  `139339_time` time DEFAULT NULL,
  `139339_timestamp` timestamp NOT NULL DEFAULT CURRENT_TIMESTAMP,
  `139339_metar` text NOT NULL,
  `139339_notes` longtext NOT NULL,
  PRIMARY KEY (`139339_main_id`),
  KEY `139339_type_cb_int` (`139339_type_cb_int`),
  KEY `139339_by_cb_int` (`139339_by_cb_int`)
) ENGINE=InnoDB  DEFAULT CHARSET=latin1 AUTO_INCREMENT=2 ;

--
-- Dumping data for table `tbl_139_339_main`
--

INSERT INTO `tbl_139_339_main` (`139339_main_id`, `139339_type_cb_int`, `139339_type_cb_txt`, `139339_by_cb_int`, `139339_by_cb_txt`, `139339_by_signature`, `139339_date`, `139339_time`, `139339_timestamp`, `139339_metar`, `139339_notes`) VALUES
(1, 1, NULL, 1, NULL, NULL, '2013-07-27', '19:33:50', '2013-07-28 00:34:01', 'T (68F)\r\nDP (66.2F)\r\nV (10SM)\r\nB (29.85Hg)\r\nW 220@7KT\r\nS Mostly Cloudy\r\nC 500\r\nH 94%', 'Mu Values From Vericom 3000 RFM. Check Local NOTAMs');

-- --------------------------------------------------------

--
-- Table structure for table `tbl_139_339_main_t`
--

CREATE TABLE IF NOT EXISTS `tbl_139_339_main_t` (
  `139339_main_t_id` int(10) NOT NULL AUTO_INCREMENT,
  `139339_main_t_name` text,
  `139339_main_t_purpose` longtext NOT NULL,
  `139339_main_t_type_cb_int` int(10) DEFAULT NULL,
  `139339_main_t_type_cb_txt` longtext,
  `139339_main_t_notes` longtext NOT NULL,
  `139339_main_t_a_yn` tinyint(1) NOT NULL DEFAULT '0',
  PRIMARY KEY (`139339_main_t_id`),
  KEY `139339_main_t_type_cb_int` (`139339_main_t_type_cb_int`)
) ENGINE=InnoDB DEFAULT CHARSET=latin1 AUTO_INCREMENT=1 ;

-- --------------------------------------------------------

--
-- Table structure for table `tbl_139_339_main_t_cc`
--

CREATE TABLE IF NOT EXISTS `tbl_139_339_main_t_cc` (
  `139339_t_cc_id` int(10) NOT NULL AUTO_INCREMENT,
  `139339_t_cc_c_cb_int` int(10) DEFAULT NULL,
  `139339_t_cc_c_cb_txt` varchar(255) DEFAULT NULL,
  `139339_t_cc_ficon_cb_int` int(10) DEFAULT NULL,
  `139339_t_cc_ficon_cb_txt` varchar(50) DEFAULT NULL,
  `139339_t_cc_d_yn` text,
  `139339_t_cc_a_yn` tinyint(1) NOT NULL DEFAULT '0',
  PRIMARY KEY (`139339_t_cc_id`),
  KEY `139339_cc_c_cb_int` (`139339_t_cc_c_cb_int`),
  KEY `139339_cc_ficon_cb_int` (`139339_t_cc_ficon_cb_int`)
) ENGINE=InnoDB DEFAULT CHARSET=latin1 AUTO_INCREMENT=1 ;

-- --------------------------------------------------------

--
-- Table structure for table `tbl_139_339_sub_a`
--

CREATE TABLE IF NOT EXISTS `tbl_139_339_sub_a` (
  `139339_a_id` int(10) NOT NULL AUTO_INCREMENT,
  `139339_a_inspection_id` int(10) DEFAULT NULL,
  `139339_a_by_cb_int` int(10) DEFAULT NULL,
  `139339_a_by_cb_txt` varchar(50) DEFAULT NULL,
  `139339_a_reason` longtext,
  `139339_a_yn` tinyint(1) NOT NULL,
  `139339_a_date` date DEFAULT NULL,
  `139339_a_time` time DEFAULT NULL,
  `139339_a_signature` longblob,
  `139339_a_timestamp` timestamp NOT NULL DEFAULT CURRENT_TIMESTAMP,
  PRIMARY KEY (`139339_a_id`),
  KEY `139339_a_by_cb_int` (`139339_a_by_cb_int`),
  KEY `139339_a_inspection_id` (`139339_a_inspection_id`)
) ENGINE=InnoDB DEFAULT CHARSET=latin1 AUTO_INCREMENT=1 ;

-- --------------------------------------------------------

--
-- Table structure for table `tbl_139_339_sub_c`
--

CREATE TABLE IF NOT EXISTS `tbl_139_339_sub_c` (
  `139339_c_id` int(10) NOT NULL AUTO_INCREMENT,
  `139339_c_name` varchar(50) DEFAULT NULL,
  `139339_c_facility_cb_int` int(10) DEFAULT NULL,
  `139339_c_type_cb_int` int(10) DEFAULT NULL,
  `139339_c_archived_yn` tinyint(1) NOT NULL DEFAULT '0',
  `139339_cc_type` tinyint(1) NOT NULL,
  `139339_cc_xloc` int(11) DEFAULT NULL,
  `139339_cc_yloc` int(11) DEFAULT NULL,
  `139339_cc_location_y` text,
  `139339_cc_location_x` text,
  `139339_cc_location_rx` int(11) NOT NULL,
  `139339_cc_location_ry` int(11) NOT NULL,
  `139339_cc_whatami` text NOT NULL,
  `139339_c_order` int(10) DEFAULT NULL,
  PRIMARY KEY (`139339_c_id`),
  KEY `139339_c_type_cb_int` (`139339_c_type_cb_int`),
  KEY `139339_c_facility_cb_int` (`139339_c_facility_cb_int`)
) ENGINE=InnoDB  DEFAULT CHARSET=latin1 AUTO_INCREMENT=68 ;

--
-- Dumping data for table `tbl_139_339_sub_c`
--

INSERT INTO `tbl_139_339_sub_c` (`139339_c_id`, `139339_c_name`, `139339_c_facility_cb_int`, `139339_c_type_cb_int`, `139339_c_archived_yn`, `139339_cc_type`, `139339_cc_xloc`, `139339_cc_yloc`, `139339_cc_location_y`, `139339_cc_location_x`, `139339_cc_location_rx`, `139339_cc_location_ry`, `139339_cc_whatami`, `139339_c_order`) VALUES
(1, 'x1230MuT 1', 4, 1, 0, 0, 1, NULL, '603,667,655,592,603', '693,786,794,701,693', 150, 260, '', NULL),
(2, 'x1230MuT 2', 4, 1, 0, 0, 2, NULL, '667,729,717,655,667', '786,875,883,794,786', 150, 300, '', NULL),
(3, 'x1230MuT 3', 4, 1, 0, 0, 3, NULL, '728,791,780,717,728', '875,967,975,883,875', 190, 330, '', NULL),
(4, 'y1230MuM 1', 4, 1, 0, 0, 4, NULL, '791,854,842,780,791', '967,1057,1065,975,967', 260, 370, '', NULL),
(5, 'y1230MuM 2', 4, 1, 0, 0, 5, NULL, '854,917,905,842,854', '1057,1148,1156,1065,1057', 290, 390, '', NULL),
(6, 'y1230MuM 3', 4, 1, 0, 0, 6, NULL, '917,978,967,905,917', '1148,1238,1246,1156,1148', 330, 420, '', NULL),
(7, 'z1230MuR 1', 4, 1, 0, 0, 7, NULL, '978,1041,1030,967,978', '1238,1329,1337,1246,1238', 370, 440, '', NULL),
(8, 'z1230MuR 2', 4, 1, 0, 0, 8, NULL, '1041,1103,1092,1030,1041', '1329,1419,1427,1337,1329', 540, 450, '', NULL),
(9, 'z1230MuR 3', 4, 1, 0, 0, 9, NULL, '1103,1166,1154,1092,1103', '1419,1510,1518,1427,1419', 600, 520, '', NULL),
(10, 'x1735MuT 1', 3, 1, 0, 0, 1, NULL, '796,684,684,796,796', '1383,1384,1369,1369,1383', 540, 250, '', NULL),
(11, 'x1735MuT 2', 3, 1, 0, 0, 2, NULL, '796,906,905,796,796', '1369,1368,1383,1383,1369', 540, 300, '', NULL),
(12, 'x1735MuT 3', 3, 1, 0, 0, 3, NULL, '905,1016,1016,905,905', '1368,1368,1382,1383,1368', 540, 380, '', NULL),
(13, 'y1735MuM 1', 3, 1, 0, 0, 4, NULL, '1016,1126,1126,1016,1016', '1368,1367,1382,1382,1368', 540, 420, '', NULL),
(14, 'y1735MuM 2', 3, 1, 0, 0, 5, NULL, '1126,1237,1237,1126,1126', '1367,1367,1381,1382,1367', 540, 480, '', NULL),
(15, 'y1735MuM 3', 3, 1, 0, 0, 6, NULL, '1237,1347,1347,1237,1237', '1367,1366,1381,1381,1367', 540, 550, '', NULL),
(16, 'z1735MuR 1', 3, 1, 0, 0, 7, NULL, '1347,1457,1457,1347,1347', '1366,1366,1381,1381,1366', 540, 610, '', NULL),
(17, 'z1735MuR 2', 3, 1, 0, 0, 8, NULL, '1457,1567,1567,1457,1457', '1366,1366,1380,1381,1366', 540, 650, '', NULL),
(18, 'z1735MuR 3', 3, 1, 0, 0, 9, NULL, '1567,1675,1675,1567,1567', '1366,1365,1380,1380,1366', 540, 690, '', NULL),
(19, 'A - 1 Mu', 8, 1, 0, 0, NULL, NULL, '612,608,604,599,596,592,588,585,560,556,555,554,555,556,548,545,544,545,548,553,557,562,569,588,591,593,593,593,593,612', '732,728,726,725,724,725,726,727,745,749,752,756,761,765,770,763,756,750,743,738,734,731,726,713,710,708,707,705,704,732', 270, 250, '', NULL),
(20, 'A - 2 Mu', 9, 1, 0, 0, NULL, NULL, '765,743,740,738,738,738,748,720,723,726,730,733,736,762,777,779,781,783,783,784,785,785,784,783,802,798,796,792,789,779,765', '1011,1018,1020,1023,1025,1027,1046,1002,1006,1008,1010,1010,1010,1001,996,994,993,992,990,989,987,985,983,980,1007,1004,1003,1002,1002,1006,1011', 220, 350, '', NULL),
(21, 'A - 3 Mu', 10, 1, 0, 0, NULL, NULL, '1006,949,946,945,944,944,928,934,939,946,976,983,989,993,995,996,996,996,995,1024,1019,1016,1013,1010,1006', '1321,1322,1322,1323,1324,1327,1304,1310,1312,1313,1312,1311,1309,1304,1300,1297,1294,1292,1287,1329,1325,1323,1321,1320,1321', 540, 350, '', NULL),
(22, 'A - 4 Mu', 11, 1, 0, 0, NULL, NULL, '1155,1149,1135,1129,1115,1110,1102,1095,1089,1083,1080,1075,1081,1085,1089,1093,1100,1104,1110,1124,1131,1135,1138,1139,1139,1139,1138,1138,1155', '1518,1522,1529,1533,1543,1547,1548,1548,1546,1543,1540,1532,1527,1531,1536,1539,1540,1539,1535,1526,1521,1517,1512,1507,1503,1499,1495,1494,1518', 600, 490, '', NULL),
(23, 'B Mu', 6, 1, 0, 0, NULL, NULL, '727,732,733,737,747,746,745,743,742,741,740,731,720,710,702,702,702,704,706,709,713,717,686,688,689,690,701,714,722,731,732,731,730,728,727', '1043,1039,1041,1042,1057,1056,1056,1056,1057,1058,1062,1132,1209,1288,1340,1348,1352,1357,1360,1363,1367,1369,1369,1366,1363,1355,1280,1182,1120,1053,1050,1048,1046,1044,1043', 460, 290, '', NULL),
(24, 'C - 1 Mu', 12, 1, 0, 0, NULL, NULL, '1675,1647,1653,1657,1660,1662,1663,1664,1664,1664,1664,1664,1663,1662,1662,1661,1660,1658,1657,1636,1635,1661,1665,1668,1670,1672,1674,1675,1675,1675', '1365,1365,1362,1359,1356,1352,1350,1347,1345,1330,1329,1327,1325,1324,1323,1322,1322,1321,1321,1319,1312,1312,1312,1314,1316,1319,1322,1326,1336,1365', 540, 740, '', NULL),
(25, 'A Mu', 5, 1, 0, 0, NULL, NULL, '1075,1032,983,980,976,972,967,964,964,951,952,954,955,956,956,916,850,779,747,737,733,732,704,667,599,571,547,557,569,602,677,720,726,737,748,909,928,944,967,969,972,975,977,980,991,991,988,986,986,985,987,1064,1082,1075', '1532,1469,1399,1394,1389,1386,1383,1382,1368,1368,1367,1366,1365,1362,1359,1301,1205,1103,1057,1042,1041,1039,999,944,845,805,770,765,783,832,940,1002,1011,1028,1046,1279,1304,1327,1359,1362,1364,1366,1367,1368,1368,1382,1384,1385,1387,1390,1392,1504,1527,1532', 440, 375, '', NULL),
(26, 'C Mu', 7, 1, 0, 0, NULL, NULL, '1636,1590,1465,1412,1391,1365,1340,1319,1283,1220,1169,1124,1080,1067,1063,1059,1056,1054,1052,1052,1054,1039,1026,1029,1035,1039,1044,1071,1152,1217,1281,1341,1387,1425,1456,1494,1522,1545,1573,1601,1625,1635,1636', '1319,1319,1319,1320,1320,1320,1320,1320,1320,1320,1320,1321,1321,1321,1322,1325,1328,1331,1336,1341,1347,1326,1307,1309,1312,1314,1314,1314,1314,1313,1313,1313,1313,1313,1313,1312,1312,1312,1312,1312,1312,1312,1319', 540, 530, '', NULL),
(27, 'C - 2 Mu', 13, 1, 0, 0, NULL, NULL, '1385,1328,1334,1339,1343,1348,1350,1351,1351,1350,1349,1348,1346,1344,1342,1319,1391,1366,1364,1362,1362,1362,1365,1369,1374,1378,1385', '1366,1367,1364,1361,1358,1352,1346,1343,1330,1327,1325,1324,1323,1322,1322,1320,1320,1323,1325,1328,1333,1344,1352,1358,1362,1364,1366', 540, 580, '', NULL),
(28, 'Rwy 17 / 35 Condition', 3, 1, 0, 2, NULL, NULL, NULL, NULL, 0, 0, '', NULL),
(29, 'Rwy 12 / 30 Condition', 4, 1, 0, 2, NULL, NULL, NULL, NULL, 0, 0, '', NULL),
(30, 'A - 1 Condition', 8, 1, 0, 2, NULL, NULL, NULL, NULL, 0, 0, '', NULL),
(31, 'A - 2 Condition', 9, 1, 0, 2, NULL, NULL, NULL, NULL, 0, 0, '', NULL),
(32, 'A - 4 Condition', 11, 1, 0, 2, NULL, NULL, NULL, NULL, 0, 0, '', NULL),
(33, 'A - 3 Condition', 10, 1, 0, 2, NULL, NULL, NULL, NULL, 0, 0, '', NULL),
(34, 'B Condition', 6, 1, 0, 2, NULL, NULL, NULL, NULL, 0, 0, '', NULL),
(35, 'C Condition', 7, 1, 0, 2, NULL, NULL, NULL, NULL, 0, 0, '', NULL),
(36, 'C - 1 Condition', 12, 1, 0, 2, NULL, NULL, NULL, NULL, 0, 0, '', NULL),
(37, 'C - 2 Condition', 13, 1, 0, 2, NULL, NULL, NULL, NULL, 0, 0, '', NULL),
(38, 'Rwy 12 / 30 Closed', 4, 1, 0, 1, NULL, NULL, NULL, NULL, 0, 0, '', NULL),
(39, 'Rwy 17 / 35 Closed', 3, 1, 0, 1, NULL, NULL, NULL, NULL, 0, 0, '', NULL),
(40, 'A Closed', 5, 1, 0, 1, NULL, NULL, NULL, NULL, 0, 0, '', NULL),
(41, 'A - 1 Closed', 8, 1, 0, 1, NULL, NULL, NULL, NULL, 0, 0, '', NULL),
(42, 'A - 2 Closed', 9, 1, 0, 1, NULL, NULL, NULL, NULL, 0, 0, '', NULL),
(43, 'A - 3 Closed', 10, 1, 0, 1, NULL, NULL, NULL, NULL, 0, 0, '', NULL),
(44, 'A - 4 Closed', 11, 1, 0, 1, NULL, NULL, NULL, NULL, 0, 0, '', NULL),
(45, 'B Closed', 6, 1, 0, 1, NULL, NULL, NULL, NULL, 0, 0, '', NULL),
(46, 'C Closed', 7, 1, 0, 1, NULL, NULL, NULL, NULL, 0, 0, '', NULL),
(47, 'C - 1 Closed', 12, 1, 0, 1, NULL, NULL, NULL, NULL, 0, 0, '', NULL),
(48, 'C - 2 Closed', 13, 1, 0, 1, NULL, NULL, NULL, NULL, 0, 0, '', NULL),
(49, 'A Condition', 5, 1, 0, 2, NULL, NULL, NULL, NULL, 0, 0, '', NULL),
(50, 'In Effect', 14, 1, 0, 1, NULL, NULL, NULL, NULL, 0, 0, '', NULL),
(51, 'isfrom17', 15, 1, 0, 3, NULL, NULL, NULL, NULL, 0, 0, '', NULL),
(52, 'isfrom12', 16, 1, 0, 4, NULL, NULL, NULL, NULL, 0, 0, '', NULL),
(56, 'terminal ramp Mu', 18, 1, 0, 0, NULL, NULL, '664,630,668,701,664', '1022,972,946,997,1022', 390, 220, '', NULL),
(57, 'terminal ramp Condition', 18, 1, 0, 2, NULL, NULL, NULL, NULL, 0, 0, '', NULL),
(58, 'terminal ramp Closed', 18, 1, 0, 1, NULL, NULL, NULL, NULL, 0, 0, '', NULL),
(59, 'garamp Mu', 17, 1, 0, 0, NULL, NULL, '668,630,623,622,613,612,602,596,617,613,591,578,576,574,572,570,562,589,585,557,551,579,576,561,558,563,560,568,569,560,567,578,598,668', '946,972,963,965,952,951,958,949,934,927,942,924,924,924,925,925,912,893,887,905,897,878,873,884,880,876,871,866,864,850,845,860,846,946', 330, 220, '', NULL),
(60, 'garamp Condition', 17, 1, 0, 2, NULL, NULL, NULL, NULL, 0, 0, '', NULL),
(61, 'garamp Closed', 17, 1, 0, 1, NULL, NULL, NULL, NULL, 0, 0, '', NULL),
(62, 'cargoramp Mu', 19, 1, 0, 0, NULL, NULL, '720,680,664,665,665,665,702,720', '1023,1051,1029,1027,1024,1022,996,1023', 420, 270, '', NULL),
(63, 'cargoramp Condition', 19, 1, 0, 2, NULL, NULL, NULL, NULL, 0, 0, '', NULL),
(64, 'cargoramp Closed', 19, 1, 0, 1, NULL, NULL, NULL, NULL, 0, 0, '', NULL),
(65, 'fboramp Mu', 20, 1, 0, 0, NULL, NULL, '727,725,723,721,721,720,717,700,685,680,712,721,732,727', '1044,1043,1043,1044,1046,1050,1069,1081,1059,1051,1029,1023,1040,1044', 430, 310, '', NULL),
(66, 'fboramp Condition', 20, 1, 0, 2, NULL, NULL, NULL, NULL, 0, 0, '', NULL),
(67, 'fboramp Closed', 20, 1, 0, 1, NULL, NULL, NULL, NULL, 0, 0, '', NULL);

-- --------------------------------------------------------

--
-- Table structure for table `tbl_139_339_sub_c_c`
--

CREATE TABLE IF NOT EXISTS `tbl_139_339_sub_c_c` (
  `139339_cc_id` int(10) NOT NULL AUTO_INCREMENT,
  `139339_cc_c_cb_int` int(10) DEFAULT NULL,
  `139339_cc_ficon_cb_int` int(10) DEFAULT NULL,
  `139339_cc_d_yn` text,
  `139339_cc_a_yn` tinyint(1) NOT NULL DEFAULT '0',
  PRIMARY KEY (`139339_cc_id`),
  KEY `139339_cc_c_cb_int` (`139339_cc_c_cb_int`),
  KEY `139339_cc_ficon_cb_int` (`139339_cc_ficon_cb_int`)
) ENGINE=InnoDB  DEFAULT CHARSET=latin1 AUTO_INCREMENT=65 ;

--
-- Dumping data for table `tbl_139_339_sub_c_c`
--

INSERT INTO `tbl_139_339_sub_c_c` (`139339_cc_id`, `139339_cc_c_cb_int`, `139339_cc_ficon_cb_int`, `139339_cc_d_yn`, `139339_cc_a_yn`) VALUES
(1, 50, 1, '', 0),
(2, 51, 1, '', 0),
(3, 39, 1, '', 0),
(4, 28, 1, '', 0),
(5, 10, 1, '', 0),
(6, 11, 1, '', 0),
(7, 12, 1, '', 0),
(8, 13, 1, '', 0),
(9, 14, 1, '', 0),
(10, 15, 1, '', 0),
(11, 16, 1, '', 0),
(12, 17, 1, '', 0),
(13, 18, 1, '', 0),
(14, 52, 1, '', 0),
(15, 38, 1, '', 0),
(16, 29, 1, '', 0),
(17, 1, 1, '', 0),
(18, 2, 1, '', 0),
(19, 3, 1, '', 0),
(20, 4, 1, '', 0),
(21, 5, 1, '', 0),
(22, 6, 1, '', 0),
(23, 7, 1, '', 0),
(24, 8, 1, '', 0),
(25, 9, 1, '', 0),
(26, 40, 1, '', 0),
(27, 49, 1, '', 0),
(28, 25, 1, '', 0),
(29, 41, 1, '', 0),
(30, 30, 1, '', 0),
(31, 19, 1, '', 0),
(32, 42, 1, '', 0),
(33, 31, 1, '', 0),
(34, 20, 1, '', 0),
(35, 43, 1, '', 0),
(36, 33, 1, '', 0),
(37, 21, 1, '', 0),
(38, 44, 1, '', 0),
(39, 32, 1, '', 0),
(40, 22, 1, '', 0),
(41, 45, 1, '', 0),
(42, 34, 1, '', 0),
(43, 23, 1, '', 0),
(44, 46, 1, '', 0),
(45, 35, 1, '', 0),
(46, 26, 1, '', 0),
(47, 47, 1, '', 0),
(48, 36, 1, '', 0),
(49, 24, 1, '', 0),
(50, 48, 1, '', 0),
(51, 37, 1, '', 0),
(52, 27, 1, '', 0),
(53, 61, 1, '', 0),
(54, 60, 1, '', 0),
(55, 59, 1, '', 0),
(56, 58, 1, '', 0),
(57, 57, 1, '', 0),
(58, 56, 1, '', 0),
(59, 64, 1, '', 0),
(60, 63, 1, '', 0),
(61, 62, 1, '', 0),
(62, 67, 1, '', 0),
(63, 66, 1, '', 0),
(64, 65, 1, '', 0);

-- --------------------------------------------------------

--
-- Table structure for table `tbl_139_339_sub_c_f`
--

CREATE TABLE IF NOT EXISTS `tbl_139_339_sub_c_f` (
  `139339_f_id` int(11) NOT NULL AUTO_INCREMENT,
  `139339_f_name` varchar(50) DEFAULT NULL,
  `139339_f_rwy_yn` tinyint(1) DEFAULT '0',
  `139339_f_order` int(10) DEFAULT NULL,
  `139339_f_locx` int(11) DEFAULT NULL,
  `139339_f_locy` int(11) DEFAULT NULL,
  `139339_f_archived_yn` tinyint(1) NOT NULL DEFAULT '0',
  PRIMARY KEY (`139339_f_id`)
) ENGINE=InnoDB  DEFAULT CHARSET=latin1 AUTO_INCREMENT=21 ;

--
-- Dumping data for table `tbl_139_339_sub_c_f`
--

INSERT INTO `tbl_139_339_sub_c_f` (`139339_f_id`, `139339_f_name`, `139339_f_rwy_yn`, `139339_f_order`, `139339_f_locx`, `139339_f_locy`, `139339_f_archived_yn`) VALUES
(3, 'Rwy 17 / 35', 1, 2, 10, 90, 0),
(4, 'Rwy 12 / 30', 1, 3, NULL, NULL, 0),
(5, 'Twy A', 0, 4, 10, 455, 0),
(6, 'Twy B', 0, 9, 10, 610, 0),
(7, 'Twy C', 0, 10, 10, 677, 0),
(8, 'Twy A - 1', 0, 5, NULL, NULL, 0),
(9, 'Twy A - 2', 0, 6, NULL, NULL, 0),
(10, 'Twy A - 3', 0, 7, NULL, NULL, 0),
(11, 'Twy A - 4', 0, 8, NULL, NULL, 0),
(12, 'Twy C - 1', 0, 11, NULL, NULL, 0),
(13, 'Twy C - 2', 0, 12, NULL, NULL, 0),
(14, 'Snow Operations', 3, 1, 459, 175, 0),
(15, 'Mus From 17 or From 35 ?', 2, 2, 459, 90, 0),
(16, 'Mus From 12 or From 30 ?', 2, 3, NULL, NULL, 0),
(17, 'G.A. Ramp', 8, 14, 10, 790, 0),
(18, 'Terminal Ramp', 8, 15, NULL, NULL, 0),
(19, 'Cargo Ramp', 8, 16, NULL, NULL, 0),
(20, 'FBO Ramp', 8, 17, NULL, NULL, 0);

-- --------------------------------------------------------

--
-- Table structure for table `tbl_139_339_sub_d`
--

CREATE TABLE IF NOT EXISTS `tbl_139_339_sub_d` (
  `Discrepancy_id` int(10) NOT NULL AUTO_INCREMENT,
  `discrepancy_checklist_id` int(10) DEFAULT NULL,
  `Discrepancy_inspection_id` int(10) DEFAULT NULL,
  `discrepancy_type_cb_int` int(11) NOT NULL,
  `discrepancy_type_cb_txt` text,
  `Discrepancy_by_cb_int` int(10) DEFAULT NULL,
  `discrepancy_by_cb_text` varchar(255) DEFAULT NULL,
  `Discrepancy_name` varchar(100) DEFAULT NULL,
  `discrepancy_remarks` longtext,
  `Discrepancy_date` date DEFAULT NULL,
  `Discrepancy_time` time DEFAULT NULL,
  `discrepancy_timestamp` timestamp NULL DEFAULT CURRENT_TIMESTAMP,
  `Discrepancy_location_x` int(10) DEFAULT NULL,
  `Discrepancy_location_y` int(10) DEFAULT NULL,
  `discrepancy_xpoints` longtext,
  `discrepancy_ypoints` longtext,
  `discrepancy_priority` varchar(50) DEFAULT NULL,
  `discrepancy_quadrent` int(10) DEFAULT NULL,
  `discrepancy_enteredonpda` tinyint(1) NOT NULL DEFAULT '0',
  `discrepancy_photo` longblob,
  `discrepancy_sketch` longblob,
  `discrepancy_signature` longblob,
  PRIMARY KEY (`Discrepancy_id`),
  KEY `Discrepancy_inspection_id` (`Discrepancy_inspection_id`),
  KEY `Discrepancy_by_cb_int` (`Discrepancy_by_cb_int`),
  KEY `discrepancy_type_cb_int` (`discrepancy_type_cb_int`)
) ENGINE=InnoDB  DEFAULT CHARSET=latin1 AUTO_INCREMENT=2 ;

--
-- Dumping data for table `tbl_139_339_sub_d`
--

INSERT INTO `tbl_139_339_sub_d` (`Discrepancy_id`, `discrepancy_checklist_id`, `Discrepancy_inspection_id`, `discrepancy_type_cb_int`, `discrepancy_type_cb_txt`, `Discrepancy_by_cb_int`, `discrepancy_by_cb_text`, `Discrepancy_name`, `discrepancy_remarks`, `Discrepancy_date`, `Discrepancy_time`, `discrepancy_timestamp`, `Discrepancy_location_x`, `Discrepancy_location_y`, `discrepancy_xpoints`, `discrepancy_ypoints`, `discrepancy_priority`, `discrepancy_quadrent`, `discrepancy_enteredonpda`, `discrepancy_photo`, `discrepancy_sketch`, `discrepancy_signature`) VALUES
(1, 0, 1, 1, NULL, 1, NULL, 'test', 'test', '2013-07-27', '19:34:07', '2013-07-28 00:34:19', 1011, 771, NULL, NULL, '1', NULL, 0, NULL, NULL, NULL);

-- --------------------------------------------------------

--
-- Table structure for table `tbl_139_339_sub_d_tmp`
--

CREATE TABLE IF NOT EXISTS `tbl_139_339_sub_d_tmp` (
  `Discrepancy_id` int(10) NOT NULL AUTO_INCREMENT,
  `discrepancy_checklist_id` int(10) DEFAULT NULL,
  `Discrepancy_inspection_id` int(10) DEFAULT NULL,
  `discrepancy_type_cb_int` int(11) NOT NULL,
  `discrepancy_type_cb_txt` text,
  `Discrepancy_by_cb_int` int(10) DEFAULT NULL,
  `discrepancy_by_cb_text` varchar(255) DEFAULT NULL,
  `Discrepancy_name` varchar(100) DEFAULT NULL,
  `discrepancy_remarks` longtext,
  `Discrepancy_date` date DEFAULT NULL,
  `Discrepancy_time` time DEFAULT NULL,
  `discrepancy_timestamp` timestamp NULL DEFAULT CURRENT_TIMESTAMP,
  `Discrepancy_location_x` int(10) DEFAULT NULL,
  `Discrepancy_location_y` int(10) DEFAULT NULL,
  `discrepancy_xpoints` longtext,
  `discrepancy_ypoints` longtext,
  `discrepancy_priority` varchar(50) DEFAULT NULL,
  `discrepancy_quadrent` int(10) DEFAULT NULL,
  `discrepancy_enteredonpda` tinyint(1) NOT NULL DEFAULT '0',
  `discrepancy_photo` longblob,
  `discrepancy_sketch` longblob,
  `discrepancy_signature` longblob,
  PRIMARY KEY (`Discrepancy_id`)
) ENGINE=InnoDB DEFAULT CHARSET=latin1 AUTO_INCREMENT=1 ;

-- --------------------------------------------------------

--
-- Table structure for table `tbl_139_339_sub_e`
--

CREATE TABLE IF NOT EXISTS `tbl_139_339_sub_e` (
  `139339_eoo_id` int(10) NOT NULL AUTO_INCREMENT,
  `139339_eoo_i_id` int(10) DEFAULT NULL,
  `139339_eoo_by_cb_int` int(10) DEFAULT NULL,
  `139339_eoo_by_cb_txt` varchar(50) DEFAULT NULL,
  `139339_eoo_reason` longtext,
  `139339_eoo_yn` tinyint(1) NOT NULL,
  `139339_eoo_date` date DEFAULT NULL,
  `139339_eoo_time` time DEFAULT NULL,
  `139339_eoo_signature` longblob,
  `139339_eoo_timestamp` timestamp NOT NULL DEFAULT CURRENT_TIMESTAMP,
  PRIMARY KEY (`139339_eoo_id`),
  KEY `139339_eoo_by_cb_int` (`139339_eoo_by_cb_int`),
  KEY `139339_eoo_i_id` (`139339_eoo_i_id`)
) ENGINE=InnoDB DEFAULT CHARSET=latin1 AUTO_INCREMENT=1 ;

-- --------------------------------------------------------

--
-- Table structure for table `tbl_139_339_sub_n`
--

CREATE TABLE IF NOT EXISTS `tbl_139_339_sub_n` (
  `139339_sub_n_id` int(10) NOT NULL AUTO_INCREMENT,
  `139339_sub_n_type_cb_int` int(10) DEFAULT NULL,
  `139339_sub_n_by_cb_int` int(10) DEFAULT NULL,
  `139339_sub_n_date` date DEFAULT NULL,
  `139339_sub_n_wx_in` text,
  `139339_sub_n_fbo_in` text,
  `139339_sub_n_airline_in` text,
  `139339_sub_n_time` time DEFAULT NULL,
  `139339_sub_n_closed_yn` tinyint(1) NOT NULL DEFAULT '0',
  `139339_sub_n_date_closed` date DEFAULT NULL,
  `139339_sub_n_time_closed` time DEFAULT NULL,
  `139339_sub_n_timestamp` timestamp NOT NULL DEFAULT CURRENT_TIMESTAMP,
  `139339_sub_n_metar` text NOT NULL,
  `139339_sub_n_notes` longtext NOT NULL,
  `139339_sub_n_dlinkref` text NOT NULL COMMENT 'Random Hash used to link a draft form to the Linked Discrepancies',
  `139339_sub_n_archived_yn` tinyint(1) NOT NULL DEFAULT '0',
  PRIMARY KEY (`139339_sub_n_id`),
  KEY `139339_sub_n_type_cb_int` (`139339_sub_n_type_cb_int`),
  KEY `139339_sub_n_by_cb_int` (`139339_sub_n_by_cb_int`)
) ENGINE=InnoDB DEFAULT CHARSET=latin1 AUTO_INCREMENT=1 ;

-- --------------------------------------------------------

--
-- Table structure for table `tbl_139_339_sub_n_a`
--

CREATE TABLE IF NOT EXISTS `tbl_139_339_sub_n_a` (
  `139339_n_a_id` int(10) NOT NULL AUTO_INCREMENT,
  `139339_n_a_inspection_id` int(10) DEFAULT NULL,
  `139339_n_a_by_cb_int` int(10) DEFAULT NULL,
  `139339_n_a_by_cb_txt` varchar(50) DEFAULT NULL,
  `139339_n_a_reason` longtext,
  `139339_n_a_yn` tinyint(1) NOT NULL,
  `139339_n_a_date` date DEFAULT NULL,
  `139339_n_a_time` time DEFAULT NULL,
  `139339_n_a_signature` longblob,
  `139339_n_a_timestamp` timestamp NOT NULL DEFAULT CURRENT_TIMESTAMP,
  PRIMARY KEY (`139339_n_a_id`),
  KEY `139339_n_a_inspection_id` (`139339_n_a_inspection_id`),
  KEY `139339_n_a_by_cb_int` (`139339_n_a_by_cb_int`)
) ENGINE=InnoDB DEFAULT CHARSET=latin1 AUTO_INCREMENT=1 ;

-- --------------------------------------------------------

--
-- Table structure for table `tbl_139_339_sub_n_cc`
--

CREATE TABLE IF NOT EXISTS `tbl_139_339_sub_n_cc` (
  `139339_cc_id` int(10) NOT NULL AUTO_INCREMENT,
  `139339_cc_c_cb_int` int(10) DEFAULT NULL,
  `139339_cc_c_cb_txt` varchar(255) DEFAULT NULL,
  `139339_cc_ficon_cb_int` int(10) DEFAULT NULL,
  `139339_cc_ficon_cb_txt` varchar(50) DEFAULT NULL,
  `139339_cc_d_yn` text,
  `139339_cc_a_yn` tinyint(1) NOT NULL DEFAULT '0',
  PRIMARY KEY (`139339_cc_id`),
  KEY `139339_cc_c_cb_int` (`139339_cc_c_cb_int`),
  KEY `139339_cc_ficon_cb_int` (`139339_cc_ficon_cb_int`)
) ENGINE=InnoDB DEFAULT CHARSET=latin1 AUTO_INCREMENT=1 ;

-- --------------------------------------------------------

--
-- Table structure for table `tbl_139_339_sub_n_dlink`
--

CREATE TABLE IF NOT EXISTS `tbl_139_339_sub_n_dlink` (
  `139_339_n_dlink_id` int(11) NOT NULL AUTO_INCREMENT COMMENT 'ID of Linked Discrepancy Row',
  `139_339_n_dlink_notam_id` int(11) NOT NULL COMMENT 'ID of the Associated NOTAM',
  `139_339_n_dlink_discrepancy_id` int(11) NOT NULL COMMENT 'ID of the Associated Discrepancy',
  `139_339_n_dlink_hidden` int(1) NOT NULL DEFAULT '0' COMMENT '0: Show / 1: Hide',
  PRIMARY KEY (`139_339_n_dlink_id`),
  KEY `139_339_n_dlink_notam_id` (`139_339_n_dlink_notam_id`),
  KEY `139_339_n_dlink_discrepancy_id` (`139_339_n_dlink_discrepancy_id`)
) ENGINE=InnoDB DEFAULT CHARSET=latin1 COMMENT='Link NOTAM to discrepancies' AUTO_INCREMENT=1 ;

-- --------------------------------------------------------

--
-- Table structure for table `tbl_139_339_sub_n_dlink_tmp`
--

CREATE TABLE IF NOT EXISTS `tbl_139_339_sub_n_dlink_tmp` (
  `139_339_n_dlink_id` int(11) NOT NULL AUTO_INCREMENT COMMENT 'ID of Linked Discrepancy Row',
  `139_339_n_dlink_notam_id` text NOT NULL COMMENT 'DLink Ref Hash of the Associated NOTAM',
  `139_339_n_dlink_discrepancy_id` int(11) NOT NULL COMMENT 'ID of the Associated Discrepancy',
  `139_339_n_dlink_hidden` int(1) NOT NULL DEFAULT '0' COMMENT '0: Show / 1: Hide',
  PRIMARY KEY (`139_339_n_dlink_id`)
) ENGINE=InnoDB DEFAULT CHARSET=latin1 COMMENT='Link NOTAM to discrepancies' AUTO_INCREMENT=1 ;

-- --------------------------------------------------------

--
-- Table structure for table `tbl_139_339_sub_n_e`
--

CREATE TABLE IF NOT EXISTS `tbl_139_339_sub_n_e` (
  `139339_n_e_id` int(10) NOT NULL AUTO_INCREMENT,
  `139339_n_e_inspection_id` int(10) DEFAULT NULL,
  `139339_n_e_by_cb_int` int(10) DEFAULT NULL,
  `139339_n_e_by_cb_txt` varchar(50) DEFAULT NULL,
  `139339_n_e_reason` longtext,
  `139339_n_e_yn` tinyint(1) NOT NULL,
  `139339_n_e_date` date DEFAULT NULL,
  `139339_n_e_time` time DEFAULT NULL,
  `139339_n_e_signature` longblob,
  `139339_n_e_timestamp` timestamp NOT NULL DEFAULT CURRENT_TIMESTAMP,
  PRIMARY KEY (`139339_n_e_id`),
  KEY `139339_a_by_cb_int` (`139339_n_e_by_cb_int`),
  KEY `139339_a_inspection_id` (`139339_n_e_inspection_id`)
) ENGINE=InnoDB DEFAULT CHARSET=latin1 AUTO_INCREMENT=1 ;

-- --------------------------------------------------------

--
-- Table structure for table `tbl_139_339_sub_n_r`
--

CREATE TABLE IF NOT EXISTS `tbl_139_339_sub_n_r` (
  `139339_sub_n_r_id` int(10) NOT NULL AUTO_INCREMENT,
  `139339_sub_n_r_cancelled_id_int` int(11) DEFAULT NULL,
  `139339_sub_n_r_by_cb_int` int(10) DEFAULT NULL,
  `139339_sub_n_r_by_cb_txt` varchar(50) DEFAULT NULL,
  `139339_sub_n_r_by_signature` longblob,
  `139339_sub_n_r_date` date DEFAULT NULL,
  `139339_sub_n_r_wx_in` text,
  `139339_sub_n_r_fbo_in` text,
  `139339_sub_n_r_airline_in` text,
  `139339_sub_n_r_time` time DEFAULT NULL,
  `139339_sub_n_r_closed_yn` tinyint(1) NOT NULL DEFAULT '0',
  `139339_sub_nr__timestamp` timestamp NOT NULL DEFAULT CURRENT_TIMESTAMP,
  `139339_sub_n_r_notes` longtext NOT NULL,
  `139339_sub_n_r_archived_yn` tinyint(1) NOT NULL DEFAULT '0',
  PRIMARY KEY (`139339_sub_n_r_id`),
  KEY `139339_sub_n_by_cb_int` (`139339_sub_n_r_by_cb_int`),
  KEY `139339_sub_n_cancelled_id_int` (`139339_sub_n_r_cancelled_id_int`)
) ENGINE=InnoDB DEFAULT CHARSET=latin1 AUTO_INCREMENT=1 ;

-- --------------------------------------------------------

--
-- Table structure for table `tbl_139_339_sub_t`
--

CREATE TABLE IF NOT EXISTS `tbl_139_339_sub_t` (
  `139339_type_id` int(10) NOT NULL AUTO_INCREMENT,
  `139339_type` varchar(200) DEFAULT NULL,
  `139339_type_short_name` varchar(50) DEFAULT NULL,
  `139339_periodstart` date DEFAULT NULL,
  `139339_periodend` date DEFAULT NULL,
  `139339_type_archived_yn` tinyint(1) NOT NULL DEFAULT '0',
  PRIMARY KEY (`139339_type_id`)
) ENGINE=InnoDB  DEFAULT CHARSET=latin1 AUTO_INCREMENT=3 ;

--
-- Dumping data for table `tbl_139_339_sub_t`
--

INSERT INTO `tbl_139_339_sub_t` (`139339_type_id`, `139339_type`, `139339_type_short_name`, `139339_periodstart`, `139339_periodend`, `139339_type_archived_yn`) VALUES
(1, '11/06/2007 - Current', 'Current', '2007-11-06', NULL, 0),
(2, 'Past - 11/6/2007', 'Past', '1970-01-01', '2007-10-01', 0);

-- --------------------------------------------------------

--
-- Table structure for table `tbl_139_339_sub_t_i`
--

CREATE TABLE IF NOT EXISTS `tbl_139_339_sub_t_i` (
  `139339_sub_t_i_id` int(10) NOT NULL AUTO_INCREMENT,
  `139339_sub_t_id_int` int(10) DEFAULT NULL,
  `139339_sub_t_id_text` varchar(50) DEFAULT NULL,
  `139339_sub_t_image` text,
  `139339_type_archived_yn` tinyint(1) NOT NULL DEFAULT '0',
  PRIMARY KEY (`139339_sub_t_i_id`),
  KEY `139339_sub_t_id_int` (`139339_sub_t_id_int`)
) ENGINE=InnoDB  DEFAULT CHARSET=latin1 AUTO_INCREMENT=3 ;

--
-- Dumping data for table `tbl_139_339_sub_t_i`
--

INSERT INTO `tbl_139_339_sub_t_i` (`139339_sub_t_i_id`, `139339_sub_t_id_int`, `139339_sub_t_id_text`, `139339_sub_t_image`, `139339_type_archived_yn`) VALUES
(1, 2, NULL, 'alp_inspection_new4.gif', 0),
(2, 1, NULL, 'alp_inspection_new4_current.gif', 0);

-- --------------------------------------------------------

--
-- Table structure for table `tbl_139_modules`
--

CREATE TABLE IF NOT EXISTS `tbl_139_modules` (
  `139_mod_id_int` int(11) NOT NULL AUTO_INCREMENT COMMENT 'Internal ID of Module',
  `139_mod_name_txt` text NOT NULL COMMENT 'Name of Module',
  `139_mod_hidden_yn` int(1) NOT NULL DEFAULT '0' COMMENT 'Is record hidden?',
  PRIMARY KEY (`139_mod_id_int`)
) ENGINE=InnoDB  DEFAULT CHARSET=latin1 COMMENT='List of Part 139 Modules' AUTO_INCREMENT=4 ;

--
-- Dumping data for table `tbl_139_modules`
--

INSERT INTO `tbl_139_modules` (`139_mod_id_int`, `139_mod_name_txt`, `139_mod_hidden_yn`) VALUES
(1, '327', 0),
(2, '339', 0),
(3, '337', 0);

-- --------------------------------------------------------

--
-- Table structure for table `tbl_139_modules_sms`
--

CREATE TABLE IF NOT EXISTS `tbl_139_modules_sms` (
  `139_sms_id_int` int(11) NOT NULL AUTO_INCREMENT COMMENT 'Internal ID of SMS',
  `139_sms_by_int` int(11) NOT NULL COMMENT 'ID of System User',
  `139_sms_module_int` int(11) NOT NULL COMMENT 'ID of Nav Menu Item',
  `139_sms_event_int` int(11) NOT NULL DEFAULT '0',
  `139_sms_bywhom_int` int(11) NOT NULL DEFAULT '0',
  `139_sms_event_txt` text NOT NULL,
  `139_sms_bywhom_txt` text NOT NULL,
  `139_sms_hidden_yn` int(1) NOT NULL DEFAULT '0' COMMENT 'Is record hidden?',
  PRIMARY KEY (`139_sms_id_int`),
  KEY `139_sms_by_int` (`139_sms_by_int`),
  KEY `139_sms_module_int` (`139_sms_module_int`)
) ENGINE=InnoDB  DEFAULT CHARSET=latin1 COMMENT='List of Part 139 Modules' AUTO_INCREMENT=15 ;

--
-- Dumping data for table `tbl_139_modules_sms`
--

INSERT INTO `tbl_139_modules_sms` (`139_sms_id_int`, `139_sms_by_int`, `139_sms_module_int`, `139_sms_event_int`, `139_sms_bywhom_int`, `139_sms_event_txt`, `139_sms_bywhom_txt`, `139_sms_hidden_yn`) VALUES
(8, 1, 19, 0, 0, 'all', 'all', 1),
(9, 1, 16, 0, 0, 'all', 'all', 1),
(10, 1, 6, 0, 0, 'all', 'all', 1),
(11, 1, 40, 16, 0, '', 'all', 1),
(12, 1, 39, 0, 0, 'all', 'all', 1),
(13, 1, 3, 0, 0, 'all', 'all', 0),
(14, 1, 37, 0, 0, 'all', 'all', 0);

-- --------------------------------------------------------

--
-- Table structure for table `tbl_aircraft_main`
--

CREATE TABLE IF NOT EXISTS `tbl_aircraft_main` (
  `aircraft_id` int(10) NOT NULL AUTO_INCREMENT COMMENT 'ID',
  `aircraft_name` text NOT NULL COMMENT 'Name',
  `aircraft_type_cb_int` int(10) DEFAULT NULL COMMENT 'Type Int',
  `aircraft_weight` int(11) NOT NULL DEFAULT '0' COMMENT 'Weight',
  `aircraft_archived_yn` tinyint(1) NOT NULL DEFAULT '0' COMMENT 'Archived',
  PRIMARY KEY (`aircraft_id`),
  KEY `aircraft_type_cb_int` (`aircraft_type_cb_int`)
) ENGINE=InnoDB  DEFAULT CHARSET=latin1 AUTO_INCREMENT=9 ;

--
-- Dumping data for table `tbl_aircraft_main`
--

INSERT INTO `tbl_aircraft_main` (`aircraft_id`, `aircraft_name`, `aircraft_type_cb_int`, `aircraft_weight`, `aircraft_archived_yn`) VALUES
(1, 'Cessna 404', 1, 48600, 0),
(2, 'Fairchild Metroliner III', 2, 336000, 0),
(3, 'Cessna 310', 1, 5500, 0),
(4, 'Cessna 402', 1, 6850, 0),
(5, 'Cessna 208', 2, 8750, 0),
(6, 'Saab 340 (SFA)', 2, 27200, 0),
(7, 'Saab 340 (SFC)', 2, 28500, 0),
(8, 'test', 1, 1234, 0);

-- --------------------------------------------------------

--
-- Table structure for table `tbl_aircraft_sub_t`
--

CREATE TABLE IF NOT EXISTS `tbl_aircraft_sub_t` (
  `aircraft_types_id` int(10) NOT NULL AUTO_INCREMENT,
  `aircraft_types_name` text NOT NULL,
  `aircraft_ypes_archived_yn` tinyint(1) NOT NULL DEFAULT '0',
  PRIMARY KEY (`aircraft_types_id`)
) ENGINE=InnoDB  DEFAULT CHARSET=latin1 AUTO_INCREMENT=4 ;

--
-- Dumping data for table `tbl_aircraft_sub_t`
--

INSERT INTO `tbl_aircraft_sub_t` (`aircraft_types_id`, `aircraft_types_name`, `aircraft_ypes_archived_yn`) VALUES
(1, 'Prop', 0),
(2, 'Turbo Prop', 0),
(3, 'Jet', 0);

-- --------------------------------------------------------

--
-- Table structure for table `tbl_dashpanel_main`
--

CREATE TABLE IF NOT EXISTS `tbl_dashpanel_main` (
  `dash_id` int(10) NOT NULL AUTO_INCREMENT COMMENT 'ID of Record',
  `dash_function_location` varchar(255) DEFAULT NULL COMMENT 'Dashpanel Function to load this item',
  `dash_name_long` varchar(255) DEFAULT NULL COMMENT 'Long Name of Panel',
  `dash_name_short` varchar(50) DEFAULT NULL COMMENT 'Shorter Name of Panel',
  `dash_purpose` longtext COMMENT 'The purpose of this panel',
  `dash_menulink_int` int(11) NOT NULL DEFAULT '34',
  `dash_hidden_yn` tinyint(1) NOT NULL DEFAULT '0' COMMENT 'Is record Hidden',
  PRIMARY KEY (`dash_id`),
  KEY `dash_menulink_int` (`dash_menulink_int`)
) ENGINE=InnoDB  DEFAULT CHARSET=latin1 AUTO_INCREMENT=17 ;

--
-- Dumping data for table `tbl_dashpanel_main`
--

INSERT INTO `tbl_dashpanel_main` (`dash_id`, `dash_function_location`, `dash_name_long`, `dash_name_short`, `dash_purpose`, `dash_menulink_int`, `dash_hidden_yn`) VALUES
(2, '_dp_327_inspections', '327 Inspections Today', 'Self-Inspections', 'This quick info will display all of the airport safety self inspections that were conducted on the current day', 27, 0),
(8, '_dp_333_inspections', '333 Inspections Today', '333 Inspections Today', 'This quick info item will display all of the currently outstanding discrepancies', 33, 0),
(9, '_dp_337_inspections', '337 Inspections Today', '337 Inspections Today', 'This quick info item will display all of the currently outstanding discrepancies', 30, 0),
(10, '_dp_su_dailyactivity', 'Daily Activity Log', 'DAL', 'Shows all activity for the current day', 34, 0),
(11, '_dp_339_c_inspections', '339 Inspections Today', 'FiCON', 'This quick info will display all of the airport safety self inspections that were conducted on the current day', 44, 0),
(12, '_dp_327_discrepancies', '327 Discrepancies', 'Discrepancies', 'This quick info will display all of the airport discrepancies that are currently outstanding and need to be fixed.', 29, 0),
(13, '_dp_339_b_inspections', '339 (b) NOTAMs Active', 'FiCON', 'This quick info will display all of the airport safety self inspections that were conducted on the current day', 42, 0),
(14, '_dp_303_c_inspections', '303 (c) Training Records Today', '303 (c) Training', 'This quick info item will display all 303 c training records from today', 25, 0),
(15, '_dp_303_a_inspections', 'New System Users Today', '303 (a) Personnel', 'This quick info item will display all 303 a personnel today', 35, 0),
(16, '_dp_327_discrepancies2', '327 Discrepancies', '327', 'Life Cycle Chart of the 327 Discrepancies', 29, 0);

-- --------------------------------------------------------

--
-- Table structure for table `tbl_dashpanel_sub_s`
--

CREATE TABLE IF NOT EXISTS `tbl_dashpanel_sub_s` (
  `navigational_access_id` int(10) NOT NULL AUTO_INCREMENT,
  `navigational_user_id_cb_int` int(10) DEFAULT NULL,
  `navigational_group_id_cb_int` int(10) DEFAULT NULL,
  `navigational_groups_archived_yn` tinyint(1) NOT NULL DEFAULT '0',
  `navigational_groups_display_yn` tinyint(1) NOT NULL DEFAULT '1',
  `navigational_groups_priority` tinyint(2) NOT NULL DEFAULT '0',
  PRIMARY KEY (`navigational_access_id`),
  KEY `navigational_user_id` (`navigational_user_id_cb_int`),
  KEY `navigational_group_id_cb_int` (`navigational_group_id_cb_int`)
) ENGINE=InnoDB  DEFAULT CHARSET=latin1 COMMENT='System User Settings for the Dashpanel' AUTO_INCREMENT=53 ;

--
-- Dumping data for table `tbl_dashpanel_sub_s`
--

INSERT INTO `tbl_dashpanel_sub_s` (`navigational_access_id`, `navigational_user_id_cb_int`, `navigational_group_id_cb_int`, `navigational_groups_archived_yn`, `navigational_groups_display_yn`, `navigational_groups_priority`) VALUES
(16, 1, 2, 0, 1, 2),
(17, 1, 8, 0, 1, 5),
(18, 1, 9, 0, 1, 4),
(19, 1, 10, 0, 1, 6),
(20, 1, 11, 0, 1, 3),
(21, 1, 12, 0, 1, 0),
(22, 1, 13, 0, 1, 1),
(23, 1, 14, 0, 1, 3),
(24, 1, 15, 0, 1, 3),
(25, 7, 2, 0, 0, 0),
(26, 7, 8, 0, 0, 0),
(27, 7, 9, 0, 0, 0),
(28, 7, 10, 0, 0, 0),
(29, 7, 11, 0, 0, 0),
(30, 7, 12, 0, 0, 0),
(31, 7, 13, 0, 0, 0),
(32, 7, 14, 0, 0, 0),
(33, 7, 15, 0, 0, 0),
(34, 4, 2, 0, 0, 0),
(35, 4, 8, 0, 0, 0),
(36, 4, 9, 0, 0, 0),
(37, 4, 10, 0, 0, 0),
(38, 4, 11, 0, 0, 0),
(39, 4, 12, 0, 0, 0),
(40, 4, 13, 0, 0, 0),
(41, 4, 14, 0, 0, 0),
(42, 4, 15, 0, 0, 0),
(43, 2, 2, 0, 0, 0),
(44, 2, 8, 0, 0, 0),
(45, 2, 9, 0, 0, 0),
(46, 2, 10, 0, 0, 0),
(47, 2, 11, 0, 0, 0),
(48, 2, 12, 0, 0, 0),
(49, 2, 13, 0, 0, 0),
(50, 2, 14, 0, 0, 0),
(51, 2, 15, 0, 0, 0),
(52, 1, 16, 0, 1, 1);

-- --------------------------------------------------------

--
-- Table structure for table `tbl_duty_log`
--

CREATE TABLE IF NOT EXISTS `tbl_duty_log` (
  `duty_log_id` int(10) NOT NULL AUTO_INCREMENT,
  `duty_log_comments` longtext,
  `duty_log_by_cb_int` int(10) DEFAULT NULL,
  `duty_log_by_cb_txt` varchar(50) DEFAULT NULL,
  `duty_log_time` time DEFAULT NULL,
  `duty_log_date` date DEFAULT NULL,
  `duty_log_timestamp` timestamp NOT NULL DEFAULT CURRENT_TIMESTAMP COMMENT 'Used to Track when the record was created',
  `duty_log_archived_yn` tinyint(1) NOT NULL DEFAULT '0' COMMENT 'Hide Record?',
  PRIMARY KEY (`duty_log_id`),
  KEY `duty_log_by_cb_int` (`duty_log_by_cb_int`)
) ENGINE=InnoDB  DEFAULT CHARSET=latin1 AUTO_INCREMENT=750 ;

--
-- Dumping data for table `tbl_duty_log`
--

INSERT INTO `tbl_duty_log` (`duty_log_id`, `duty_log_comments`, `duty_log_by_cb_int`, `duty_log_by_cb_txt`, `duty_log_time`, `duty_log_date`, `duty_log_timestamp`, `duty_log_archived_yn`) VALUES
(1, 'Erick Dahl logged into the Openairport system', 1, NULL, '17:47:56', '2013-07-30', '2013-07-30 22:47:56', 0),
(2, 'Erick Dahl (ED)  has opened a new 14 CFR Part 139.327 Self-Inspection Program - Records - New form', 1, NULL, '17:48:20', '2013-07-30', '2013-07-30 22:48:20', 0),
(3, 'Erick Dahl (ED)  has opened a new 14 CFR Part 139.327 Self-Inspection Program - Records - New form', 1, NULL, '17:48:40', '2013-07-30', '2013-07-30 22:48:40', 0),
(4, 'Erick Dahl (ED)  has saved a 14 CFR Part 139.327 Self-Inspection Program - Records - New form ID (25)', 1, NULL, '17:49:11', '2013-07-30', '2013-07-30 22:49:12', 0),
(5, 'Erick Dahl (ED)  has opened a new 14 CFR Part 139.327 Self-Inspection Program - Records - New form', 1, NULL, '17:49:18', '2013-07-30', '2013-07-30 22:49:20', 0),
(6, 'Erick Dahl (ED)  has opened a new 14 CFR Part 139.327 Self-Inspection Program - Display Report form', 1, NULL, '17:49:21', '2013-07-30', '2013-07-30 22:49:21', 0),
(7, 'Erick Dahl (ED)  has opened a new 14 CFR Part 139.327 Self-Inspection Program - Records - Browse form', 1, NULL, '17:49:43', '2013-07-30', '2013-07-30 22:49:43', 0),
(8, 'Erick Dahl (ED)  has opened a new 14 CFR Part 139.327 Self-Inspection Program - Display Report form', 1, NULL, '17:49:46', '2013-07-30', '2013-07-30 22:49:46', 0),
(9, 'Erick Dahl (ED)  has opened a new 14 CFR Part 139.327 Self-Inspection Program - Records - New form', 1, NULL, '17:49:49', '2013-07-30', '2013-07-30 22:49:49', 0),
(10, 'Erick Dahl (ED)  has opened a new 14 CFR Part 139.327 Self-Inspection Program - Records - New form', 1, NULL, '17:49:57', '2013-07-30', '2013-07-30 22:49:57', 0),
(11, 'Erick Dahl (ED)  has saved a 14 CFR Part 139.327 Self-Inspection Program - Records - New form ID (52)', 1, NULL, '17:50:38', '2013-07-30', '2013-07-30 22:50:38', 0),
(12, 'Erick Dahl (ED)  has saved a 14 CFR Part 139.327 Self-Inspection Program - Records - New form ID (26)', 1, NULL, '17:50:42', '2013-07-30', '2013-07-30 22:50:44', 0),
(13, 'Erick Dahl (ED)  has opened a new 14 CFR Part 139.327 Self-Inspection Program - Records - New form', 1, NULL, '17:50:49', '2013-07-30', '2013-07-30 22:50:49', 0),
(14, 'Erick Dahl (ED)  has opened a new 14 CFR Part 139.327 Self-Inspection Program - Records - New form', 1, NULL, '17:50:54', '2013-07-30', '2013-07-30 22:50:56', 0),
(15, 'Erick Dahl (ED)  has opened a new 14 CFR Part 139.327 Self-Inspection Program - Display Report form', 1, NULL, '17:50:58', '2013-07-30', '2013-07-30 22:50:58', 0),
(16, 'Erick Dahl (ED)  has opened a new 14 CFR Part 139.327 Self-Inspection Program - Display Report - Work Order form', 1, NULL, '17:51:04', '2013-07-30', '2013-07-30 22:51:04', 0),
(17, 'Erick Dahl (ED)  has opened a new 14 CFR Part 139.327 Self-Inspection Program - Mark Repaired form', 1, NULL, '17:51:08', '2013-07-30', '2013-07-30 22:51:08', 0),
(18, 'Erick Dahl logged into the Openairport system', 1, NULL, '20:09:22', '2013-07-30', '2013-07-31 01:09:22', 0),
(19, 'Erick Dahl (ED)  has opened a new 14 CFR Part 139.327 Self-Inspection Program - Display Map form', 1, NULL, '20:09:26', '2013-07-30', '2013-07-31 01:09:26', 0),
(20, 'Erick Dahl (ED)  has opened a new 14 CFR Part 139.327 Self-Inspection Program - Display Report - Work Order form', 1, NULL, '20:09:37', '2013-07-30', '2013-07-31 01:09:37', 0),
(21, 'Erick Dahl (ED)  has opened a new 14 CFR Part 139.327 Self-Inspection Program - Mark Repaired form', 1, NULL, '20:09:42', '2013-07-30', '2013-07-31 01:09:42', 0),
(22, 'Erick Dahl (ED)  has saved a 14 CFR Part 139.327 Self-Inspection Program - Mark Repaired form ID (7)', 1, NULL, '20:09:50', '2013-07-30', '2013-07-31 01:09:50', 0),
(23, 'Erick Dahl (ED)  has opened a new 14 CFR Part 139.327 Self-Inspection Program - Display Report - Work Order form', 1, NULL, '20:09:57', '2013-07-30', '2013-07-31 01:09:57', 0),
(24, 'Erick Dahl (ED)  has opened a new 14 CFR Part 139.327 Self-Inspection Program - Display Report - Repaired form', 1, NULL, '20:10:02', '2013-07-30', '2013-07-31 01:10:02', 0),
(25, 'Erick Dahl (ED)  has opened a new 14 CFR Part 139.327 Self-Inspection Program - Mark Closed form', 1, NULL, '20:10:13', '2013-07-30', '2013-07-31 01:10:13', 0),
(26, 'Erick Dahl (ED)  has saved a 14 CFR Part 139.327 Self-Inspection Program - Mark Closed form ID (7)', 1, NULL, '20:10:18', '2013-07-30', '2013-07-31 01:10:18', 0),
(27, 'Erick Dahl logged into the Openairport system', 1, NULL, '20:14:03', '2013-07-30', '2013-07-31 01:14:03', 0),
(28, 'Erick Dahl (ED)  has opened a new 14 CFR Part 139.327 Self-Inspection Program - Display Map form', 1, NULL, '20:14:06', '2013-07-30', '2013-07-31 01:14:06', 0),
(29, ' has opened a new 14 CFR Part 139.327 Self-Inspection Program - Display Report form', 0, NULL, '20:14:09', '2013-07-30', '2013-07-31 01:14:09', 0),
(30, 'Erick Dahl (ED)  has opened a new 14 CFR Part 139.327 Self-Inspection Program - Records - New form', 1, NULL, '20:14:14', '2013-07-30', '2013-07-31 01:14:14', 0),
(31, 'Erick Dahl (ED)  has saved a 14 CFR Part 139.327 Self-Inspection Program - Records - New form ID (27)', 1, NULL, '20:14:19', '2013-07-30', '2013-07-31 01:14:20', 0),
(32, 'Erick Dahl (ED)  has opened a new 14 CFR Part 139.327 Self-Inspection Program - Records - New form', 1, NULL, '20:14:21', '2013-07-30', '2013-07-31 01:14:23', 0),
(33, 'Erick Dahl (ED)  has opened a new 14 CFR Part 139.327 Self-Inspection Program - Display Report form', 1, NULL, '20:14:24', '2013-07-30', '2013-07-31 01:14:24', 0),
(34, 'Erick Dahl logged into the Openairport system', 1, NULL, '20:17:50', '2013-07-30', '2013-07-31 01:17:50', 0),
(35, 'Erick Dahl (ED)  has opened a new 14 CFR Part 139.327 Self-Inspection Program - Display Map form', 1, NULL, '20:17:54', '2013-07-30', '2013-07-31 01:17:54', 0),
(36, ' has opened a new 14 CFR Part 139.327 Self-Inspection Program - Display Report form', 0, NULL, '20:17:55', '2013-07-30', '2013-07-31 01:17:55', 0),
(37, 'Erick Dahl (ED)  has opened a new 14 CFR Part 139.327 Self-Inspection Program - Records - New form', 1, NULL, '20:18:01', '2013-07-30', '2013-07-31 01:18:01', 0),
(38, 'Erick Dahl (ED)  has saved a 14 CFR Part 139.327 Self-Inspection Program - Records - New form ID (28)', 1, NULL, '20:18:04', '2013-07-30', '2013-07-31 01:18:05', 0),
(39, 'Erick Dahl (ED)  has opened a new 14 CFR Part 139.327 Self-Inspection Program - Records - New form', 1, NULL, '20:18:07', '2013-07-30', '2013-07-31 01:18:08', 0),
(40, 'Erick Dahl (ED)  has opened a new 14 CFR Part 139.327 Self-Inspection Program - Display Report form', 1, NULL, '20:18:12', '2013-07-30', '2013-07-31 01:18:12', 0),
(41, 'Erick Dahl (ED)  has opened a new 14 CFR Part 139.303 Personnel (c) - Records - New form', 1, NULL, '20:22:43', '2013-07-30', '2013-07-31 01:22:43', 0),
(42, 'Erick Dahl (ED)  has saved a 14 CFR Part 139.303 Personnel (c) - Records - New form ID (0)', 1, NULL, '20:22:52', '2013-07-30', '2013-07-31 01:22:52', 0),
(43, 'Erick Dahl (ED)  has opened a new 14 CFR Part 139.303 Personnel (c) - Records - New form', 1, NULL, '20:22:54', '2013-07-30', '2013-07-31 01:22:54', 0),
(44, 'Erick Dahl (ED)  has opened a new 14 CFR Part 139.303 Personnel (a) - Display Report form', 1, NULL, '20:22:56', '2013-07-30', '2013-07-31 01:22:56', 0),
(45, 'Erick Dahl logged into the Openairport system', 1, NULL, '20:25:24', '2013-07-30', '2013-07-31 01:25:24', 0),
(46, 'Erick Dahl (ED)  has opened a new 14 CFR Part 139.327 Self-Inspection Program - Display Map form', 1, NULL, '20:26:11', '2013-07-30', '2013-07-31 01:26:11', 0),
(47, ' has opened a new 14 CFR Part 139.327 Self-Inspection Program - Display Report form', 0, NULL, '20:26:14', '2013-07-30', '2013-07-31 01:26:14', 0),
(48, 'Erick Dahl (ED)  has opened a new 14 CFR Part 139.327 Self-Inspection Program - Records - New form', 1, NULL, '20:26:23', '2013-07-30', '2013-07-31 01:26:23', 0),
(49, 'Erick Dahl (ED)  has saved a 14 CFR Part 139.327 Self-Inspection Program - Records - New form ID (29)', 1, NULL, '20:26:45', '2013-07-30', '2013-07-31 01:26:46', 0),
(50, 'Erick Dahl (ED)  has opened a new 14 CFR Part 139.327 Self-Inspection Program - Records - New form', 1, NULL, '20:26:51', '2013-07-30', '2013-07-31 01:26:53', 0),
(51, 'Erick Dahl (ED)  has opened a new 14 CFR Part 139.327 Self-Inspection Program - Display Report form', 1, NULL, '20:26:54', '2013-07-30', '2013-07-31 01:26:54', 0),
(52, 'Erick Dahl (ED)  has opened a new 14 CFR Part 139.327 Self-Inspection Program - Display Report form', 1, NULL, '20:27:16', '2013-07-30', '2013-07-31 01:27:16', 0),
(53, 'Erick Dahl logged into the Openairport system', 1, NULL, '21:29:54', '2013-07-31', '2013-08-01 02:29:54', 0),
(54, 'Erick Dahl (ED)  has opened a new 14 CFR Part 139.327 Self-Inspection Program - Display Map form', 1, NULL, '21:30:30', '2013-07-31', '2013-08-01 02:30:30', 0),
(55, 'Erick Dahl (ED)  has opened a new 14 CFR Part 139.327 Self-Inspection Program - Records - Browse form', 1, NULL, '21:30:40', '2013-07-31', '2013-08-01 02:30:40', 0),
(56, 'Erick Dahl (ED)  has opened a new 14 CFR Part 139.327 Self-Inspection Program - Display Report form', 1, NULL, '21:30:42', '2013-07-31', '2013-08-01 02:30:42', 0),
(57, 'Erick Dahl (ED)  has opened a new 14 CFR Part 139.327 Self-Inspection Program - Display Report form', 1, NULL, '21:30:47', '2013-07-31', '2013-08-01 02:30:47', 0),
(58, 'Erick Dahl (ED)  has opened a new 14 CFR Part 139.327 Self-Inspection Program - Display Report form', 1, NULL, '21:30:50', '2013-07-31', '2013-08-01 02:30:50', 0),
(59, 'Erick Dahl (ED)  has opened a new 14 CFR Part 139.327 Self-Inspection Program - Display Report form', 1, NULL, '21:30:54', '2013-07-31', '2013-08-01 02:30:54', 0),
(60, 'Erick Dahl (ED)  has opened a new 14 CFR Part 139.327 Self-Inspection Program - Display Report form', 1, NULL, '21:30:56', '2013-07-31', '2013-08-01 02:30:56', 0),
(61, 'Erick Dahl (ED)  has opened a new 14 CFR Part 139.327 Self-Inspection Program - Display Report form', 1, NULL, '21:31:00', '2013-07-31', '2013-08-01 02:31:00', 0),
(62, 'Erick Dahl (ED)  has opened a new 14 CFR Part 139.327 Self-Inspection Program - Display Report - Closed form', 1, NULL, '21:31:03', '2013-07-31', '2013-08-01 02:31:03', 0),
(63, 'Erick Dahl logged into the Openairport system', 1, NULL, '16:31:33', '2013-08-02', '2013-08-02 21:31:33', 0),
(64, 'Erick Dahl (ED)  has opened a new 14 CFR Part 139.327 Self-Inspection Program - Records - New form', 1, NULL, '16:31:36', '2013-08-02', '2013-08-02 21:31:36', 0),
(65, 'Erick Dahl (ED)  has opened a new 14 CFR Part 139.327 Self-Inspection Program - Records - New form', 1, NULL, '16:31:40', '2013-08-02', '2013-08-02 21:31:40', 0),
(66, 'Erick Dahl (ED)  has opened a new 14 CFR Part 139.327 Self-Inspection Program - Records - New form', 1, NULL, '16:36:32', '2013-08-02', '2013-08-02 21:36:32', 0),
(67, 'Erick Dahl (ED)  has opened a new 14 CFR Part 139.327 Self-Inspection Program - Records - New form', 1, NULL, '16:36:59', '2013-08-02', '2013-08-02 21:36:59', 0),
(68, 'Erick Dahl (ED)  has opened a new 14 CFR Part 139.327 Self-Inspection Program - Records - New form', 1, NULL, '16:37:01', '2013-08-02', '2013-08-02 21:37:01', 0),
(69, 'Erick Dahl (ED)  has opened a new 14 CFR Part 139.327 Self-Inspection Program - Records - New form', 1, NULL, '16:37:13', '2013-08-02', '2013-08-02 21:37:13', 0),
(70, 'Erick Dahl (ED)  has opened a new 14 CFR Part 139.327 Self-Inspection Program - Records - New form', 1, NULL, '16:37:29', '2013-08-02', '2013-08-02 21:37:29', 0),
(71, 'Erick Dahl (ED)  has opened a new 14 CFR Part 139.327 Self-Inspection Program - Records - New form', 1, NULL, '16:37:56', '2013-08-02', '2013-08-02 21:37:56', 0),
(72, 'Erick Dahl (ED)  has opened a new 14 CFR Part 139.327 Self-Inspection Program - Records - New form', 1, NULL, '16:42:40', '2013-08-02', '2013-08-02 21:42:40', 0),
(73, 'Erick Dahl (ED)  has opened a new 14 CFR Part 139.327 Self-Inspection Program - Records - New form', 1, NULL, '16:44:16', '2013-08-02', '2013-08-02 21:44:16', 0),
(74, 'Erick Dahl (ED)  has opened a new 14 CFR Part 139.327 Self-Inspection Program - Records - New form', 1, NULL, '16:46:46', '2013-08-02', '2013-08-02 21:46:46', 0),
(75, 'Erick Dahl (ED)  has opened a new 14 CFR Part 139.327 Self-Inspection Program - Records - New form', 1, NULL, '16:48:29', '2013-08-02', '2013-08-02 21:48:29', 0),
(76, 'Erick Dahl (ED)  has opened a new 14 CFR Part 139.327 Self-Inspection Program - Records - New form', 1, NULL, '16:48:30', '2013-08-02', '2013-08-02 21:48:30', 0),
(77, 'Erick Dahl (ED)  has opened a new 14 CFR Part 139.327 Self-Inspection Program - Records - New form', 1, NULL, '16:49:15', '2013-08-02', '2013-08-02 21:49:15', 0),
(78, 'Erick Dahl (ED)  has opened a new 14 CFR Part 139.327 Self-Inspection Program - Records - New form', 1, NULL, '16:51:27', '2013-08-02', '2013-08-02 21:51:27', 0),
(79, 'Erick Dahl (ED)  has opened a new 14 CFR Part 139.327 Self-Inspection Program - Records - New form', 1, NULL, '16:52:38', '2013-08-02', '2013-08-02 21:52:38', 0),
(80, 'Erick Dahl (ED)  has opened a new 14 CFR Part 139.327 Self-Inspection Program - Records - New form', 1, NULL, '16:52:48', '2013-08-02', '2013-08-02 21:52:48', 0),
(81, 'Erick Dahl (ED)  has opened a new 14 CFR Part 139.327 Self-Inspection Program - Records - New form', 1, NULL, '16:53:08', '2013-08-02', '2013-08-02 21:53:08', 0),
(82, 'Erick Dahl (ED)  has opened a new 14 CFR Part 139.327 Self-Inspection Program - Records - New form', 1, NULL, '16:58:29', '2013-08-02', '2013-08-02 21:58:29', 0),
(83, 'Erick Dahl (ED)  has opened a new 14 CFR Part 139.327 Self-Inspection Program - Records - New form', 1, NULL, '16:59:08', '2013-08-02', '2013-08-02 21:59:08', 0),
(84, 'Erick Dahl (ED)  has opened a new 14 CFR Part 139.327 Self-Inspection Program - Records - New form', 1, NULL, '17:02:48', '2013-08-02', '2013-08-02 22:02:48', 0),
(85, 'Erick Dahl (ED)  has opened a new 14 CFR Part 139.327 Self-Inspection Program - Records - New form', 1, NULL, '17:05:05', '2013-08-02', '2013-08-02 22:05:05', 0),
(86, 'Erick Dahl (ED)  has opened a new 14 CFR Part 139.327 Self-Inspection Program - Records - New form', 1, NULL, '17:05:52', '2013-08-02', '2013-08-02 22:05:52', 0),
(87, 'Erick Dahl (ED)  has opened a new 14 CFR Part 139.327 Self-Inspection Program - Records - New form', 1, NULL, '17:42:30', '2013-08-02', '2013-08-02 22:42:30', 0),
(88, 'Erick Dahl (ED)  has opened a new 14 CFR Part 139.327 Self-Inspection Program - Records - New form', 1, NULL, '17:44:23', '2013-08-02', '2013-08-02 22:44:23', 0),
(89, 'Erick Dahl (ED)  has opened a new 14 CFR Part 139.327 Self-Inspection Program - Records - New form', 1, NULL, '18:01:45', '2013-08-02', '2013-08-02 23:01:45', 0),
(90, 'Erick Dahl (ED)  has opened a new 14 CFR Part 139.327 Self-Inspection Program - Records - New form', 1, NULL, '18:05:02', '2013-08-02', '2013-08-02 23:05:02', 0),
(91, 'Erick Dahl (ED)  has opened a new 14 CFR Part 139.327 Self-Inspection Program - Records - New form', 1, NULL, '18:10:39', '2013-08-02', '2013-08-02 23:10:39', 0),
(92, 'Erick Dahl (ED)  has opened a new 14 CFR Part 139.337 Wildlife Hazard Management - Records - New form', 1, NULL, '18:13:38', '2013-08-02', '2013-08-02 23:13:38', 0),
(93, 'Erick Dahl (ED)  has opened a new 14 CFR Part 139.327 Self-Inspection Program - Records - New form', 1, NULL, '18:14:00', '2013-08-02', '2013-08-02 23:14:00', 0),
(94, 'Erick Dahl (ED)  has opened a new 14 CFR Part 139.327 Self-Inspection Program - Records - New form', 1, NULL, '18:14:02', '2013-08-02', '2013-08-02 23:14:02', 0),
(95, 'Erick Dahl (ED)  has opened a new 14 CFR Part 139.327 Self-Inspection Program - Records - New form', 1, NULL, '18:20:56', '2013-08-02', '2013-08-02 23:20:56', 0),
(96, 'Erick Dahl (ED)  has opened a new 14 CFR Part 139.327 Self-Inspection Program - Records - New form', 1, NULL, '18:28:10', '2013-08-02', '2013-08-02 23:28:10', 0),
(97, 'Erick Dahl (ED)  has opened a new 14 CFR Part 139.327 Self-Inspection Program - Records - New form', 1, NULL, '18:34:27', '2013-08-02', '2013-08-02 23:34:27', 0),
(98, 'Erick Dahl (ED)  has opened a new 14 CFR Part 139.327 Self-Inspection Program - Records - New form', 1, NULL, '18:34:31', '2013-08-02', '2013-08-02 23:34:31', 0),
(99, 'Erick Dahl (ED)  has opened a new 14 CFR Part 139.327 Self-Inspection Program - Records - New form', 1, NULL, '18:49:13', '2013-08-02', '2013-08-02 23:49:13', 0),
(100, 'Erick Dahl (ED)  has opened a new 14 CFR Part 139.327 Self-Inspection Program - Records - New form', 1, NULL, '18:49:31', '2013-08-02', '2013-08-02 23:49:31', 0),
(101, 'Erick Dahl (ED)  has opened a new 14 CFR Part 139.327 Self-Inspection Program - Records - New form', 1, NULL, '18:49:48', '2013-08-02', '2013-08-02 23:49:48', 0),
(102, 'Erick Dahl (ED)  has opened a new 14 CFR Part 139.337 Wildlife Hazard Management - Records - New form', 1, NULL, '18:50:03', '2013-08-02', '2013-08-02 23:50:03', 0),
(103, 'Erick Dahl (ED)  has opened a new 14 CFR Part 139.327 Self-Inspection Program - Records - New form', 1, NULL, '18:50:20', '2013-08-02', '2013-08-02 23:50:20', 0),
(104, 'Erick Dahl (ED)  has opened a new 14 CFR Part 139.327 Self-Inspection Program - Records - New form', 1, NULL, '18:50:23', '2013-08-02', '2013-08-02 23:50:23', 0),
(105, 'Erick Dahl (ED)  has opened a new 14 CFR Part 139.327 Self-Inspection Program - Records - New form', 1, NULL, '18:50:32', '2013-08-02', '2013-08-02 23:50:32', 0),
(106, 'Erick Dahl (ED)  has opened a new 14 CFR Part 139.327 Self-Inspection Program - Records - New form', 1, NULL, '18:51:10', '2013-08-02', '2013-08-02 23:51:10', 0),
(107, 'Erick Dahl (ED)  has opened a new 14 CFR Part 139.327 Self-Inspection Program - Records - New form', 1, NULL, '18:52:08', '2013-08-02', '2013-08-02 23:52:08', 0),
(108, 'Erick Dahl (ED)  has opened a new 14 CFR Part 139.327 Self-Inspection Program - Records - New form', 1, NULL, '18:52:17', '2013-08-02', '2013-08-02 23:52:17', 0),
(109, 'Erick Dahl (ED)  has opened a new 14 CFR Part 139.327 Self-Inspection Program - Records - New form', 1, NULL, '18:52:49', '2013-08-02', '2013-08-02 23:52:49', 0),
(110, 'Erick Dahl (ED)  has opened a new 14 CFR Part 139.327 Self-Inspection Program - Records - New form', 1, NULL, '19:01:52', '2013-08-02', '2013-08-03 00:01:52', 0),
(111, 'Erick Dahl (ED)  has opened a new 14 CFR Part 139.327 Self-Inspection Program - Records - New form', 1, NULL, '19:02:01', '2013-08-02', '2013-08-03 00:02:01', 0),
(112, 'Erick Dahl (ED)  has opened a new 14 CFR Part 139.327 Self-Inspection Program - Records - New form', 1, NULL, '19:02:08', '2013-08-02', '2013-08-03 00:02:08', 0),
(113, 'Erick Dahl (ED)  has opened a new 14 CFR Part 139.327 Self-Inspection Program - Records - New form', 1, NULL, '19:02:11', '2013-08-02', '2013-08-03 00:02:11', 0),
(114, 'Erick Dahl (ED)  has opened a new 14 CFR Part 139.327 Self-Inspection Program - Records - New form', 1, NULL, '19:02:15', '2013-08-02', '2013-08-03 00:02:15', 0),
(115, 'Erick Dahl (ED)  has opened a new 14 CFR Part 139.327 Self-Inspection Program - Records - New form', 1, NULL, '19:02:25', '2013-08-02', '2013-08-03 00:02:25', 0),
(116, 'Erick Dahl (ED)  has opened a new 14 CFR Part 139.327 Self-Inspection Program - Records - New form', 1, NULL, '19:02:27', '2013-08-02', '2013-08-03 00:02:27', 0),
(117, 'Erick Dahl (ED)  has opened a new 14 CFR Part 139.327 Self-Inspection Program - Records - New form', 1, NULL, '19:02:32', '2013-08-02', '2013-08-03 00:02:32', 0),
(118, 'Erick Dahl (ED)  has opened a new 14 CFR Part 139.327 Self-Inspection Program - Records - New form', 1, NULL, '19:02:35', '2013-08-02', '2013-08-03 00:02:35', 0),
(119, 'Erick Dahl (ED)  has opened a new 14 CFR Part 139.327 Self-Inspection Program - Records - New form', 1, NULL, '19:04:15', '2013-08-02', '2013-08-03 00:04:15', 0),
(120, 'Erick Dahl (ED)  has opened a new 14 CFR Part 139.327 Self-Inspection Program - Records - New form', 1, NULL, '19:04:33', '2013-08-02', '2013-08-03 00:04:33', 0),
(121, 'Erick Dahl (ED)  has opened a new 14 CFR Part 139.327 Self-Inspection Program - Records - New form', 1, NULL, '19:08:11', '2013-08-02', '2013-08-03 00:08:11', 0),
(122, 'Erick Dahl (ED)  has opened a new 14 CFR Part 139.327 Self-Inspection Program - Records - New form', 1, NULL, '19:08:17', '2013-08-02', '2013-08-03 00:08:17', 0),
(123, 'Erick Dahl (ED)  has opened a new 14 CFR Part 139.327 Self-Inspection Program - Records - New form', 1, NULL, '19:08:22', '2013-08-02', '2013-08-03 00:08:22', 0),
(124, 'Erick Dahl (ED)  has opened a new 14 CFR Part 139.327 Self-Inspection Program - Records - New form', 1, NULL, '19:20:22', '2013-08-02', '2013-08-03 00:20:22', 0),
(125, 'Erick Dahl (ED)  has opened a new 14 CFR Part 139.327 Self-Inspection Program - Records - New form', 1, NULL, '19:20:25', '2013-08-02', '2013-08-03 00:20:25', 0),
(126, 'Erick Dahl (ED)  has opened a new 14 CFR Part 139.327 Self-Inspection Program - Records - New form', 1, NULL, '19:20:28', '2013-08-02', '2013-08-03 00:20:28', 0),
(127, 'Erick Dahl (ED)  has opened a new 14 CFR Part 139.327 Self-Inspection Program - Records - New form', 1, NULL, '19:20:45', '2013-08-02', '2013-08-03 00:20:45', 0),
(128, 'Erick Dahl logged into the Openairport system', 1, NULL, '08:51:51', '2013-08-04', '2013-08-04 13:51:51', 0),
(129, 'Erick Dahl (ED)  has opened a new 14 CFR Part 139.327 Self-Inspection Program - Records - Browse form', 1, NULL, '08:51:56', '2013-08-04', '2013-08-04 13:51:57', 0),
(130, 'Erick Dahl (ED)  has opened a new 14 CFR Part 139.327 Self-Inspection Program - Display Calendar form', 1, NULL, '08:51:59', '2013-08-04', '2013-08-04 13:52:00', 0),
(131, 'Erick Dahl (ED)  has opened a new 14 CFR Part 139.303 Personnel (a) - Records - Edit form', 1, NULL, '08:52:02', '2013-08-04', '2013-08-04 13:52:02', 0),
(132, 'Erick Dahl (ED)  has opened a new 14 CFR Part 139.327 Self-Inspection Program - Records - Browse form', 1, NULL, '08:52:04', '2013-08-04', '2013-08-04 13:52:05', 0),
(133, 'Erick Dahl (ED)  has opened a new 14 CFR Part 139.303 Personnel (a) - Records - Edit form', 1, NULL, '08:52:09', '2013-08-04', '2013-08-04 13:52:09', 0),
(134, 'Erick Dahl logged into the Openairport system', 1, NULL, '08:52:48', '2013-08-04', '2013-08-04 13:52:48', 0),
(135, 'Erick Dahl logged into the Openairport system', 1, NULL, '17:11:18', '2013-08-04', '2013-08-04 22:11:18', 0),
(136, 'Erick Dahl logged into the Openairport system', 1, NULL, '16:38:29', '2013-08-06', '2013-08-06 21:38:29', 0),
(137, 'Erick Dahl (ED)  has opened a new 14 CFR Part 139.327 Self-Inspection Program - Records - Browse form', 1, NULL, '16:38:32', '2013-08-06', '2013-08-06 21:38:33', 0),
(138, 'Erick Dahl (ED)  has opened a new 14 CFR Part 139.303 Personnel (a) - Records - Edit form', 1, NULL, '16:38:35', '2013-08-06', '2013-08-06 21:38:35', 0),
(139, 'Erick Dahl (ED)  has opened a new 14 CFR Part 139.303 Personnel (a) - Records - Edit form', 1, NULL, '16:38:47', '2013-08-06', '2013-08-06 21:38:47', 0),
(140, 'Erick Dahl (ED)  has opened a new 14 CFR Part 139.327 Self-Inspection Program - Display Calendar form', 1, NULL, '16:39:19', '2013-08-06', '2013-08-06 21:39:19', 0),
(141, 'Erick Dahl (ED)  has opened a new 14 CFR Part 139.303 Personnel (a) - Records - Edit form', 1, NULL, '16:39:25', '2013-08-06', '2013-08-06 21:39:25', 0),
(142, 'Erick Dahl (ED)  has opened a new 14 CFR Part 139.303 Personnel (a) - Records - Edit form', 1, NULL, '16:48:02', '2013-08-06', '2013-08-06 21:48:02', 0),
(143, 'Erick Dahl (ED)  has opened a new 14 CFR Part 139.303 Personnel (a) - Records - Edit form', 1, NULL, '17:13:46', '2013-08-06', '2013-08-06 22:13:46', 0),
(144, 'Erick Dahl logged into the Openairport system', 1, NULL, '17:37:57', '2013-08-06', '2013-08-06 22:37:57', 0),
(145, 'Erick Dahl (ED)  has opened a new 14 CFR Part 139.327 Self-Inspection Program - Records - Browse form', 1, NULL, '17:38:02', '2013-08-06', '2013-08-06 22:38:02', 0),
(146, 'Erick Dahl (ED)  has opened a new 14 CFR Part 139.303 Personnel (a) - Records - Edit form', 1, NULL, '17:38:05', '2013-08-06', '2013-08-06 22:38:05', 0),
(147, 'Erick Dahl (ED)  has opened a new 14 CFR Part 139.327 Self-Inspection Program - Records - Browse form', 1, NULL, '17:45:19', '2013-08-06', '2013-08-06 22:45:19', 0),
(148, 'Erick Dahl (ED)  has opened a new 14 CFR Part 139.303 Personnel (a) - Records - Edit form', 1, NULL, '17:45:22', '2013-08-06', '2013-08-06 22:45:22', 0),
(149, 'Erick Dahl (ED)  has opened a new 14 CFR Part 139.327 Self-Inspection Program - Display Calendar form', 1, NULL, '17:48:22', '2013-08-06', '2013-08-06 22:48:22', 0),
(150, 'Erick Dahl logged into the Openairport system', 1, NULL, '17:48:54', '2013-08-06', '2013-08-06 22:48:54', 0),
(151, 'Erick Dahl (ED)  has opened a new 14 CFR Part 139.327 Self-Inspection Program - Records - Browse form', 1, NULL, '17:48:57', '2013-08-06', '2013-08-06 22:48:57', 0),
(152, 'Erick Dahl (ED)  has opened a new 14 CFR Part 139.327 Self-Inspection Program - Display Report form', 1, NULL, '17:48:59', '2013-08-06', '2013-08-06 22:48:59', 0),
(153, 'Erick Dahl (ED)  has opened a new 14 CFR Part 139.327 Self-Inspection Program - Records - Browse form', 1, NULL, '17:49:03', '2013-08-06', '2013-08-06 22:49:03', 0),
(154, 'Erick Dahl (ED)  has opened a new 14 CFR Part 139.327 Self-Inspection Program - Records - Browse form', 1, NULL, '17:49:06', '2013-08-06', '2013-08-06 22:49:06', 0),
(155, 'Erick Dahl (ED)  has opened a new 14 CFR Part 139.327 Self-Inspection Program - Records - Browse form', 1, NULL, '17:49:10', '2013-08-06', '2013-08-06 22:49:10', 0),
(156, 'Erick Dahl (ED)  has opened a new 14 CFR Part 139.327 Self-Inspection Program - Records - New form', 1, NULL, '17:49:14', '2013-08-06', '2013-08-06 22:49:14', 0),
(157, 'Erick Dahl (ED)  has opened a new 14 CFR Part 139.337 Wildlife Hazard Management - Records - Browse form', 1, NULL, '17:53:20', '2013-08-06', '2013-08-06 22:53:20', 0),
(158, 'Erick Dahl (ED)  has opened a new 14 CFR Part 139.333 Protection of NAVAIDS - Records - Browse form', 1, NULL, '17:53:27', '2013-08-06', '2013-08-06 22:53:27', 0),
(159, 'Erick Dahl (ED)  has opened a new 14 CFR Part 139.333 Protection of NAVAIDS - Records - New form', 1, NULL, '17:53:28', '2013-08-06', '2013-08-06 22:53:28', 0),
(160, 'Erick Dahl (ED)  has opened a new 14 CFR Part 139.337 Wildlife Hazard Management - Records - Browse form', 1, NULL, '17:53:29', '2013-08-06', '2013-08-06 22:53:29', 0),
(161, 'Erick Dahl (ED)  has opened a new 14 CFR Part 139.337 Wildlife Hazard Management - Records - New form', 1, NULL, '17:53:30', '2013-08-06', '2013-08-06 22:53:30', 0),
(162, 'Erick Dahl (ED)  has opened a new 14 CFR Part 139.339 (b) Airport condition reporting - Records - Browse form', 1, NULL, '17:53:31', '2013-08-06', '2013-08-06 22:53:31', 0),
(163, 'Erick Dahl (ED)  has opened a new 14 CFR Part 139.339 (b) Airport condition reporting - Records - New form', 1, NULL, '17:53:31', '2013-08-06', '2013-08-06 22:53:31', 0),
(164, 'Erick Dahl (ED)  has opened a new 14 CFR Part 139.339 (c) Airport condition reporting - Records - Browse form', 1, NULL, '17:53:32', '2013-08-06', '2013-08-06 22:53:32', 0),
(165, 'Erick Dahl (ED)  has opened a new 14 CFR Part 139.339 (b) Airport condition reporting - Records - New form', 1, NULL, '17:53:33', '2013-08-06', '2013-08-06 22:53:33', 0),
(166, 'Erick Dahl (ED)  has opened a new 14 CFR Part 139.339 (c) Airport condition reporting - Records - New form', 1, NULL, '17:53:39', '2013-08-06', '2013-08-06 22:53:39', 0),
(167, 'Erick Dahl (ED)  has opened a new 14 CFR Part 139.303 Personnel (a) - Records - Browse form', 1, NULL, '17:53:41', '2013-08-06', '2013-08-06 22:53:42', 0),
(168, 'Erick Dahl (ED)  has opened a new 14 CFR Part 139.303 Personnel (a) - Records - Edit form', 1, NULL, '17:53:45', '2013-08-06', '2013-08-06 22:53:45', 0),
(169, 'Erick Dahl (ED)  has opened a new 14 CFR Part 139.339 (b) Airport condition reporting - Records - New form', 1, NULL, '17:55:53', '2013-08-06', '2013-08-06 22:55:53', 0),
(170, 'Erick Dahl (ED)  has opened a new 14 CFR Part 139.339 (b) Airport condition reporting - Records - Browse form', 1, NULL, '17:55:55', '2013-08-06', '2013-08-06 22:55:55', 0),
(171, 'Erick Dahl (ED)  has opened a new 14 CFR Part 139.339 (c) Airport condition reporting - Records - Browse form', 1, NULL, '17:55:57', '2013-08-06', '2013-08-06 22:55:57', 0),
(172, 'Erick Dahl (ED)  has opened a new 14 CFR Part 139.303 Personnel (a) - Records - Edit form', 1, NULL, '17:56:01', '2013-08-06', '2013-08-06 22:56:01', 0),
(173, 'Erick Dahl (ED)  has opened a new 14 CFR Part 139.333 Protection of NAVAIDS - Records - New form', 1, NULL, '18:03:06', '2013-08-06', '2013-08-06 23:03:06', 0),
(174, 'Erick Dahl (ED)  has opened a new 14 CFR Part 139.327 Self-Inspection Program - Records - New form', 1, NULL, '18:03:07', '2013-08-06', '2013-08-06 23:03:07', 0),
(175, 'Erick Dahl (ED)  has opened a new 14 CFR Part 139.303 Personnel (c) - Records - New form', 1, NULL, '18:03:08', '2013-08-06', '2013-08-06 23:03:08', 0),
(176, 'Erick Dahl (ED)  has opened a new 14 CFR Part 139.303 Personnel (a) - Records - Browse form', 1, NULL, '18:17:11', '2013-08-06', '2013-08-06 23:17:11', 0),
(177, 'Erick Dahl (ED)  has opened a new 14 CFR Part 139.303 Personnel (c) - Records - Browse form', 1, NULL, '18:17:12', '2013-08-06', '2013-08-06 23:17:12', 0),
(178, 'Erick Dahl (ED)  has opened a new 14 CFR Part 139.303 Personnel (a) - Records - Edit form', 1, NULL, '18:17:14', '2013-08-06', '2013-08-06 23:17:14', 0),
(179, 'Erick Dahl (ED)  has opened a new 14 CFR Part 139.303 Personnel (a) - Records - New form', 1, NULL, '18:25:51', '2013-08-06', '2013-08-06 23:25:51', 0),
(180, 'Erick Dahl (ED)  has opened a new 14 CFR Part 139.327 Self-Inspection Program - Records - Browse form', 1, NULL, '18:25:52', '2013-08-06', '2013-08-06 23:25:52', 0),
(181, 'Erick Dahl (ED)  has opened a new 14 CFR Part 139.327 Self-Inspection Program - Records - Browse form', 1, NULL, '18:25:56', '2013-08-06', '2013-08-06 23:25:56', 0),
(182, 'Erick Dahl (ED)  has opened a new 14 CFR Part 139.337 Wildlife Hazard Management - Records - Browse form', 1, NULL, '18:35:44', '2013-08-06', '2013-08-06 23:35:44', 0),
(183, 'Erick Dahl (ED)  has opened a new 14 CFR Part 139.337 Wildlife Hazard Management - Records - New form', 1, NULL, '18:35:45', '2013-08-06', '2013-08-06 23:35:45', 0),
(184, 'Erick Dahl (ED)  has opened a new 14 CFR Part 139.327 Self-Inspection Program - Records - Browse form', 1, NULL, '18:35:46', '2013-08-06', '2013-08-06 23:35:46', 0),
(185, 'Erick Dahl (ED)  has opened a new 14 CFR Part 139.327 Self-Inspection Program - Records - Browse form', 1, NULL, '18:35:46', '2013-08-06', '2013-08-06 23:35:46', 0),
(186, 'Erick Dahl (ED)  has opened a new 14 CFR Part 139.327 Self-Inspection Program - Records - Browse form', 1, NULL, '18:35:47', '2013-08-06', '2013-08-06 23:35:47', 0),
(187, 'Erick Dahl (ED)  has opened a new 14 CFR Part 139.327 Self-Inspection Program - Records - New form', 1, NULL, '18:35:47', '2013-08-06', '2013-08-06 23:35:47', 0),
(188, 'Erick Dahl (ED)  has opened a new 14 CFR Part 139.333 Protection of NAVAIDS - Records - Browse form', 1, NULL, '18:35:47', '2013-08-06', '2013-08-06 23:35:47', 0),
(189, 'Erick Dahl (ED)  has opened a new 14 CFR Part 139.333 Protection of NAVAIDS - Records - New form', 1, NULL, '18:35:48', '2013-08-06', '2013-08-06 23:35:48', 0),
(190, 'Erick Dahl (ED)  has opened a new 14 CFR Part 139.337 Wildlife Hazard Management - Records - Browse form', 1, NULL, '18:35:48', '2013-08-06', '2013-08-06 23:35:48', 0),
(191, 'Erick Dahl (ED)  has opened a new 14 CFR Part 139.337 Wildlife Hazard Management - Records - New form', 1, NULL, '18:35:49', '2013-08-06', '2013-08-06 23:35:49', 0),
(192, 'Erick Dahl (ED)  has opened a new 14 CFR Part 139.339 (b) Airport condition reporting - Records - Browse form', 1, NULL, '18:35:49', '2013-08-06', '2013-08-06 23:35:49', 0),
(193, 'Erick Dahl (ED)  has opened a new 14 CFR Part 139.339 (b) Airport condition reporting - Records - New form', 1, NULL, '18:35:50', '2013-08-06', '2013-08-06 23:35:50', 0),
(194, 'Erick Dahl (ED)  has opened a new 14 CFR Part 139.339 (c) Airport condition reporting - Records - Browse form', 1, NULL, '18:35:50', '2013-08-06', '2013-08-06 23:35:50', 0),
(195, 'Erick Dahl (ED)  has opened a new 14 CFR Part 139.339 (c) Airport condition reporting - Records - Browse form', 1, NULL, '18:35:51', '2013-08-06', '2013-08-06 23:35:51', 0),
(196, 'Erick Dahl (ED)  has opened a new 14 CFR Part 139.339 (c) Airport condition reporting - Records - New form', 1, NULL, '18:35:51', '2013-08-06', '2013-08-06 23:35:51', 0),
(197, 'Erick Dahl (ED)  has opened a new 14 CFR Part 139.339 (c) Airport condition reporting - Records - Browse form', 1, NULL, '18:35:52', '2013-08-06', '2013-08-06 23:35:52', 0),
(198, 'Erick Dahl (ED)  has opened a new 14 CFR Part 139.339 (b) Airport condition reporting - Records - New form', 1, NULL, '18:36:40', '2013-08-06', '2013-08-06 23:36:40', 0),
(199, 'Erick Dahl (ED)  has opened a new 14 CFR Part 139.339 (b) Airport condition reporting - Records - Browse form', 1, NULL, '18:36:42', '2013-08-06', '2013-08-06 23:36:42', 0),
(200, 'Erick Dahl (ED)  has opened a new 14 CFR Part 139.339 (c) Airport condition reporting - Records - Browse form', 1, NULL, '18:36:43', '2013-08-06', '2013-08-06 23:36:43', 0),
(201, 'Erick Dahl logged into the Openairport system', 1, NULL, '11:27:08', '2013-08-09', '2013-08-09 16:27:08', 0),
(202, 'Erick Dahl (ED)  has opened a new 14 CFR Part 139.327 Self-Inspection Program - Records - New form', 1, NULL, '11:27:09', '2013-08-09', '2013-08-09 16:27:09', 0),
(203, 'Erick Dahl (ED)  has opened a new 14 CFR Part 139.327 Self-Inspection Program - Records - New form', 1, NULL, '11:27:13', '2013-08-09', '2013-08-09 16:27:13', 0),
(204, 'Erick Dahl (ED)  has saved a 14 CFR Part 139.327 Self-Inspection Program - Records - New form ID (1)', 1, NULL, '11:27:17', '2013-08-09', '2013-08-09 16:27:17', 0),
(205, 'Erick Dahl (ED)  has opened a new 14 CFR Part 139.327 Self-Inspection Program - Records - New form', 1, NULL, '12:03:03', '2013-08-09', '2013-08-09 17:03:03', 0),
(206, 'Erick Dahl (ED)  has opened a new 14 CFR Part 139.327 Self-Inspection Program - Records - New form', 1, NULL, '12:03:06', '2013-08-09', '2013-08-09 17:03:06', 0),
(207, 'Erick Dahl (ED)  has saved a 14 CFR Part 139.327 Self-Inspection Program - Records - New form ID (2)', 1, NULL, '12:03:19', '2013-08-09', '2013-08-09 17:03:19', 0),
(208, 'Erick Dahl (ED)  has opened a new 14 CFR Part 139.327 Self-Inspection Program - Records - New form', 1, NULL, '12:03:29', '2013-08-09', '2013-08-09 17:03:29', 0),
(209, 'Erick Dahl (ED)  has saved a 14 CFR Part 139.327 Self-Inspection Program - Records - New form ID (3)', 1, NULL, '12:03:38', '2013-08-09', '2013-08-09 17:03:38', 0),
(210, 'Erick Dahl (ED)  has opened a new 14 CFR Part 139.327 Self-Inspection Program - Records - New form', 1, NULL, '12:04:43', '2013-08-09', '2013-08-09 17:04:43', 0),
(211, 'Erick Dahl (ED)  has opened a new 14 CFR Part 139.327 Self-Inspection Program - Records - New form', 1, NULL, '12:04:45', '2013-08-09', '2013-08-09 17:04:46', 0),
(212, 'Erick Dahl (ED)  has opened a new 14 CFR Part 139.327 Self-Inspection Program - Records - New form', 1, NULL, '12:05:30', '2013-08-09', '2013-08-09 17:05:30', 0),
(213, 'Erick Dahl (ED)  has opened a new 14 CFR Part 139.327 Self-Inspection Program - Records - New form', 1, NULL, '12:05:33', '2013-08-09', '2013-08-09 17:05:33', 0),
(214, 'Erick Dahl (ED)  has saved a 14 CFR Part 139.327 Self-Inspection Program - Records - New form ID (4)', 1, NULL, '12:05:43', '2013-08-09', '2013-08-09 17:05:43', 0),
(215, 'Erick Dahl (ED)  has opened a new 14 CFR Part 139.327 Self-Inspection Program - Records - New form', 1, NULL, '12:06:09', '2013-08-09', '2013-08-09 17:06:09', 0),
(216, 'Erick Dahl (ED)  has saved a 14 CFR Part 139.327 Self-Inspection Program - Records - New form ID (5)', 1, NULL, '12:06:33', '2013-08-09', '2013-08-09 17:06:33', 0),
(217, 'Erick Dahl (ED)  has opened a new 14 CFR Part 139.327 Self-Inspection Program - Records - New form', 1, NULL, '12:06:44', '2013-08-09', '2013-08-09 17:06:44', 0),
(218, 'Erick Dahl (ED)  has saved a 14 CFR Part 139.327 Self-Inspection Program - Records - New form ID (6)', 1, NULL, '12:06:54', '2013-08-09', '2013-08-09 17:06:54', 0),
(219, 'Erick Dahl (ED)  has opened a new 14 CFR Part 139.327 Self-Inspection Program - Records - New form', 1, NULL, '12:07:29', '2013-08-09', '2013-08-09 17:07:29', 0),
(220, 'Erick Dahl (ED)  has saved a 14 CFR Part 139.327 Self-Inspection Program - Records - New form ID (7)', 1, NULL, '12:07:46', '2013-08-09', '2013-08-09 17:07:46', 0),
(221, 'Erick Dahl (ED)  has opened a new 14 CFR Part 139.327 Self-Inspection Program - Records - New form', 1, NULL, '12:09:08', '2013-08-09', '2013-08-09 17:09:08', 0),
(222, 'Erick Dahl (ED)  has saved a 14 CFR Part 139.327 Self-Inspection Program - Records - New form ID (8)', 1, NULL, '12:09:14', '2013-08-09', '2013-08-09 17:09:14', 0),
(223, 'Erick Dahl (ED)  has opened a new 14 CFR Part 139.327 Self-Inspection Program - Records - New form', 1, NULL, '12:09:59', '2013-08-09', '2013-08-09 17:09:59', 0),
(224, 'Erick Dahl (ED)  has saved a 14 CFR Part 139.327 Self-Inspection Program - Records - New form ID (9)', 1, NULL, '12:10:04', '2013-08-09', '2013-08-09 17:10:04', 0),
(225, 'Erick Dahl (ED)  has opened a new 14 CFR Part 139.327 Self-Inspection Program - Records - New form', 1, NULL, '12:22:00', '2013-08-09', '2013-08-09 17:22:00', 0),
(226, 'Erick Dahl (ED)  has opened a new 14 CFR Part 139.327 Self-Inspection Program - Records - Browse form', 1, NULL, '12:27:27', '2013-08-09', '2013-08-09 17:27:27', 0),
(227, 'Erick Dahl (ED)  has opened a new 14 CFR Part 139.327 Self-Inspection Program - Display Report form', 1, NULL, '12:27:28', '2013-08-09', '2013-08-09 17:27:28', 0),
(228, 'Erick Dahl (ED)  has opened a new 14 CFR Part 139.327 Self-Inspection Program - Display Report form', 1, NULL, '12:27:32', '2013-08-09', '2013-08-09 17:27:32', 0),
(229, 'Erick Dahl (ED)  has opened a new 14 CFR Part 139.327 Self-Inspection Program - Display Report form', 1, NULL, '12:27:34', '2013-08-09', '2013-08-09 17:27:34', 0),
(230, 'Erick Dahl (ED)  has opened a new 14 CFR Part 139.327 Self-Inspection Program - Display Report form', 1, NULL, '12:27:36', '2013-08-09', '2013-08-09 17:27:36', 0),
(231, 'Erick Dahl (ED)  has opened a new 14 CFR Part 139.327 Self-Inspection Program - Records - New form', 1, NULL, '12:27:38', '2013-08-09', '2013-08-09 17:27:38', 0),
(232, 'Erick Dahl (ED)  has opened a new 14 CFR Part 139.327 Self-Inspection Program - Records - New form', 1, NULL, '12:27:42', '2013-08-09', '2013-08-09 17:27:42', 0),
(233, 'Erick Dahl (ED)  has saved a 14 CFR Part 139.327 Self-Inspection Program - Records - New form ID (10)', 1, NULL, '12:27:54', '2013-08-09', '2013-08-09 17:27:54', 0),
(234, 'Erick Dahl (ED)  has opened a new 14 CFR Part 139.327 Self-Inspection Program - Records - New form', 1, NULL, '12:28:02', '2013-08-09', '2013-08-09 17:28:02', 0),
(235, 'Erick Dahl (ED)  has saved a 14 CFR Part 139.327 Self-Inspection Program - Records - New form ID (11)', 1, NULL, '12:28:14', '2013-08-09', '2013-08-09 17:28:14', 0),
(236, 'Erick Dahl (ED)  has saved a 14 CFR Part 139.327 Self-Inspection Program - Records - New form ID (1)', 1, NULL, '12:28:18', '2013-08-09', '2013-08-09 17:28:19', 0),
(237, 'Erick Dahl (ED)  has opened a new 14 CFR Part 139.327 Self-Inspection Program - Records - New form', 1, NULL, '12:28:26', '2013-08-09', '2013-08-09 17:28:28', 0),
(238, 'Erick Dahl (ED)  has opened a new 14 CFR Part 139.327 Self-Inspection Program - Display Report form', 1, NULL, '12:28:30', '2013-08-09', '2013-08-09 17:28:30', 0),
(239, 'Erick Dahl (ED)  has opened a new 14 CFR Part 139.327 Self-Inspection Program - Records - Browse form', 1, NULL, '12:29:02', '2013-08-09', '2013-08-09 17:29:02', 0),
(240, 'Erick Dahl (ED)  has opened a new 14 CFR Part 139.327 Self-Inspection Program - Display Report form', 1, NULL, '12:29:03', '2013-08-09', '2013-08-09 17:29:04', 0),
(241, 'Erick Dahl (ED)  has opened a new 14 CFR Part 139.327 Self-Inspection Program - Display Report form', 1, NULL, '12:29:43', '2013-08-09', '2013-08-09 17:29:44', 0),
(242, 'Erick Dahl (ED)  has opened a new 14 CFR Part 139.327 Self-Inspection Program - Records - Browse form', 1, NULL, '12:31:06', '2013-08-09', '2013-08-09 17:31:06', 0),
(243, 'Erick Dahl (ED)  has opened a new 14 CFR Part 139.327 Self-Inspection Program - Records - Browse form', 1, NULL, '12:31:07', '2013-08-09', '2013-08-09 17:31:07', 0),
(244, 'Erick Dahl (ED)  has opened a new 14 CFR Part 139.327 Self-Inspection Program - Records - New form', 1, NULL, '12:31:07', '2013-08-09', '2013-08-09 17:31:07', 0),
(245, 'Erick Dahl (ED)  has opened a new 14 CFR Part 139.327 Self-Inspection Program - Records - New form', 1, NULL, '12:31:10', '2013-08-09', '2013-08-09 17:31:10', 0),
(246, 'Erick Dahl (ED)  has opened a new 14 CFR Part 139.327 Self-Inspection Program - Records - New form', 1, NULL, '12:34:11', '2013-08-09', '2013-08-09 17:34:12', 0),
(247, 'Erick Dahl (ED)  has opened a new 14 CFR Part 139.327 Self-Inspection Program - Records - New form', 1, NULL, '12:35:07', '2013-08-09', '2013-08-09 17:35:07', 0),
(248, 'Erick Dahl (ED)  has opened a new 14 CFR Part 139.327 Self-Inspection Program - Records - New form', 1, NULL, '12:35:22', '2013-08-09', '2013-08-09 17:35:22', 0),
(249, 'Erick Dahl (ED)  has opened a new 14 CFR Part 139.327 Self-Inspection Program - Records - New form', 1, NULL, '12:35:42', '2013-08-09', '2013-08-09 17:35:42', 0),
(250, 'Erick Dahl (ED)  has opened a new 14 CFR Part 139.327 Self-Inspection Program - Records - New form', 1, NULL, '12:35:52', '2013-08-09', '2013-08-09 17:35:52', 0),
(251, 'Erick Dahl (ED)  has opened a new 14 CFR Part 139.327 Self-Inspection Program - Records - New form', 1, NULL, '12:35:58', '2013-08-09', '2013-08-09 17:35:58', 0),
(252, 'Erick Dahl (ED)  has opened a new 14 CFR Part 139.327 Self-Inspection Program - Records - New form', 1, NULL, '12:36:38', '2013-08-09', '2013-08-09 17:36:38', 0),
(253, 'Erick Dahl (ED)  has opened a new 14 CFR Part 139.327 Self-Inspection Program - Records - New form', 1, NULL, '12:36:41', '2013-08-09', '2013-08-09 17:36:41', 0),
(254, 'Erick Dahl (ED)  has opened a new 14 CFR Part 139.327 Self-Inspection Program - Records - New form', 1, NULL, '12:36:47', '2013-08-09', '2013-08-09 17:36:47', 0),
(255, 'Erick Dahl (ED)  has saved a 14 CFR Part 139.327 Self-Inspection Program - Records - New form ID (12)', 1, NULL, '12:37:01', '2013-08-09', '2013-08-09 17:37:01', 0),
(256, 'Erick Dahl (ED)  has opened a new 14 CFR Part 139.327 Self-Inspection Program - Records - New form', 1, NULL, '12:37:15', '2013-08-09', '2013-08-09 17:37:15', 0),
(257, 'Erick Dahl (ED)  has saved a 14 CFR Part 139.327 Self-Inspection Program - Records - New form ID (13)', 1, NULL, '12:37:37', '2013-08-09', '2013-08-09 17:37:37', 0),
(258, 'Erick Dahl (ED)  has saved a 14 CFR Part 139.327 Self-Inspection Program - Records - New form ID (2)', 1, NULL, '12:37:47', '2013-08-09', '2013-08-09 17:37:48', 0),
(259, 'Erick Dahl (ED)  has opened a new 14 CFR Part 139.327 Self-Inspection Program - Records - New form', 1, NULL, '12:37:50', '2013-08-09', '2013-08-09 17:37:52', 0),
(260, 'Erick Dahl (ED)  has opened a new 14 CFR Part 139.327 Self-Inspection Program - Display Report form', 1, NULL, '12:37:53', '2013-08-09', '2013-08-09 17:37:53', 0),
(261, 'Erick Dahl (ED)  has opened a new 14 CFR Part 139.327 Self-Inspection Program - Display Report form', 1, NULL, '12:38:13', '2013-08-09', '2013-08-09 17:38:13', 0),
(262, 'Erick Dahl (ED)  has opened a new 14 CFR Part 139.327 Self-Inspection Program - Display Report form', 1, NULL, '12:38:38', '2013-08-09', '2013-08-09 17:38:38', 0),
(263, 'Erick Dahl (ED)  has opened a new 14 CFR Part 139.327 Self-Inspection Program - Records - Browse form', 1, NULL, '12:38:46', '2013-08-09', '2013-08-09 17:38:46', 0),
(264, 'Erick Dahl (ED)  has opened a new 14 CFR Part 139.303 Personnel (a) - Records - Edit form', 1, NULL, '12:38:49', '2013-08-09', '2013-08-09 17:38:49', 0),
(265, 'Erick Dahl (ED)  has opened a new 14 CFR Part 139.327 Self-Inspection Program - Records - Browse form', 1, NULL, '12:41:37', '2013-08-09', '2013-08-09 17:41:37', 0),
(266, 'Erick Dahl (ED)  has opened a new 14 CFR Part 139.327 Self-Inspection Program - Records - Browse form', 1, NULL, '12:45:28', '2013-08-09', '2013-08-09 17:45:28', 0),
(267, 'Erick Dahl (ED)  has opened a new 14 CFR Part 139.327 Self-Inspection Program - Mark Closed form', 1, NULL, '12:45:32', '2013-08-09', '2013-08-09 17:45:32', 0),
(268, 'Erick Dahl (ED)  has opened a new 14 CFR Part 139.327 Self-Inspection Program - Records - Browse form', 1, NULL, '12:47:43', '2013-08-09', '2013-08-09 17:47:43', 0),
(269, 'Erick Dahl (ED)  has opened a new 14 CFR Part 139.327 Self-Inspection Program - Records - Browse form', 1, NULL, '12:47:47', '2013-08-09', '2013-08-09 17:47:47', 0),
(270, 'Erick Dahl (ED)  has opened a new 14 CFR Part 139.327 Self-Inspection Program - Records - Browse form', 1, NULL, '12:59:48', '2013-08-09', '2013-08-09 17:59:48', 0),
(271, 'Erick Dahl (ED)  has opened a new 14 CFR Part 139.327 Self-Inspection Program - Records - Edit form', 1, NULL, '12:59:50', '2013-08-09', '2013-08-09 17:59:50', 0),
(272, 'Erick Dahl (ED)  has opened a new 14 CFR Part 139.327 Self-Inspection Program - Records - Browse form', 1, NULL, '13:04:12', '2013-08-09', '2013-08-09 18:04:12', 0),
(273, 'Erick Dahl (ED)  has opened a new 14 CFR Part 139.327 Self-Inspection Program - Records - Edit form', 1, NULL, '13:04:16', '2013-08-09', '2013-08-09 18:04:16', 0),
(274, 'Erick Dahl (ED)  has opened a new 14 CFR Part 139.327 Self-Inspection Program - Mark Archived form', 1, NULL, '13:40:25', '2013-08-09', '2013-08-09 18:40:25', 0),
(275, 'Erick Dahl (ED)  has opened a new 14 CFR Part 139.327 Self-Inspection Program - Mark with Error form', 1, NULL, '13:40:27', '2013-08-09', '2013-08-09 18:40:27', 0),
(276, 'Erick Dahl (ED)  has opened a new 14 CFR Part 139.327 Self-Inspection Program - Mark Duplicated form', 1, NULL, '13:40:30', '2013-08-09', '2013-08-09 18:40:30', 0),
(277, 'Erick Dahl (ED)  has opened a new 14 CFR Part 139.327 Self-Inspection Program - Mark Repaired form', 1, NULL, '13:40:34', '2013-08-09', '2013-08-09 18:40:34', 0),
(278, 'Erick Dahl (ED)  has opened a new 14 CFR Part 139.327 Self-Inspection Program - Mark with Error form', 1, NULL, '13:40:38', '2013-08-09', '2013-08-09 18:40:38', 0),
(279, 'Erick Dahl (ED)  has opened a new 14 CFR Part 139.327 Self-Inspection Program - Records - Browse form', 1, NULL, '13:51:12', '2013-08-09', '2013-08-09 18:51:13', 0),
(280, 'Erick Dahl (ED)  has opened a new 14 CFR Part 139.327 Self-Inspection Program - Records - New form', 1, NULL, '13:51:18', '2013-08-09', '2013-08-09 18:51:18', 0),
(281, 'Erick Dahl (ED)  has opened a new 14 CFR Part 139.327 Self-Inspection Program - Records - Browse form', 1, NULL, '13:51:19', '2013-08-09', '2013-08-09 18:51:19', 0),
(282, 'Erick Dahl (ED)  has opened a new 14 CFR Part 139.327 Self-Inspection Program - Records - Browse form', 1, NULL, '13:51:20', '2013-08-09', '2013-08-09 18:51:20', 0),
(283, 'Erick Dahl (ED)  has opened a new 14 CFR Part 139.327 Self-Inspection Program - Records - New form', 1, NULL, '13:51:21', '2013-08-09', '2013-08-09 18:51:21', 0),
(284, 'Erick Dahl logged into the Openairport system', 1, NULL, '18:19:02', '2013-08-09', '2013-08-09 23:19:02', 0),
(285, 'Erick Dahl logged into the Openairport system', 1, NULL, '07:59:22', '2013-08-10', '2013-08-10 12:59:22', 0),
(286, 'Erick Dahl logged into the Openairport system', 1, NULL, '08:15:08', '2013-08-10', '2013-08-10 13:15:08', 0),
(287, 'Erick Dahl logged into the Openairport system', 1, NULL, '08:26:35', '2013-08-10', '2013-08-10 13:26:35', 0),
(288, 'Erick Dahl logged into the Openairport system', 1, NULL, '15:15:52', '2013-08-10', '2013-08-10 20:15:52', 0),
(289, 'Erick Dahl (ED)  has opened a new 14 CFR Part 139.327 Self-Inspection Program - Mark Archived form', 1, NULL, '15:16:01', '2013-08-10', '2013-08-10 20:16:01', 0),
(290, 'Erick Dahl (ED)  has opened a new 14 CFR Part 139.327 Self-Inspection Program - Mark with Error form', 1, NULL, '15:16:03', '2013-08-10', '2013-08-10 20:16:03', 0),
(291, 'Erick Dahl (ED)  has opened a new 14 CFR Part 139.327 Self-Inspection Program - Mark Duplicated form', 1, NULL, '15:16:05', '2013-08-10', '2013-08-10 20:16:05', 0),
(292, 'Erick Dahl (ED)  has opened a new 14 CFR Part 139.327 Self-Inspection Program - Display Map form', 1, NULL, '15:16:10', '2013-08-10', '2013-08-10 20:16:10', 0),
(293, 'Erick Dahl (ED)  has opened a new 14 CFR Part 139.303 Personnel (c) - Records - New form', 1, NULL, '15:16:15', '2013-08-10', '2013-08-10 20:16:15', 0),
(294, 'Erick Dahl (ED)  has opened a new 14 CFR Part 139.327 Self-Inspection Program - Records - Browse form', 1, NULL, '15:16:15', '2013-08-10', '2013-08-10 20:16:16', 0),
(295, 'Erick Dahl (ED)  has opened a new 14 CFR Part 139.327 Self-Inspection Program - Records - Browse form', 1, NULL, '15:16:16', '2013-08-10', '2013-08-10 20:16:16', 0),
(296, 'Erick Dahl (ED)  has opened a new 14 CFR Part 139.327 Self-Inspection Program - Records - New form', 1, NULL, '15:16:17', '2013-08-10', '2013-08-10 20:16:17', 0),
(297, 'Erick Dahl (ED)  has opened a new 14 CFR Part 139.327 Self-Inspection Program - Records - Browse form', 1, NULL, '15:16:18', '2013-08-10', '2013-08-10 20:16:18', 0),
(298, 'Erick Dahl (ED)  has opened a new 14 CFR Part 139.327 Self-Inspection Program - Records - Browse form', 1, NULL, '15:16:18', '2013-08-10', '2013-08-10 20:16:19', 0),
(299, 'Erick Dahl (ED)  has opened a new 14 CFR Part 139.327 Self-Inspection Program - Display Report - Work Order form', 1, NULL, '15:20:36', '2013-08-10', '2013-08-10 20:20:36', 0),
(300, 'Erick Dahl (ED)  has opened a new 14 CFR Part 139.327 Self-Inspection Program - Mark Repaired form', 1, NULL, '15:20:39', '2013-08-10', '2013-08-10 20:20:39', 0),
(301, 'Erick Dahl (ED)  has opened a new 14 CFR Part 139.327 Self-Inspection Program - Mark Archived form', 1, NULL, '15:20:46', '2013-08-10', '2013-08-10 20:20:46', 0);
INSERT INTO `tbl_duty_log` (`duty_log_id`, `duty_log_comments`, `duty_log_by_cb_int`, `duty_log_by_cb_txt`, `duty_log_time`, `duty_log_date`, `duty_log_timestamp`, `duty_log_archived_yn`) VALUES
(302, 'Erick Dahl (ED)  has opened a new 14 CFR Part 139.327 Self-Inspection Program - Mark with Error form', 1, NULL, '15:20:49', '2013-08-10', '2013-08-10 20:20:49', 0),
(303, 'Erick Dahl (ED)  has opened a new 14 CFR Part 139.327 Self-Inspection Program - Mark Duplicated form', 1, NULL, '15:20:51', '2013-08-10', '2013-08-10 20:20:51', 0),
(304, 'Erick Dahl (ED)  has opened a new 14 CFR Part 139.303 Personnel - Records - Edit form', 1, NULL, '15:20:56', '2013-08-10', '2013-08-10 20:20:56', 0),
(305, 'Erick Dahl logged into the Openairport system', 1, NULL, '11:31:24', '2013-08-18', '2013-08-18 16:31:24', 0),
(306, 'Erick Dahl (ED)  has opened a new 14 CFR Part 139.333 Protection of NAVAIDS - Records - New form', 1, NULL, '11:31:28', '2013-08-18', '2013-08-18 16:31:28', 0),
(307, 'Erick Dahl (ED)  has opened a new 14 CFR Part 139.327 Self-Inspection Program - Records - New form', 1, NULL, '11:31:34', '2013-08-18', '2013-08-18 16:31:34', 0),
(308, 'Erick Dahl (ED)  has opened a new 14 CFR Part 139.327 Self-Inspection Program - Records - New form', 1, NULL, '11:32:03', '2013-08-18', '2013-08-18 16:32:03', 0),
(309, 'Erick Dahl (ED)  has opened a new 14 CFR Part 139.327 Self-Inspection Program - Records - New form', 1, NULL, '11:34:22', '2013-08-18', '2013-08-18 16:34:22', 0),
(310, 'Erick Dahl (ED)  has opened a new 14 CFR Part 139.327 Self-Inspection Program - Records - New form', 1, NULL, '11:34:46', '2013-08-18', '2013-08-18 16:34:46', 0),
(311, 'Erick Dahl (ED)  has opened a new 14 CFR Part 139.333 Protection of NAVAIDS - Records - Browse form', 1, NULL, '11:38:17', '2013-08-18', '2013-08-18 16:38:17', 0),
(312, 'Erick Dahl (ED)  has opened a new 14 CFR Part 139.333 Protection of NAVAIDS - Records - New form', 1, NULL, '11:38:18', '2013-08-18', '2013-08-18 16:38:18', 0),
(313, 'Erick Dahl (ED)  has opened a new 14 CFR Part 139.333 Protection of NAVAIDS - Records - New form', 1, NULL, '11:38:57', '2013-08-18', '2013-08-18 16:38:57', 0),
(314, 'Erick Dahl (ED)  has opened a new 14 CFR Part 139.327 Self-Inspection Program - Records - New form', 1, NULL, '11:39:05', '2013-08-18', '2013-08-18 16:39:05', 0),
(315, 'Erick Dahl (ED)  has opened a new 14 CFR Part 139.333 Protection of NAVAIDS - Records - New form', 1, NULL, '11:39:18', '2013-08-18', '2013-08-18 16:39:18', 0),
(316, 'Erick Dahl (ED)  has opened a new 14 CFR Part 139.333 Protection of NAVAIDS - Records - Browse form', 1, NULL, '11:39:19', '2013-08-18', '2013-08-18 16:39:19', 0),
(317, 'Erick Dahl (ED)  has opened a new 14 CFR Part 139.327 Self-Inspection Program - Records - Browse form', 1, NULL, '11:39:21', '2013-08-18', '2013-08-18 16:39:21', 0),
(318, 'Erick Dahl (ED)  has opened a new 14 CFR Part 139.327 Self-Inspection Program - Records - New form', 1, NULL, '11:39:22', '2013-08-18', '2013-08-18 16:39:22', 0),
(319, 'Erick Dahl (ED)  has opened a new 14 CFR Part 139.333 Protection of NAVAIDS - Records - Browse form', 1, NULL, '11:39:23', '2013-08-18', '2013-08-18 16:39:23', 0),
(320, 'Erick Dahl (ED)  has opened a new 14 CFR Part 139.333 Protection of NAVAIDS - Records - New form', 1, NULL, '11:41:26', '2013-08-18', '2013-08-18 16:41:26', 0),
(321, 'Erick Dahl (ED)  has opened a new 14 CFR Part 139.333 Protection of NAVAIDS - Records - New form', 1, NULL, '11:42:07', '2013-08-18', '2013-08-18 16:42:07', 0),
(322, 'Erick Dahl (ED)  has opened a new 14 CFR Part 139.327 Self-Inspection Program - Records - New form', 1, NULL, '11:42:16', '2013-08-18', '2013-08-18 16:42:16', 0),
(323, 'Erick Dahl (ED)  has opened a new 14 CFR Part 139.333 Protection of NAVAIDS - Records - New form', 1, NULL, '11:42:26', '2013-08-18', '2013-08-18 16:42:26', 0),
(324, 'Erick Dahl (ED)  has opened a new 14 CFR Part 139.333 Protection of NAVAIDS - Records - New form', 1, NULL, '11:45:46', '2013-08-18', '2013-08-18 16:45:46', 0),
(325, 'Erick Dahl (ED)  has opened a new 14 CFR Part 139.333 Protection of NAVAIDS - Records - New form', 1, NULL, '11:46:50', '2013-08-18', '2013-08-18 16:46:50', 0),
(326, 'Erick Dahl (ED)  has opened a new 14 CFR Part 139.333 Protection of NAVAIDS - Records - New form', 1, NULL, '11:47:10', '2013-08-18', '2013-08-18 16:47:10', 0),
(327, 'Erick Dahl (ED)  has opened a new 14 CFR Part 139.333 Protection of NAVAIDS - Records - New form', 1, NULL, '11:47:45', '2013-08-18', '2013-08-18 16:47:45', 0),
(328, 'Erick Dahl (ED)  has opened a new 14 CFR Part 139.333 Protection of NAVAIDS - Records - New form', 1, NULL, '11:48:21', '2013-08-18', '2013-08-18 16:48:21', 0),
(329, 'Erick Dahl (ED)  has opened a new 14 CFR Part 139.333 Protection of NAVAIDS - Records - New form', 1, NULL, '11:48:59', '2013-08-18', '2013-08-18 16:48:59', 0),
(330, 'Erick Dahl (ED)  has opened a new 14 CFR Part 139.333 Protection of NAVAIDS - Records - New form', 1, NULL, '11:49:13', '2013-08-18', '2013-08-18 16:49:13', 0),
(331, 'Erick Dahl (ED)  has opened a new 14 CFR Part 139.333 Protection of NAVAIDS - Records - New form', 1, NULL, '11:49:30', '2013-08-18', '2013-08-18 16:49:30', 0),
(332, 'Erick Dahl (ED)  has opened a new 14 CFR Part 139.327 Self-Inspection Program - Records - New form', 1, NULL, '11:49:35', '2013-08-18', '2013-08-18 16:49:35', 0),
(333, 'Erick Dahl (ED)  has opened a new 14 CFR Part 139.333 Protection of NAVAIDS - Records - New form', 1, NULL, '11:49:51', '2013-08-18', '2013-08-18 16:49:51', 0),
(334, 'Erick Dahl (ED)  has opened a new 14 CFR Part 139.333 Protection of NAVAIDS - Records - New form', 1, NULL, '11:50:46', '2013-08-18', '2013-08-18 16:50:46', 0),
(335, 'Erick Dahl (ED)  has opened a new 14 CFR Part 139.327 Self-Inspection Program - Records - New form', 1, NULL, '11:50:50', '2013-08-18', '2013-08-18 16:50:50', 0),
(336, 'Erick Dahl (ED)  has opened a new 14 CFR Part 139.327 Self-Inspection Program - Records - New form', 1, NULL, '11:50:54', '2013-08-18', '2013-08-18 16:50:54', 0),
(337, 'Erick Dahl (ED)  has opened a new 14 CFR Part 139.327 Self-Inspection Program - Records - New form', 1, NULL, '11:51:05', '2013-08-18', '2013-08-18 16:51:05', 0),
(338, 'Erick Dahl (ED)  has opened a new 14 CFR Part 139.333 Protection of NAVAIDS - Records - New form', 1, NULL, '11:51:28', '2013-08-18', '2013-08-18 16:51:28', 0),
(339, 'Erick Dahl (ED)  has opened a new 14 CFR Part 139.333 Protection of NAVAIDS - Records - New form', 1, NULL, '11:51:49', '2013-08-18', '2013-08-18 16:51:49', 0),
(340, 'Erick Dahl (ED)  has opened a new 14 CFR Part 139.333 Protection of NAVAIDS - Records - New form', 1, NULL, '11:52:14', '2013-08-18', '2013-08-18 16:52:14', 0),
(341, 'Erick Dahl (ED)  has opened a new 14 CFR Part 139.327 Self-Inspection Program - Records - New form', 1, NULL, '11:52:19', '2013-08-18', '2013-08-18 16:52:19', 0),
(342, 'Erick Dahl (ED)  has opened a new 14 CFR Part 139.337 Wildlife Hazard Management - Records - Browse form', 1, NULL, '11:52:36', '2013-08-18', '2013-08-18 16:52:36', 0),
(343, 'Erick Dahl (ED)  has opened a new 14 CFR Part 139.333 Protection of NAVAIDS - Records - New form', 1, NULL, '11:52:36', '2013-08-18', '2013-08-18 16:52:36', 0),
(344, 'Erick Dahl (ED)  has opened a new 14 CFR Part 139.327 Self-Inspection Program - Records - New form', 1, NULL, '11:52:41', '2013-08-18', '2013-08-18 16:52:41', 0),
(345, 'Erick Dahl (ED)  has opened a new 14 CFR Part 139.327 Self-Inspection Program - Records - New form', 1, NULL, '11:52:47', '2013-08-18', '2013-08-18 16:52:47', 0),
(346, 'Erick Dahl (ED)  has opened a new 14 CFR Part 139.333 Protection of NAVAIDS - Records - New form', 1, NULL, '11:52:57', '2013-08-18', '2013-08-18 16:52:57', 0),
(347, 'Erick Dahl (ED)  has opened a new 14 CFR Part 139.327 Self-Inspection Program - Records - New form', 1, NULL, '11:53:02', '2013-08-18', '2013-08-18 16:53:02', 0),
(348, 'Erick Dahl (ED)  has opened a new 14 CFR Part 139.333 Protection of NAVAIDS - Records - New form', 1, NULL, '11:53:37', '2013-08-18', '2013-08-18 16:53:37', 0),
(349, 'Erick Dahl (ED)  has opened a new 14 CFR Part 139.333 Protection of NAVAIDS - Records - New form', 1, NULL, '11:53:58', '2013-08-18', '2013-08-18 16:53:58', 0),
(350, 'Erick Dahl logged into the Openairport system', 1, NULL, '10:25:53', '2013-08-19', '2013-08-19 15:25:53', 0),
(351, 'Erick Dahl (ED)  has opened a new 14 CFR Part 139.333 Protection of NAVAIDS - Records - New form', 1, NULL, '10:25:57', '2013-08-19', '2013-08-19 15:25:57', 0),
(352, 'Erick Dahl (ED)  has saved a 14 CFR Part 139.333 Protection of NAVAIDS - Records - New form ID (1)', 1, NULL, '10:26:51', '2013-08-19', '2013-08-19 15:26:52', 0),
(353, 'Erick Dahl (ED)  has opened a new 14 CFR Part 139.333 Protection of NAVAIDS - Display Report form', 1, NULL, '10:26:54', '2013-08-19', '2013-08-19 15:26:54', 0),
(354, 'Erick Dahl (ED)  has opened a new 14 CFR Part 139.333 Protection of NAVAIDS - Records - Browse form', 1, NULL, '10:28:16', '2013-08-19', '2013-08-19 15:28:16', 0),
(355, 'Erick Dahl (ED)  has opened a new 14 CFR Part 139.333 Protection of NAVAIDS - Records - New form', 1, NULL, '10:28:17', '2013-08-19', '2013-08-19 15:28:17', 0),
(356, 'Erick Dahl (ED)  has saved a 14 CFR Part 139.333 Protection of NAVAIDS - Records - New form ID (2)', 1, NULL, '10:29:00', '2013-08-19', '2013-08-19 15:29:01', 0),
(357, 'Erick Dahl (ED)  has opened a new 14 CFR Part 139.333 Protection of NAVAIDS - Display Report form', 1, NULL, '10:29:02', '2013-08-19', '2013-08-19 15:29:02', 0),
(358, 'Erick Dahl (ED)  has opened a new 14 CFR Part 139.303 Personnel - Records - Edit form', 1, NULL, '10:29:04', '2013-08-19', '2013-08-19 15:29:04', 0),
(359, 'Erick Dahl (ED)  has opened a new 14 CFR Part 139.333 Protection of NAVAIDS - Display Report form', 1, NULL, '10:29:15', '2013-08-19', '2013-08-19 15:29:15', 0),
(360, 'Erick Dahl (ED)  has opened a new 14 CFR Part 139.333 Protection of NAVAIDS - Records - New form', 1, NULL, '10:29:34', '2013-08-19', '2013-08-19 15:29:34', 0),
(361, 'Erick Dahl (ED)  has saved a 14 CFR Part 139.333 Protection of NAVAIDS - Records - New form ID (3)', 1, NULL, '10:29:41', '2013-08-19', '2013-08-19 15:29:42', 0),
(362, 'Erick Dahl (ED)  has opened a new 14 CFR Part 139.333 Protection of NAVAIDS - Display Report form', 1, NULL, '10:29:42', '2013-08-19', '2013-08-19 15:29:43', 0),
(363, 'Erick Dahl (ED)  has opened a new 14 CFR Part 139.333 Protection of NAVAIDS - Records - Browse form', 1, NULL, '10:32:28', '2013-08-19', '2013-08-19 15:32:28', 0),
(364, 'Erick Dahl (ED)  has opened a new 14 CFR Part 139.333 Protection of NAVAIDS - Display Report form', 1, NULL, '10:32:30', '2013-08-19', '2013-08-19 15:32:30', 0),
(365, 'Erick Dahl (ED)  has opened a new 14 CFR Part 139.333 Protection of NAVAIDS - Records - Browse form', 1, NULL, '10:32:32', '2013-08-19', '2013-08-19 15:32:32', 0),
(366, 'Erick Dahl (ED)  has opened a new 14 CFR Part 139.333 Protection of NAVAIDS - Records - Browse form', 1, NULL, '10:32:35', '2013-08-19', '2013-08-19 15:32:35', 0),
(367, 'Erick Dahl (ED)  has opened a new 14 CFR Part 139.333 Protection of NAVAIDS - Records - Browse form', 1, NULL, '10:32:40', '2013-08-19', '2013-08-19 15:32:40', 0),
(368, 'Erick Dahl (ED)  has opened a new 14 CFR Part 139.333 Protection of NAVAIDS - Records - Browse form', 1, NULL, '10:32:47', '2013-08-19', '2013-08-19 15:32:47', 0),
(369, 'Erick Dahl (ED)  has opened a new 14 CFR Part 139.333 Protection of NAVAIDS - Records - Browse form', 1, NULL, '10:32:49', '2013-08-19', '2013-08-19 15:32:49', 0),
(370, 'Erick Dahl (ED)  has opened a new 14 CFR Part 139.333 Protection of NAVAIDS - Records - Browse form', 1, NULL, '10:32:50', '2013-08-19', '2013-08-19 15:32:50', 0),
(371, 'Erick Dahl (ED)  has opened a new 14 CFR Part 139.333 Protection of NAVAIDS - Records - Browse form', 1, NULL, '10:32:52', '2013-08-19', '2013-08-19 15:32:52', 0),
(372, 'Erick Dahl (ED)  has opened a new 14 CFR Part 139.333 Protection of NAVAIDS - Records - Browse form', 1, NULL, '10:33:56', '2013-08-19', '2013-08-19 15:33:56', 0),
(373, 'Erick Dahl (ED)  has opened a new 14 CFR Part 139.333 Protection of NAVAIDS - Records - Browse form', 1, NULL, '10:34:01', '2013-08-19', '2013-08-19 15:34:01', 0),
(374, 'Erick Dahl (ED)  has opened a new 14 CFR Part 139.333 Protection of NAVAIDS - Records - Browse form', 1, NULL, '10:34:03', '2013-08-19', '2013-08-19 15:34:03', 0),
(375, 'Erick Dahl (ED)  has opened a new 14 CFR Part 139.333 Protection of NAVAIDS - Records - Browse form', 1, NULL, '10:34:04', '2013-08-19', '2013-08-19 15:34:04', 0),
(376, 'Erick Dahl (ED)  has opened a new 14 CFR Part 139.333 Protection of NAVAIDS - Records - Browse form', 1, NULL, '10:34:05', '2013-08-19', '2013-08-19 15:34:05', 0),
(377, 'Erick Dahl (ED)  has opened a new 14 CFR Part 139.333 Protection of NAVAIDS - Records - Browse form', 1, NULL, '10:34:05', '2013-08-19', '2013-08-19 15:34:06', 0),
(378, 'Erick Dahl (ED)  has opened a new 14 CFR Part 139.333 Protection of NAVAIDS - Records - Browse form', 1, NULL, '10:34:06', '2013-08-19', '2013-08-19 15:34:06', 0),
(379, 'Erick Dahl (ED)  has opened a new 14 CFR Part 139.333 Protection of NAVAIDS - Records - Browse form', 1, NULL, '10:34:07', '2013-08-19', '2013-08-19 15:34:07', 0),
(380, 'Erick Dahl (ED)  has opened a new 14 CFR Part 139.333 Protection of NAVAIDS - Records - Browse form', 1, NULL, '10:34:16', '2013-08-19', '2013-08-19 15:34:16', 0),
(381, 'Erick Dahl (ED)  has opened a new 14 CFR Part 139.333 Protection of NAVAIDS - Records - Browse form', 1, NULL, '10:34:17', '2013-08-19', '2013-08-19 15:34:17', 0),
(382, 'Erick Dahl (ED)  has opened a new 14 CFR Part 139.333 Protection of NAVAIDS - Records - Browse form', 1, NULL, '10:34:20', '2013-08-19', '2013-08-19 15:34:20', 0),
(383, 'Erick Dahl (ED)  has opened a new 14 CFR Part 139.333 Protection of NAVAIDS - Records - Browse form', 1, NULL, '10:34:21', '2013-08-19', '2013-08-19 15:34:21', 0),
(384, 'Erick Dahl (ED)  has opened a new 14 CFR Part 139.333 Protection of NAVAIDS - Records - Browse form', 1, NULL, '10:34:21', '2013-08-19', '2013-08-19 15:34:21', 0),
(385, 'Erick Dahl (ED)  has opened a new 14 CFR Part 139.333 Protection of NAVAIDS - Records - Browse form', 1, NULL, '10:34:27', '2013-08-19', '2013-08-19 15:34:27', 0),
(386, 'Erick Dahl (ED)  has opened a new 14 CFR Part 139.333 Protection of NAVAIDS - Records - Browse form', 1, NULL, '10:34:29', '2013-08-19', '2013-08-19 15:34:29', 0),
(387, 'Erick Dahl (ED)  has opened a new 14 CFR Part 139.333 Protection of NAVAIDS - Records - Browse form', 1, NULL, '10:34:30', '2013-08-19', '2013-08-19 15:34:30', 0),
(388, 'Erick Dahl (ED)  has opened a new 14 CFR Part 139.333 Protection of NAVAIDS - Records - Browse form', 1, NULL, '10:34:32', '2013-08-19', '2013-08-19 15:34:32', 0),
(389, 'Erick Dahl (ED)  has opened a new 14 CFR Part 139.333 Protection of NAVAIDS - Records - Browse form', 1, NULL, '10:34:34', '2013-08-19', '2013-08-19 15:34:34', 0),
(390, 'Erick Dahl (ED)  has opened a new 14 CFR Part 139.333 Protection of NAVAIDS - Records - Browse form', 1, NULL, '10:35:16', '2013-08-19', '2013-08-19 15:35:16', 0),
(391, 'Erick Dahl (ED)  has opened a new 14 CFR Part 139.333 Protection of NAVAIDS - Records - Browse form', 1, NULL, '10:35:18', '2013-08-19', '2013-08-19 15:35:18', 0),
(392, 'Erick Dahl (ED)  has opened a new 14 CFR Part 139.333 Protection of NAVAIDS - Records - Browse form', 1, NULL, '10:37:13', '2013-08-19', '2013-08-19 15:37:13', 0),
(393, 'Erick Dahl (ED)  has opened a new 14 CFR Part 139.327 Self-Inspection Program - Records - Browse form', 1, NULL, '10:37:27', '2013-08-19', '2013-08-19 15:37:27', 0),
(394, 'Erick Dahl (ED)  has opened a new 14 CFR Part 139.333 Protection of NAVAIDS - Records - New form', 1, NULL, '10:38:47', '2013-08-19', '2013-08-19 15:38:47', 0),
(395, 'Erick Dahl (ED)  has opened a new 14 CFR Part 139.333 Protection of NAVAIDS - Records - New form', 1, NULL, '10:38:56', '2013-08-19', '2013-08-19 15:38:56', 0),
(396, 'Erick Dahl (ED)  has opened a new 14 CFR Part 139.337 Wildlife Hazard Management - Records - Browse form', 1, NULL, '10:40:24', '2013-08-19', '2013-08-19 15:40:24', 0),
(397, 'Erick Dahl (ED)  has opened a new 14 CFR Part 139.333 Protection of NAVAIDS - Records - New form', 1, NULL, '10:40:26', '2013-08-19', '2013-08-19 15:40:26', 0),
(398, 'Erick Dahl (ED)  has opened a new 14 CFR Part 139.339 (b) Airport condition reporting - Records - New form', 1, NULL, '10:40:27', '2013-08-19', '2013-08-19 15:40:27', 0),
(399, 'Erick Dahl (ED)  has opened a new 14 CFR Part 139.327 Self-Inspection Program - Records - New form', 1, NULL, '10:40:30', '2013-08-19', '2013-08-19 15:40:30', 0),
(400, 'Erick Dahl (ED)  has opened a new 14 CFR Part 139.327 Self-Inspection Program - Records - New form', 1, NULL, '10:40:39', '2013-08-19', '2013-08-19 15:40:39', 0),
(401, 'Erick Dahl (ED)  has opened a new 14 CFR Part 139.327 Self-Inspection Program - Records - New form', 1, NULL, '10:41:18', '2013-08-19', '2013-08-19 15:41:18', 0),
(402, 'Erick Dahl (ED)  has opened a new 14 CFR Part 139.339 (b) Airport condition reporting - Records - New form', 1, NULL, '10:43:26', '2013-08-19', '2013-08-19 15:43:26', 0),
(403, 'Erick Dahl (ED)  has opened a new 14 CFR Part 139.327 Self-Inspection Program - Records - New form', 1, NULL, '10:43:27', '2013-08-19', '2013-08-19 15:43:27', 0),
(404, 'Erick Dahl (ED)  has opened a new 14 CFR Part 139.327 Self-Inspection Program - Records - New form', 1, NULL, '10:45:44', '2013-08-19', '2013-08-19 15:45:44', 0),
(405, 'Erick Dahl (ED)  has opened a new 14 CFR Part 139.327 Self-Inspection Program - Records - New form', 1, NULL, '10:45:44', '2013-08-19', '2013-08-19 15:45:44', 0),
(406, 'Erick Dahl (ED)  has opened a new 14 CFR Part 139.339 (b) Airport condition reporting - Records - New form', 1, NULL, '10:45:50', '2013-08-19', '2013-08-19 15:45:50', 0),
(407, 'Erick Dahl (ED)  has opened a new 14 CFR Part 139.327 Self-Inspection Program - Records - New form', 1, NULL, '10:45:51', '2013-08-19', '2013-08-19 15:45:51', 0),
(408, 'Erick Dahl (ED)  has opened a new 14 CFR Part 139.327 Self-Inspection Program - Records - New form', 1, NULL, '10:47:00', '2013-08-19', '2013-08-19 15:47:00', 0),
(409, 'Erick Dahl (ED)  has opened a new 14 CFR Part 139.327 Self-Inspection Program - Records - New form', 1, NULL, '10:48:11', '2013-08-19', '2013-08-19 15:48:11', 0),
(410, 'Erick Dahl (ED)  has opened a new 14 CFR Part 139.337 Wildlife Hazard Management - Records - Browse form', 1, NULL, '10:48:40', '2013-08-19', '2013-08-19 15:48:40', 0),
(411, 'Erick Dahl (ED)  has opened a new 14 CFR Part 139.327 Self-Inspection Program - Records - New form', 1, NULL, '10:48:40', '2013-08-19', '2013-08-19 15:48:40', 0),
(412, 'Erick Dahl (ED)  has opened a new 14 CFR Part 139.327 Self-Inspection Program - Records - New form', 1, NULL, '10:48:51', '2013-08-19', '2013-08-19 15:48:51', 0),
(413, 'Erick Dahl (ED)  has opened a new 14 CFR Part 139.327 Self-Inspection Program - Records - Browse form', 1, NULL, '10:48:53', '2013-08-19', '2013-08-19 15:48:53', 0),
(414, 'Erick Dahl (ED)  has opened a new 14 CFR Part 139.327 Self-Inspection Program - Records - Browse form', 1, NULL, '10:48:56', '2013-08-19', '2013-08-19 15:48:56', 0),
(415, 'Erick Dahl (ED)  has opened a new 14 CFR Part 139.327 Self-Inspection Program - Records - New form', 1, NULL, '10:48:57', '2013-08-19', '2013-08-19 15:48:57', 0),
(416, 'Erick Dahl (ED)  has opened a new 14 CFR Part 139.333 Protection of NAVAIDS - Records - Browse form', 1, NULL, '10:48:58', '2013-08-19', '2013-08-19 15:48:58', 0),
(417, 'Erick Dahl (ED)  has opened a new 14 CFR Part 139.333 Protection of NAVAIDS - Records - New form', 1, NULL, '10:48:58', '2013-08-19', '2013-08-19 15:48:58', 0),
(418, 'Erick Dahl (ED)  has opened a new 14 CFR Part 139.333 Protection of NAVAIDS - Records - Browse form', 1, NULL, '10:48:59', '2013-08-19', '2013-08-19 15:48:59', 0),
(419, 'Erick Dahl (ED)  has opened a new 14 CFR Part 139.337 Wildlife Hazard Management - Records - Browse form', 1, NULL, '10:49:01', '2013-08-19', '2013-08-19 15:49:01', 0),
(420, 'Erick Dahl (ED)  has opened a new 14 CFR Part 139.333 Protection of NAVAIDS - Records - New form', 1, NULL, '10:49:01', '2013-08-19', '2013-08-19 15:49:01', 0),
(421, 'Erick Dahl (ED)  has opened a new 14 CFR Part 139.327 Self-Inspection Program - Records - Browse form', 1, NULL, '10:52:45', '2013-08-19', '2013-08-19 15:52:45', 0),
(422, 'Erick Dahl (ED)  has opened a new 14 CFR Part 139.327 Self-Inspection Program - Records - New form', 1, NULL, '10:52:46', '2013-08-19', '2013-08-19 15:52:46', 0),
(423, 'Erick Dahl (ED)  has opened a new 14 CFR Part 139.333 Protection of NAVAIDS - Records - Browse form', 1, NULL, '10:52:47', '2013-08-19', '2013-08-19 15:52:47', 0),
(424, 'Erick Dahl (ED)  has opened a new 14 CFR Part 139.327 Self-Inspection Program - Records - New form', 1, NULL, '10:52:51', '2013-08-19', '2013-08-19 15:52:51', 0),
(425, 'Erick Dahl (ED)  has opened a new 14 CFR Part 139.333 Protection of NAVAIDS - Records - New form', 1, NULL, '10:52:51', '2013-08-19', '2013-08-19 15:52:51', 0),
(426, 'Erick Dahl (ED)  has opened a new 14 CFR Part 139.339 (b) Airport condition reporting - Records - Browse form', 1, NULL, '10:52:52', '2013-08-19', '2013-08-19 15:52:52', 0),
(427, 'Erick Dahl (ED)  has opened a new 14 CFR Part 139.339 (b) Airport condition reporting - Records - New form', 1, NULL, '10:52:53', '2013-08-19', '2013-08-19 15:52:53', 0),
(428, 'Erick Dahl (ED)  has opened a new 14 CFR Part 139.327 Self-Inspection Program - Records - New form', 1, NULL, '10:52:57', '2013-08-19', '2013-08-19 15:52:57', 0),
(429, 'Erick Dahl (ED)  has opened a new 14 CFR Part 139.337 Wildlife Hazard Management - Records - New form', 1, NULL, '10:53:35', '2013-08-19', '2013-08-19 15:53:35', 0),
(430, 'Erick Dahl (ED)  has opened a new 14 CFR Part 139.339 (b) Airport condition reporting - Records - New form', 1, NULL, '10:53:40', '2013-08-19', '2013-08-19 15:53:40', 0),
(431, 'Erick Dahl (ED)  has opened a new 14 CFR Part 139.327 Self-Inspection Program - Records - New form', 1, NULL, '10:53:43', '2013-08-19', '2013-08-19 15:53:43', 0),
(432, 'Erick Dahl (ED)  has opened a new 14 CFR Part 139.339 (b) Airport condition reporting - Records - New form', 1, NULL, '10:54:15', '2013-08-19', '2013-08-19 15:54:15', 0),
(433, 'Erick Dahl (ED)  has opened a new 14 CFR Part 139.339 (b) Airport condition reporting - Records - New form', 1, NULL, '10:54:18', '2013-08-19', '2013-08-19 15:54:18', 0),
(434, 'Erick Dahl (ED)  has opened a new 14 CFR Part 139.339 (b) Airport condition reporting - Records - Browse form', 1, NULL, '10:54:23', '2013-08-19', '2013-08-19 15:54:23', 0),
(435, 'Erick Dahl (ED)  has opened a new 14 CFR Part 139.339 (c) Airport condition reporting - Records - Browse form', 1, NULL, '10:54:25', '2013-08-19', '2013-08-19 15:54:25', 0),
(436, 'Erick Dahl (ED)  has opened a new 14 CFR Part 139.339 (c) Airport condition reporting - Records - Browse form', 1, NULL, '10:54:27', '2013-08-19', '2013-08-19 15:54:27', 0),
(437, 'Erick Dahl (ED)  has opened a new 14 CFR Part 139.339 (c) Airport condition reporting - Records - New form', 1, NULL, '10:54:28', '2013-08-19', '2013-08-19 15:54:28', 0),
(438, 'Erick Dahl (ED)  has opened a new 14 CFR Part 139.339 (c) Airport condition reporting - Records - Browse form', 1, NULL, '10:54:29', '2013-08-19', '2013-08-19 15:54:29', 0),
(439, 'Erick Dahl (ED)  has opened a new 14 CFR Part 139.339 (c) Airport condition reporting - Records - New form', 1, NULL, '10:54:30', '2013-08-19', '2013-08-19 15:54:30', 0),
(440, 'Erick Dahl (ED)  has opened a new 14 CFR Part 139.303 Personnel (a) - Records - Browse form', 1, NULL, '10:54:36', '2013-08-19', '2013-08-19 15:54:36', 0),
(441, 'Erick Dahl (ED)  has opened a new 14 CFR Part 139.303 Personnel (a) - Records - New form', 1, NULL, '10:54:39', '2013-08-19', '2013-08-19 15:54:39', 0),
(442, 'Erick Dahl (ED)  has opened a new 14 CFR Part 139.303 Personnel (c) - Records - Browse form', 1, NULL, '10:54:44', '2013-08-19', '2013-08-19 15:54:44', 0),
(443, 'Erick Dahl (ED)  has opened a new 14 CFR Part 139.339 (b) Airport condition reporting - Records - Browse form', 1, NULL, '10:55:11', '2013-08-19', '2013-08-19 15:55:11', 0),
(444, 'Erick Dahl (ED)  has opened a new 14 CFR Part 139.337 Wildlife Hazard Management - Records - Browse form', 1, NULL, '10:55:12', '2013-08-19', '2013-08-19 15:55:12', 0),
(445, 'Erick Dahl (ED)  has opened a new 14 CFR Part 139.333 Protection of NAVAIDS - Records - New form', 1, NULL, '10:55:13', '2013-08-19', '2013-08-19 15:55:13', 0),
(446, 'Erick Dahl (ED)  has opened a new 14 CFR Part 139.337 Wildlife Hazard Management - Records - Browse form', 1, NULL, '10:55:17', '2013-08-19', '2013-08-19 15:55:17', 0),
(447, 'Erick Dahl (ED)  has opened a new 14 CFR Part 139.337 Wildlife Hazard Management - Records - New form', 1, NULL, '10:55:18', '2013-08-19', '2013-08-19 15:55:18', 0),
(448, 'Erick Dahl (ED)  has opened a new 14 CFR Part 139.327 Self-Inspection Program - Display Map form', 1, NULL, '10:56:00', '2013-08-19', '2013-08-19 15:56:00', 0),
(449, 'Erick Dahl (ED)  has opened a new 14 CFR Part 139.327 Self-Inspection Program - Records - Browse form', 1, NULL, '10:56:13', '2013-08-19', '2013-08-19 15:56:13', 0),
(450, 'Erick Dahl (ED)  has opened a new 14 CFR Part 139.327 Self-Inspection Program - Records - Browse form', 1, NULL, '10:56:14', '2013-08-19', '2013-08-19 15:56:14', 0),
(451, 'Erick Dahl (ED)  has opened a new 14 CFR Part 139.303 Personnel (a) - Records - Browse form', 1, NULL, '10:56:15', '2013-08-19', '2013-08-19 15:56:16', 0),
(452, 'Erick Dahl (ED)  has opened a new 14 CFR Part 139.327 Self-Inspection Program - Records - New form', 1, NULL, '10:56:20', '2013-08-19', '2013-08-19 15:56:21', 0),
(453, 'Erick Dahl (ED)  has opened a new 14 CFR Part 139.339 (b) Airport condition reporting - Records - New form', 1, NULL, '10:56:52', '2013-08-19', '2013-08-19 15:56:52', 0),
(454, 'Erick Dahl (ED)  has opened a new 14 CFR Part 139.339 (c) Airport condition reporting - Records - New form', 1, NULL, '10:56:53', '2013-08-19', '2013-08-19 15:56:53', 0),
(455, 'Erick Dahl (ED)  has opened a new 14 CFR Part 139.339 (b) Airport condition reporting - Records - New form', 1, NULL, '10:56:54', '2013-08-19', '2013-08-19 15:56:54', 0),
(456, 'Erick Dahl (ED)  has opened a new 14 CFR Part 139.327 Self-Inspection Program - Records - New form', 1, NULL, '10:57:05', '2013-08-19', '2013-08-19 15:57:05', 0),
(457, 'Erick Dahl (ED)  has opened a new 14 CFR Part 139.337 Wildlife Hazard Management - Records - New form', 1, NULL, '10:57:15', '2013-08-19', '2013-08-19 15:57:15', 0),
(458, 'Erick Dahl (ED)  has opened a new 14 CFR Part 139.337 Wildlife Hazard Management - Records - Browse form', 1, NULL, '10:57:19', '2013-08-19', '2013-08-19 15:57:19', 0),
(459, 'Erick Dahl (ED)  has opened a new 14 CFR Part 139.339 (b) Airport condition reporting - Records - Browse form', 1, NULL, '10:57:20', '2013-08-19', '2013-08-19 15:57:20', 0),
(460, 'Erick Dahl (ED)  has opened a new 14 CFR Part 139.327 Self-Inspection Program - Records - New form', 1, NULL, '10:57:22', '2013-08-19', '2013-08-19 15:57:22', 0),
(461, 'Erick Dahl (ED)  has opened a new 14 CFR Part 139.327 Self-Inspection Program - Records - Browse form', 1, NULL, '10:57:23', '2013-08-19', '2013-08-19 15:57:23', 0),
(462, 'Erick Dahl (ED)  has opened a new 14 CFR Part 139.339 (b) Airport condition reporting - Records - Browse form', 1, NULL, '10:57:25', '2013-08-19', '2013-08-19 15:57:25', 0),
(463, 'Erick Dahl (ED)  has opened a new 14 CFR Part 139.339 (b) Airport condition reporting - Records - New form', 1, NULL, '10:57:25', '2013-08-19', '2013-08-19 15:57:25', 0),
(464, 'Erick Dahl (ED)  has opened a new 14 CFR Part 139.339 (b) Airport condition reporting - Records - New form', 1, NULL, '10:57:28', '2013-08-19', '2013-08-19 15:57:28', 0),
(465, 'Erick Dahl (ED)  has opened a new 14 CFR Part 139.339 (c) Airport condition reporting - Records - New form', 1, NULL, '10:57:29', '2013-08-19', '2013-08-19 15:57:29', 0),
(466, 'Erick Dahl (ED)  has opened a new 14 CFR Part 139.333 Protection of NAVAIDS - Records - New form', 1, NULL, '10:58:00', '2013-08-19', '2013-08-19 15:58:00', 0),
(467, 'Erick Dahl (ED)  has opened a new 14 CFR Part 139.333 Protection of NAVAIDS - Records - New form', 1, NULL, '10:59:35', '2013-08-19', '2013-08-19 15:59:35', 0),
(468, 'Erick Dahl (ED)  has opened a new 14 CFR Part 139.337 Wildlife Hazard Management - Records - New form', 1, NULL, '10:59:40', '2013-08-19', '2013-08-19 15:59:40', 0),
(469, 'Erick Dahl (ED)  has opened a new 14 CFR Part 139.339 (b) Airport condition reporting - Records - New form', 1, NULL, '10:59:43', '2013-08-19', '2013-08-19 15:59:43', 0),
(470, 'Erick Dahl (ED)  has opened a new 14 CFR Part 139.327 Self-Inspection Program - Records - New form', 1, NULL, '10:59:44', '2013-08-19', '2013-08-19 15:59:44', 0),
(471, 'Erick Dahl (ED)  has opened a new 14 CFR Part 139.333 Protection of NAVAIDS - Records - New form', 1, NULL, '11:00:14', '2013-08-19', '2013-08-19 16:00:14', 0),
(472, 'Erick Dahl (ED)  has opened a new 14 CFR Part 139.339 (b) Airport condition reporting - Records - New form', 1, NULL, '11:00:31', '2013-08-19', '2013-08-19 16:00:31', 0),
(473, 'Erick Dahl (ED)  has opened a new 14 CFR Part 139.327 Self-Inspection Program - Records - New form', 1, NULL, '11:00:34', '2013-08-19', '2013-08-19 16:00:34', 0),
(474, 'Erick Dahl (ED)  has opened a new 14 CFR Part 139.339 (b) Airport condition reporting - Records - New form', 1, NULL, '11:01:06', '2013-08-19', '2013-08-19 16:01:06', 0),
(475, 'Erick Dahl (ED)  has opened a new 14 CFR Part 139.333 Protection of NAVAIDS - Records - New form', 1, NULL, '11:01:09', '2013-08-19', '2013-08-19 16:01:09', 0),
(476, 'Erick Dahl (ED)  has opened a new 14 CFR Part 139.337 Wildlife Hazard Management - Records - New form', 1, NULL, '11:01:12', '2013-08-19', '2013-08-19 16:01:12', 0),
(477, 'Erick Dahl (ED)  has opened a new 14 CFR Part 139.339 (b) Airport condition reporting - Records - New form', 1, NULL, '11:01:13', '2013-08-19', '2013-08-19 16:01:13', 0),
(478, 'Erick Dahl (ED)  has opened a new 14 CFR Part 139.327 Self-Inspection Program - Records - New form', 1, NULL, '11:01:14', '2013-08-19', '2013-08-19 16:01:14', 0),
(479, 'Erick Dahl (ED)  has opened a new 14 CFR Part 139.337 Wildlife Hazard Management - Records - New form', 1, NULL, '11:04:07', '2013-08-19', '2013-08-19 16:04:07', 0),
(480, 'Erick Dahl (ED)  has opened a new 14 CFR Part 139.339 (b) Airport condition reporting - Records - New form', 1, NULL, '11:04:08', '2013-08-19', '2013-08-19 16:04:08', 0),
(481, 'Erick Dahl (ED)  has opened a new 14 CFR Part 139.327 Self-Inspection Program - Records - New form', 1, NULL, '11:04:09', '2013-08-19', '2013-08-19 16:04:09', 0),
(482, 'Erick Dahl (ED)  has opened a new 14 CFR Part 139.339 (b) Airport condition reporting - Records - Browse form', 1, NULL, '11:04:28', '2013-08-19', '2013-08-19 16:04:28', 0),
(483, 'Erick Dahl (ED)  has opened a new 14 CFR Part 139.339 (b) Airport condition reporting - Records - Browse form', 1, NULL, '11:04:29', '2013-08-19', '2013-08-19 16:04:29', 0),
(484, 'Erick Dahl (ED)  has opened a new 14 CFR Part 139.337 Wildlife Hazard Management - Records - New form', 1, NULL, '11:04:29', '2013-08-19', '2013-08-19 16:04:29', 0),
(485, 'Erick Dahl (ED)  has opened a new 14 CFR Part 139.337 Wildlife Hazard Management - Records - New form', 1, NULL, '11:04:54', '2013-08-19', '2013-08-19 16:04:54', 0),
(486, 'Erick Dahl (ED)  has opened a new 14 CFR Part 139.337 Wildlife Hazard Management - Records - New form', 1, NULL, '11:05:01', '2013-08-19', '2013-08-19 16:05:01', 0),
(487, 'Erick Dahl (ED)  has opened a new 14 CFR Part 139.339 (b) Airport condition reporting - Records - New form', 1, NULL, '11:05:02', '2013-08-19', '2013-08-19 16:05:02', 0),
(488, 'Erick Dahl (ED)  has opened a new 14 CFR Part 139.327 Self-Inspection Program - Records - New form', 1, NULL, '11:05:06', '2013-08-19', '2013-08-19 16:05:06', 0),
(489, 'Erick Dahl (ED)  has opened a new 14 CFR Part 139.303 Personnel (a) - Records - Browse form', 1, NULL, '11:06:19', '2013-08-19', '2013-08-19 16:06:19', 0),
(490, 'Erick Dahl (ED)  has opened a new 14 CFR Part 139.303 Personnel (a) - Records - New form', 1, NULL, '11:06:19', '2013-08-19', '2013-08-19 16:06:19', 0),
(491, 'Erick Dahl (ED)  has opened a new 14 CFR Part 139.337 Wildlife Hazard Management - Records - New form', 1, NULL, '11:08:08', '2013-08-19', '2013-08-19 16:08:08', 0),
(492, 'Erick Dahl (ED)  has opened a new 14 CFR Part 139.339 (b) Airport condition reporting - Records - Browse form', 1, NULL, '11:08:10', '2013-08-19', '2013-08-19 16:08:10', 0),
(493, 'Erick Dahl (ED)  has opened a new 14 CFR Part 139.339 (b) Airport condition reporting - Records - New form', 1, NULL, '11:08:11', '2013-08-19', '2013-08-19 16:08:11', 0),
(494, 'Erick Dahl (ED)  has opened a new 14 CFR Part 139.327 Self-Inspection Program - Records - New form', 1, NULL, '11:08:12', '2013-08-19', '2013-08-19 16:08:12', 0),
(495, 'Erick Dahl (ED)  has opened a new 14 CFR Part 139.337 Wildlife Hazard Management - Records - New form', 1, NULL, '11:08:40', '2013-08-19', '2013-08-19 16:08:40', 0),
(496, 'Erick Dahl (ED)  has opened a new 14 CFR Part 139.337 Wildlife Hazard Management - Records - New form', 1, NULL, '11:08:41', '2013-08-19', '2013-08-19 16:08:41', 0),
(497, 'Erick Dahl (ED)  has opened a new 14 CFR Part 139.337 Wildlife Hazard Management - Records - New form', 1, NULL, '11:08:42', '2013-08-19', '2013-08-19 16:08:42', 0),
(498, 'Erick Dahl (ED)  has opened a new 14 CFR Part 139.333 Protection of NAVAIDS - Records - New form', 1, NULL, '11:08:42', '2013-08-19', '2013-08-19 16:08:42', 0),
(499, 'Erick Dahl (ED)  has opened a new 14 CFR Part 139.337 Wildlife Hazard Management - Records - Browse form', 1, NULL, '11:08:43', '2013-08-19', '2013-08-19 16:08:43', 0),
(500, 'Erick Dahl (ED)  has opened a new 14 CFR Part 139.327 Self-Inspection Program - Records - Browse form', 1, NULL, '11:08:57', '2013-08-19', '2013-08-19 16:08:58', 0),
(501, 'Erick Dahl (ED)  has opened a new 14 CFR Part 139.327 Self-Inspection Program - Records - New form', 1, NULL, '11:08:58', '2013-08-19', '2013-08-19 16:08:58', 0),
(502, 'Erick Dahl (ED)  has opened a new 14 CFR Part 139.333 Protection of NAVAIDS - Records - Browse form', 1, NULL, '11:08:59', '2013-08-19', '2013-08-19 16:08:59', 0),
(503, 'Erick Dahl (ED)  has opened a new 14 CFR Part 139.333 Protection of NAVAIDS - Records - New form', 1, NULL, '11:08:59', '2013-08-19', '2013-08-19 16:08:59', 0),
(504, 'Erick Dahl (ED)  has opened a new 14 CFR Part 139.337 Wildlife Hazard Management - Records - New form', 1, NULL, '11:09:00', '2013-08-19', '2013-08-19 16:09:00', 0),
(505, 'Erick Dahl (ED)  has opened a new 14 CFR Part 139.339 (b) Airport condition reporting - Records - Browse form', 1, NULL, '11:09:00', '2013-08-19', '2013-08-19 16:09:00', 0),
(506, 'Erick Dahl (ED)  has opened a new 14 CFR Part 139.339 (b) Airport condition reporting - Records - New form', 1, NULL, '11:09:01', '2013-08-19', '2013-08-19 16:09:01', 0),
(507, 'Erick Dahl (ED)  has opened a new 14 CFR Part 139.327 Self-Inspection Program - Records - New form', 1, NULL, '11:09:02', '2013-08-19', '2013-08-19 16:09:02', 0),
(508, 'Erick Dahl (ED)  has opened a new 14 CFR Part 139.337 Wildlife Hazard Management - Records - New form', 1, NULL, '11:09:46', '2013-08-19', '2013-08-19 16:09:46', 0),
(509, 'Erick Dahl (ED)  has opened a new 14 CFR Part 139.337 Wildlife Hazard Management - Records - New form', 1, NULL, '11:09:47', '2013-08-19', '2013-08-19 16:09:47', 0),
(510, 'Erick Dahl (ED)  has opened a new 14 CFR Part 139.339 (b) Airport condition reporting - Records - New form', 1, NULL, '11:09:48', '2013-08-19', '2013-08-19 16:09:48', 0),
(511, 'Erick Dahl (ED)  has opened a new 14 CFR Part 139.327 Self-Inspection Program - Records - New form', 1, NULL, '11:09:50', '2013-08-19', '2013-08-19 16:09:50', 0),
(512, 'Erick Dahl (ED)  has opened a new 14 CFR Part 139.327 Self-Inspection Program - Records - New form', 1, NULL, '11:11:05', '2013-08-19', '2013-08-19 16:11:05', 0),
(513, 'Erick Dahl (ED)  has opened a new 14 CFR Part 139.327 Self-Inspection Program - Records - New form', 1, NULL, '11:11:06', '2013-08-19', '2013-08-19 16:11:06', 0),
(514, 'Erick Dahl (ED)  has opened a new 14 CFR Part 139.327 Self-Inspection Program - Records - New form', 1, NULL, '11:11:06', '2013-08-19', '2013-08-19 16:11:06', 0),
(515, 'Erick Dahl (ED)  has opened a new 14 CFR Part 139.327 Self-Inspection Program - Records - New form', 1, NULL, '11:11:06', '2013-08-19', '2013-08-19 16:11:06', 0),
(516, 'Erick Dahl (ED)  has opened a new 14 CFR Part 139.327 Self-Inspection Program - Records - New form', 1, NULL, '11:12:00', '2013-08-19', '2013-08-19 16:12:00', 0),
(517, 'Erick Dahl (ED)  has opened a new 14 CFR Part 139.327 Self-Inspection Program - Records - New form', 1, NULL, '11:12:01', '2013-08-19', '2013-08-19 16:12:01', 0),
(518, 'Erick Dahl (ED)  has opened a new 14 CFR Part 139.327 Self-Inspection Program - Records - New form', 1, NULL, '11:12:01', '2013-08-19', '2013-08-19 16:12:01', 0),
(519, 'Erick Dahl (ED)  has opened a new 14 CFR Part 139.327 Self-Inspection Program - Records - New form', 1, NULL, '11:12:01', '2013-08-19', '2013-08-19 16:12:01', 0),
(520, 'Erick Dahl (ED)  has opened a new 14 CFR Part 139.339 (b) Airport condition reporting - Records - New form', 1, NULL, '11:12:02', '2013-08-19', '2013-08-19 16:12:02', 0),
(521, 'Erick Dahl (ED)  has opened a new 14 CFR Part 139.327 Self-Inspection Program - Records - New form', 1, NULL, '11:12:03', '2013-08-19', '2013-08-19 16:12:03', 0),
(522, 'Erick Dahl (ED)  has opened a new 14 CFR Part 139.327 Self-Inspection Program - Records - New form', 1, NULL, '11:12:37', '2013-08-19', '2013-08-19 16:12:37', 0),
(523, 'Erick Dahl (ED)  has opened a new 14 CFR Part 139.327 Self-Inspection Program - Records - New form', 1, NULL, '11:13:14', '2013-08-19', '2013-08-19 16:13:14', 0),
(524, 'Erick Dahl (ED)  has opened a new 14 CFR Part 139.327 Self-Inspection Program - Records - New form', 1, NULL, '11:13:41', '2013-08-19', '2013-08-19 16:13:41', 0),
(525, 'Erick Dahl (ED)  has opened a new 14 CFR Part 139.327 Self-Inspection Program - Records - New form', 1, NULL, '11:13:57', '2013-08-19', '2013-08-19 16:13:57', 0),
(526, 'Erick Dahl (ED)  has opened a new 14 CFR Part 139.337 Wildlife Hazard Management - Records - New form', 1, NULL, '11:13:59', '2013-08-19', '2013-08-19 16:13:59', 0),
(527, 'Erick Dahl (ED)  has opened a new 14 CFR Part 139.339 (b) Airport condition reporting - Records - New form', 1, NULL, '11:14:00', '2013-08-19', '2013-08-19 16:14:00', 0),
(528, 'Erick Dahl (ED)  has opened a new 14 CFR Part 139.327 Self-Inspection Program - Records - New form', 1, NULL, '11:14:01', '2013-08-19', '2013-08-19 16:14:01', 0),
(529, 'Erick Dahl (ED)  has opened a new 14 CFR Part 139.327 Self-Inspection Program - Records - New form', 1, NULL, '11:15:10', '2013-08-19', '2013-08-19 16:15:10', 0),
(530, 'Erick Dahl (ED)  has opened a new 14 CFR Part 139.337 Wildlife Hazard Management - Records - New form', 1, NULL, '11:15:13', '2013-08-19', '2013-08-19 16:15:13', 0),
(531, 'Erick Dahl (ED)  has opened a new 14 CFR Part 139.339 (b) Airport condition reporting - Records - New form', 1, NULL, '11:15:17', '2013-08-19', '2013-08-19 16:15:17', 0),
(532, 'Erick Dahl (ED)  has opened a new 14 CFR Part 139.327 Self-Inspection Program - Records - New form', 1, NULL, '11:15:18', '2013-08-19', '2013-08-19 16:15:18', 0),
(533, 'Erick Dahl (ED)  has opened a new 14 CFR Part 139.339 (b) Airport condition reporting - Records - New form', 1, NULL, '11:16:02', '2013-08-19', '2013-08-19 16:16:02', 0),
(534, 'Erick Dahl (ED)  has opened a new 14 CFR Part 139.327 Self-Inspection Program - Records - New form', 1, NULL, '11:16:03', '2013-08-19', '2013-08-19 16:16:03', 0),
(535, 'Erick Dahl (ED)  has opened a new 14 CFR Part 139.327 Self-Inspection Program - Records - New form', 1, NULL, '11:16:22', '2013-08-19', '2013-08-19 16:16:22', 0),
(536, 'Erick Dahl (ED)  has opened a new 14 CFR Part 139.327 Self-Inspection Program - Records - New form', 1, NULL, '11:16:34', '2013-08-19', '2013-08-19 16:16:34', 0),
(537, 'Erick Dahl (ED)  has opened a new 14 CFR Part 139.327 Self-Inspection Program - Records - New form', 1, NULL, '11:17:49', '2013-08-19', '2013-08-19 16:17:49', 0),
(538, 'Erick Dahl (ED)  has opened a new 14 CFR Part 139.327 Self-Inspection Program - Records - New form', 1, NULL, '11:18:32', '2013-08-19', '2013-08-19 16:18:32', 0),
(539, 'Erick Dahl (ED)  has opened a new 14 CFR Part 139.327 Self-Inspection Program - Records - New form', 1, NULL, '11:19:28', '2013-08-19', '2013-08-19 16:19:28', 0),
(540, 'Erick Dahl (ED)  has opened a new 14 CFR Part 139.327 Self-Inspection Program - Records - New form', 1, NULL, '11:19:29', '2013-08-19', '2013-08-19 16:19:29', 0),
(541, 'Erick Dahl (ED)  has opened a new 14 CFR Part 139.327 Self-Inspection Program - Records - New form', 1, NULL, '11:19:29', '2013-08-19', '2013-08-19 16:19:29', 0),
(542, 'Erick Dahl (ED)  has opened a new 14 CFR Part 139.327 Self-Inspection Program - Records - New form', 1, NULL, '11:19:29', '2013-08-19', '2013-08-19 16:19:29', 0),
(543, 'Erick Dahl (ED)  has opened a new 14 CFR Part 139.327 Self-Inspection Program - Records - New form', 1, NULL, '11:19:43', '2013-08-19', '2013-08-19 16:19:43', 0),
(544, 'Erick Dahl (ED)  has opened a new 14 CFR Part 139.327 Self-Inspection Program - Records - New form', 1, NULL, '11:20:40', '2013-08-19', '2013-08-19 16:20:40', 0),
(545, 'Erick Dahl (ED)  has opened a new 14 CFR Part 139.327 Self-Inspection Program - Records - New form', 1, NULL, '11:21:01', '2013-08-19', '2013-08-19 16:21:01', 0),
(546, 'Erick Dahl (ED)  has opened a new 14 CFR Part 139.327 Self-Inspection Program - Records - New form', 1, NULL, '11:21:16', '2013-08-19', '2013-08-19 16:21:16', 0),
(547, 'Erick Dahl (ED)  has opened a new 14 CFR Part 139.327 Self-Inspection Program - Records - New form', 1, NULL, '11:21:45', '2013-08-19', '2013-08-19 16:21:45', 0),
(548, 'Erick Dahl (ED)  has opened a new 14 CFR Part 139.327 Self-Inspection Program - Records - New form', 1, NULL, '11:21:45', '2013-08-19', '2013-08-19 16:21:45', 0),
(549, 'Erick Dahl (ED)  has opened a new 14 CFR Part 139.327 Self-Inspection Program - Records - New form', 1, NULL, '11:23:40', '2013-08-19', '2013-08-19 16:23:40', 0),
(550, 'Erick Dahl (ED)  has opened a new 14 CFR Part 139.327 Self-Inspection Program - Records - New form', 1, NULL, '11:23:54', '2013-08-19', '2013-08-19 16:23:54', 0),
(551, 'Erick Dahl (ED)  has opened a new 14 CFR Part 139.327 Self-Inspection Program - Records - New form', 1, NULL, '11:26:07', '2013-08-19', '2013-08-19 16:26:07', 0),
(552, 'Erick Dahl (ED)  has opened a new 14 CFR Part 139.327 Self-Inspection Program - Records - New form', 1, NULL, '11:27:46', '2013-08-19', '2013-08-19 16:27:46', 0),
(553, 'Erick Dahl (ED)  has opened a new 14 CFR Part 139.327 Self-Inspection Program - Records - New form', 1, NULL, '11:27:47', '2013-08-19', '2013-08-19 16:27:47', 0),
(554, 'Erick Dahl (ED)  has opened a new 14 CFR Part 139.339 (b) Airport condition reporting - Records - New form', 1, NULL, '11:28:02', '2013-08-19', '2013-08-19 16:28:02', 0),
(555, 'Erick Dahl (ED)  has opened a new 14 CFR Part 139.327 Self-Inspection Program - Records - New form', 1, NULL, '11:28:03', '2013-08-19', '2013-08-19 16:28:03', 0),
(556, 'Erick Dahl (ED)  has opened a new 14 CFR Part 139.327 Self-Inspection Program - Records - New form', 1, NULL, '11:28:14', '2013-08-19', '2013-08-19 16:28:14', 0),
(557, 'Erick Dahl (ED)  has opened a new 14 CFR Part 139.327 Self-Inspection Program - Records - New form', 1, NULL, '11:28:30', '2013-08-19', '2013-08-19 16:28:30', 0),
(558, 'Erick Dahl (ED)  has opened a new 14 CFR Part 139.327 Self-Inspection Program - Records - New form', 1, NULL, '11:31:17', '2013-08-19', '2013-08-19 16:31:17', 0),
(559, 'Erick Dahl (ED)  has opened a new 14 CFR Part 139.339 (b) Airport condition reporting - Records - New form', 1, NULL, '11:32:16', '2013-08-19', '2013-08-19 16:32:16', 0),
(560, 'Erick Dahl (ED)  has opened a new 14 CFR Part 139.333 Protection of NAVAIDS - Records - New form', 1, NULL, '11:32:16', '2013-08-19', '2013-08-19 16:32:16', 0),
(561, 'Erick Dahl (ED)  has opened a new 14 CFR Part 139.337 Wildlife Hazard Management - Records - Browse form', 1, NULL, '11:32:17', '2013-08-19', '2013-08-19 16:32:17', 0),
(562, 'Erick Dahl (ED)  has opened a new 14 CFR Part 139.337 Wildlife Hazard Management - Records - New form', 1, NULL, '11:32:18', '2013-08-19', '2013-08-19 16:32:18', 0),
(563, 'Erick Dahl (ED)  has opened a new 14 CFR Part 139.339 (b) Airport condition reporting - Records - Browse form', 1, NULL, '11:32:18', '2013-08-19', '2013-08-19 16:32:18', 0),
(564, 'Erick Dahl (ED)  has opened a new 14 CFR Part 139.339 (b) Airport condition reporting - Records - New form', 1, NULL, '11:32:19', '2013-08-19', '2013-08-19 16:32:19', 0),
(565, 'Erick Dahl (ED)  has opened a new 14 CFR Part 139.339 (c) Airport condition reporting - Records - Browse form', 1, NULL, '11:32:20', '2013-08-19', '2013-08-19 16:32:20', 0),
(566, 'Erick Dahl (ED)  has opened a new 14 CFR Part 139.339 (b) Airport condition reporting - Records - New form', 1, NULL, '11:32:21', '2013-08-19', '2013-08-19 16:32:21', 0),
(567, 'Erick Dahl (ED)  has opened a new 14 CFR Part 139.327 Self-Inspection Program - Records - New form', 1, NULL, '11:32:22', '2013-08-19', '2013-08-19 16:32:22', 0),
(568, 'Erick Dahl (ED)  has opened a new 14 CFR Part 139.327 Self-Inspection Program - Records - New form', 1, NULL, '11:33:30', '2013-08-19', '2013-08-19 16:33:30', 0),
(569, 'Erick Dahl (ED)  has opened a new 14 CFR Part 139.327 Self-Inspection Program - Records - New form', 1, NULL, '11:34:01', '2013-08-19', '2013-08-19 16:34:01', 0),
(570, 'Erick Dahl (ED)  has opened a new 14 CFR Part 139.327 Self-Inspection Program - Records - New form', 1, NULL, '11:34:14', '2013-08-19', '2013-08-19 16:34:14', 0),
(571, 'Erick Dahl (ED)  has opened a new 14 CFR Part 139.327 Self-Inspection Program - Records - New form', 1, NULL, '11:34:35', '2013-08-19', '2013-08-19 16:34:35', 0),
(572, 'Erick Dahl (ED)  has opened a new 14 CFR Part 139.327 Self-Inspection Program - Records - New form', 1, NULL, '11:37:16', '2013-08-19', '2013-08-19 16:37:16', 0),
(573, 'Erick Dahl (ED)  has opened a new 14 CFR Part 139.327 Self-Inspection Program - Records - New form', 1, NULL, '11:37:17', '2013-08-19', '2013-08-19 16:37:18', 0),
(574, 'Erick Dahl (ED)  has opened a new 14 CFR Part 139.327 Self-Inspection Program - Records - New form', 1, NULL, '11:37:18', '2013-08-19', '2013-08-19 16:37:18', 0),
(575, 'Erick Dahl (ED)  has opened a new 14 CFR Part 139.339 (b) Airport condition reporting - Records - New form', 1, NULL, '11:37:19', '2013-08-19', '2013-08-19 16:37:19', 0),
(576, 'Erick Dahl (ED)  has opened a new 14 CFR Part 139.327 Self-Inspection Program - Records - New form', 1, NULL, '11:37:20', '2013-08-19', '2013-08-19 16:37:20', 0),
(577, 'Erick Dahl (ED)  has opened a new 14 CFR Part 139.339 (b) Airport condition reporting - Records - New form', 1, NULL, '11:39:57', '2013-08-19', '2013-08-19 16:39:57', 0),
(578, 'Erick Dahl (ED)  has opened a new 14 CFR Part 139.339 (b) Airport condition reporting - Records - New form', 1, NULL, '11:40:00', '2013-08-19', '2013-08-19 16:40:00', 0),
(579, 'Erick Dahl (ED)  has opened a new 14 CFR Part 139.327 Self-Inspection Program - Records - New form', 1, NULL, '11:40:01', '2013-08-19', '2013-08-19 16:40:01', 0),
(580, 'Erick Dahl (ED)  has opened a new 14 CFR Part 139.327 Self-Inspection Program - Records - New form', 1, NULL, '11:42:21', '2013-08-19', '2013-08-19 16:42:21', 0),
(581, 'Erick Dahl (ED)  has opened a new 14 CFR Part 139.339 (b) Airport condition reporting - Records - New form', 1, NULL, '11:42:45', '2013-08-19', '2013-08-19 16:42:45', 0),
(582, 'Erick Dahl (ED)  has opened a new 14 CFR Part 139.327 Self-Inspection Program - Records - New form', 1, NULL, '11:42:47', '2013-08-19', '2013-08-19 16:42:47', 0),
(583, 'Erick Dahl (ED)  has opened a new 14 CFR Part 139.327 Self-Inspection Program - Records - New form', 1, NULL, '11:45:37', '2013-08-19', '2013-08-19 16:45:37', 0),
(584, 'Erick Dahl (ED)  has opened a new 14 CFR Part 139.327 Self-Inspection Program - Records - New form', 1, NULL, '11:46:10', '2013-08-19', '2013-08-19 16:46:10', 0),
(585, 'Erick Dahl (ED)  has opened a new 14 CFR Part 139.339 (c) Airport condition reporting - Records - Browse form', 1, NULL, '11:46:11', '2013-08-19', '2013-08-19 16:46:12', 0),
(586, 'Erick Dahl (ED)  has opened a new 14 CFR Part 139.339 (b) Airport condition reporting - Records - New form', 1, NULL, '11:46:12', '2013-08-19', '2013-08-19 16:46:12', 0),
(587, 'Erick Dahl (ED)  has opened a new 14 CFR Part 139.327 Self-Inspection Program - Records - New form', 1, NULL, '11:46:13', '2013-08-19', '2013-08-19 16:46:13', 0),
(588, 'Erick Dahl (ED)  has opened a new 14 CFR Part 139.327 Self-Inspection Program - Records - New form', 1, NULL, '11:46:37', '2013-08-19', '2013-08-19 16:46:37', 0),
(589, 'Erick Dahl (ED)  has opened a new 14 CFR Part 139.339 (b) Airport condition reporting - Records - New form', 1, NULL, '11:47:24', '2013-08-19', '2013-08-19 16:47:24', 0),
(590, 'Erick Dahl (ED)  has opened a new 14 CFR Part 139.327 Self-Inspection Program - Records - New form', 1, NULL, '11:47:25', '2013-08-19', '2013-08-19 16:47:25', 0),
(591, 'Erick Dahl (ED)  has opened a new 14 CFR Part 139.339 (b) Airport condition reporting - Records - New form', 1, NULL, '11:49:28', '2013-08-19', '2013-08-19 16:49:28', 0),
(592, 'Erick Dahl (ED)  has opened a new 14 CFR Part 139.327 Self-Inspection Program - Records - New form', 1, NULL, '11:49:29', '2013-08-19', '2013-08-19 16:49:29', 0),
(593, 'Erick Dahl (ED)  has opened a new 14 CFR Part 139.327 Self-Inspection Program - Records - New form', 1, NULL, '11:50:31', '2013-08-19', '2013-08-19 16:50:31', 0),
(594, 'Erick Dahl (ED)  has opened a new 14 CFR Part 139.327 Self-Inspection Program - Records - New form', 1, NULL, '11:50:48', '2013-08-19', '2013-08-19 16:50:48', 0),
(595, 'Erick Dahl (ED)  has opened a new 14 CFR Part 139.327 Self-Inspection Program - Records - New form', 1, NULL, '11:51:16', '2013-08-19', '2013-08-19 16:51:16', 0);
INSERT INTO `tbl_duty_log` (`duty_log_id`, `duty_log_comments`, `duty_log_by_cb_int`, `duty_log_by_cb_txt`, `duty_log_time`, `duty_log_date`, `duty_log_timestamp`, `duty_log_archived_yn`) VALUES
(596, 'Erick Dahl (ED)  has opened a new 14 CFR Part 139.327 Self-Inspection Program - Records - New form', 1, NULL, '11:51:31', '2013-08-19', '2013-08-19 16:51:31', 0),
(597, 'Erick Dahl (ED)  has opened a new 14 CFR Part 139.327 Self-Inspection Program - Records - New form', 1, NULL, '11:52:43', '2013-08-19', '2013-08-19 16:52:43', 0),
(598, 'Erick Dahl (ED)  has opened a new 14 CFR Part 139.327 Self-Inspection Program - Records - New form', 1, NULL, '11:53:08', '2013-08-19', '2013-08-19 16:53:08', 0),
(599, 'Erick Dahl (ED)  has opened a new 14 CFR Part 139.327 Self-Inspection Program - Records - New form', 1, NULL, '11:53:39', '2013-08-19', '2013-08-19 16:53:39', 0),
(600, 'Erick Dahl (ED)  has opened a new 14 CFR Part 139.327 Self-Inspection Program - Records - New form', 1, NULL, '11:53:59', '2013-08-19', '2013-08-19 16:53:59', 0),
(601, 'Erick Dahl (ED)  has opened a new 14 CFR Part 139.327 Self-Inspection Program - Records - New form', 1, NULL, '11:56:27', '2013-08-19', '2013-08-19 16:56:27', 0),
(602, 'Erick Dahl (ED)  has opened a new 14 CFR Part 139.327 Self-Inspection Program - Records - New form', 1, NULL, '11:57:30', '2013-08-19', '2013-08-19 16:57:30', 0),
(603, 'Erick Dahl (ED)  has opened a new 14 CFR Part 139.327 Self-Inspection Program - Records - New form', 1, NULL, '11:57:31', '2013-08-19', '2013-08-19 16:57:31', 0),
(604, 'Erick Dahl (ED)  has opened a new 14 CFR Part 139.327 Self-Inspection Program - Records - New form', 1, NULL, '11:57:31', '2013-08-19', '2013-08-19 16:57:31', 0),
(605, 'Erick Dahl (ED)  has opened a new 14 CFR Part 139.339 (b) Airport condition reporting - Records - Browse form', 1, NULL, '11:57:32', '2013-08-19', '2013-08-19 16:57:32', 0),
(606, 'Erick Dahl (ED)  has opened a new 14 CFR Part 139.337 Wildlife Hazard Management - Records - New form', 1, NULL, '11:57:39', '2013-08-19', '2013-08-19 16:57:39', 0),
(607, 'Erick Dahl (ED)  has opened a new 14 CFR Part 139.339 (b) Airport condition reporting - Records - New form', 1, NULL, '11:57:44', '2013-08-19', '2013-08-19 16:57:44', 0),
(608, 'Erick Dahl (ED)  has opened a new 14 CFR Part 139.327 Self-Inspection Program - Records - New form', 1, NULL, '11:57:45', '2013-08-19', '2013-08-19 16:57:45', 0),
(609, 'Erick Dahl (ED)  has opened a new 14 CFR Part 139.327 Self-Inspection Program - Records - New form', 1, NULL, '11:58:07', '2013-08-19', '2013-08-19 16:58:07', 0),
(610, 'Erick Dahl (ED)  has opened a new 14 CFR Part 139.327 Self-Inspection Program - Records - New form', 1, NULL, '11:58:08', '2013-08-19', '2013-08-19 16:58:08', 0),
(611, 'Erick Dahl (ED)  has opened a new 14 CFR Part 139.327 Self-Inspection Program - Records - New form', 1, NULL, '11:58:08', '2013-08-19', '2013-08-19 16:58:08', 0),
(612, 'Erick Dahl (ED)  has opened a new 14 CFR Part 139.327 Self-Inspection Program - Records - New form', 1, NULL, '11:59:55', '2013-08-19', '2013-08-19 16:59:55', 0),
(613, 'Erick Dahl (ED)  has opened a new 14 CFR Part 139.327 Self-Inspection Program - Records - New form', 1, NULL, '12:00:04', '2013-08-19', '2013-08-19 17:00:04', 0),
(614, 'Erick Dahl (ED)  has opened a new 14 CFR Part 139.327 Self-Inspection Program - Records - New form', 1, NULL, '12:00:05', '2013-08-19', '2013-08-19 17:00:05', 0),
(615, 'Erick Dahl (ED)  has opened a new 14 CFR Part 139.327 Self-Inspection Program - Records - New form', 1, NULL, '12:00:05', '2013-08-19', '2013-08-19 17:00:05', 0),
(616, 'Erick Dahl (ED)  has opened a new 14 CFR Part 139.327 Self-Inspection Program - Records - New form', 1, NULL, '12:00:05', '2013-08-19', '2013-08-19 17:00:05', 0),
(617, 'Erick Dahl (ED)  has opened a new 14 CFR Part 139.327 Self-Inspection Program - Records - New form', 1, NULL, '12:00:19', '2013-08-19', '2013-08-19 17:00:19', 0),
(618, 'Erick Dahl (ED)  has opened a new 14 CFR Part 139.327 Self-Inspection Program - Records - New form', 1, NULL, '12:00:35', '2013-08-19', '2013-08-19 17:00:35', 0),
(619, 'Erick Dahl (ED)  has opened a new 14 CFR Part 139.327 Self-Inspection Program - Records - New form', 1, NULL, '12:01:02', '2013-08-19', '2013-08-19 17:01:02', 0),
(620, 'Erick Dahl (ED)  has opened a new 14 CFR Part 139.327 Self-Inspection Program - Records - New form', 1, NULL, '12:01:19', '2013-08-19', '2013-08-19 17:01:19', 0),
(621, 'Erick Dahl (ED)  has opened a new 14 CFR Part 139.327 Self-Inspection Program - Records - New form', 1, NULL, '12:01:38', '2013-08-19', '2013-08-19 17:01:38', 0),
(622, 'Erick Dahl (ED)  has opened a new 14 CFR Part 139.327 Self-Inspection Program - Records - New form', 1, NULL, '12:01:57', '2013-08-19', '2013-08-19 17:01:57', 0),
(623, 'Erick Dahl (ED)  has opened a new 14 CFR Part 139.327 Self-Inspection Program - Records - New form', 1, NULL, '12:02:44', '2013-08-19', '2013-08-19 17:02:44', 0),
(624, 'Erick Dahl (ED)  has opened a new 14 CFR Part 139.327 Self-Inspection Program - Records - New form', 1, NULL, '12:04:27', '2013-08-19', '2013-08-19 17:04:27', 0),
(625, 'Erick Dahl (ED)  has opened a new 14 CFR Part 139.303 Personnel (a) - Records - New form', 1, NULL, '12:06:33', '2013-08-19', '2013-08-19 17:06:33', 0),
(626, 'Erick Dahl (ED)  has opened a new 14 CFR Part 139.303 Personnel (c) - Records - New form', 1, NULL, '12:06:36', '2013-08-19', '2013-08-19 17:06:36', 0),
(627, 'Erick Dahl (ED)  has opened a new 14 CFR Part 139.303 Personnel (c) - Records - New form', 1, NULL, '12:06:38', '2013-08-19', '2013-08-19 17:06:38', 0),
(628, 'Erick Dahl (ED)  has opened a new 14 CFR Part 139.303 Personnel (c) - Records - New form', 1, NULL, '12:06:43', '2013-08-19', '2013-08-19 17:06:43', 0),
(629, 'Erick Dahl (ED)  has opened a new 14 CFR Part 139.303 Personnel (c) - Records - New form', 1, NULL, '12:09:54', '2013-08-19', '2013-08-19 17:09:54', 0),
(630, 'Erick Dahl (ED)  has opened a new 14 CFR Part 139.303 Personnel (c) - Records - New form', 1, NULL, '12:10:11', '2013-08-19', '2013-08-19 17:10:11', 0),
(631, 'Erick Dahl (ED)  has opened a new 14 CFR Part 139.327 Self-Inspection Program - Records - Browse form', 1, NULL, '12:10:12', '2013-08-19', '2013-08-19 17:10:12', 0),
(632, 'Erick Dahl (ED)  has opened a new 14 CFR Part 139.327 Self-Inspection Program - Records - Browse form', 1, NULL, '12:10:13', '2013-08-19', '2013-08-19 17:10:13', 0),
(633, 'Erick Dahl (ED)  has opened a new 14 CFR Part 139.327 Self-Inspection Program - Display Report - Work Order form', 1, NULL, '12:10:16', '2013-08-19', '2013-08-19 17:10:16', 0),
(634, 'Erick Dahl (ED)  has opened a new 14 CFR Part 139.327 Self-Inspection Program - Mark Repaired form', 1, NULL, '12:10:18', '2013-08-19', '2013-08-19 17:10:18', 0),
(635, 'Erick Dahl (ED)  has opened a new 14 CFR Part 139.333 Protection of NAVAIDS - Records - New form', 1, NULL, '12:10:30', '2013-08-19', '2013-08-19 17:10:30', 0),
(636, 'Erick Dahl (ED)  has opened a new 14 CFR Part 139.337 Wildlife Hazard Management - Records - New form', 1, NULL, '12:10:35', '2013-08-19', '2013-08-19 17:10:35', 0),
(637, 'Erick Dahl (ED)  has opened a new 14 CFR Part 139.327 Self-Inspection Program - Records - New form', 1, NULL, '12:10:37', '2013-08-19', '2013-08-19 17:10:37', 0),
(638, 'Erick Dahl (ED)  has opened a new 14 CFR Part 139.327 Self-Inspection Program - Records - New form', 1, NULL, '12:10:39', '2013-08-19', '2013-08-19 17:10:39', 0),
(639, 'Erick Dahl (ED)  has opened a new 14 CFR Part 139.327 Self-Inspection Program - Records - New form', 1, NULL, '12:12:30', '2013-08-19', '2013-08-19 17:12:30', 0),
(640, 'Erick Dahl (ED)  has opened a new 14 CFR Part 139.339 (b) Airport condition reporting - Records - New form', 1, NULL, '12:12:54', '2013-08-19', '2013-08-19 17:12:54', 0),
(641, 'Erick Dahl (ED)  has opened a new 14 CFR Part 139.327 Self-Inspection Program - Records - New form', 1, NULL, '12:12:57', '2013-08-19', '2013-08-19 17:12:57', 0),
(642, 'Erick Dahl (ED)  has opened a new 14 CFR Part 139.339 (c) Airport condition reporting - Records - Browse form', 1, NULL, '12:13:00', '2013-08-19', '2013-08-19 17:13:00', 0),
(643, 'Erick Dahl (ED)  has opened a new 14 CFR Part 139.339 (c) Airport condition reporting - Records - New form', 1, NULL, '12:13:00', '2013-08-19', '2013-08-19 17:13:00', 0),
(644, 'Erick Dahl (ED)  has opened a new 14 CFR Part 139.339 (c) Airport condition reporting - Records - New form', 1, NULL, '12:13:33', '2013-08-19', '2013-08-19 17:13:33', 0),
(645, 'Erick Dahl (ED)  has opened a new 14 CFR Part 139.327 Self-Inspection Program - Mark Repaired form', 1, NULL, '12:13:39', '2013-08-19', '2013-08-19 17:13:39', 0),
(646, 'Erick Dahl (ED)  has opened a new 14 CFR Part 139.303 Personnel (c) - Records - Browse form', 1, NULL, '12:16:02', '2013-08-19', '2013-08-19 17:16:02', 0),
(647, 'Erick Dahl (ED)  has opened a new 14 CFR Part 139.303 Personnel (a) - Records - New form', 1, NULL, '12:16:04', '2013-08-19', '2013-08-19 17:16:04', 0),
(648, 'Erick Dahl (ED)  has opened a new 14 CFR Part 139.303 Personnel (a) - Records - Browse form', 1, NULL, '12:16:04', '2013-08-19', '2013-08-19 17:16:05', 0),
(649, 'Erick Dahl (ED)  has opened a new 14 CFR Part 139.303 Personnel (a) - Records - Edit form', 1, NULL, '12:16:06', '2013-08-19', '2013-08-19 17:16:06', 0),
(650, 'Erick Dahl (ED)  has opened a new 14 CFR Part 139.303 Personnel (a) - Mark Archived form', 1, NULL, '12:16:09', '2013-08-19', '2013-08-19 17:16:09', 0),
(651, 'Erick Dahl (ED)  has opened a new 14 CFR Part 139.303 Personnel (a) - Mark Archived form', 1, NULL, '12:16:17', '2013-08-19', '2013-08-19 17:16:17', 0),
(652, 'Erick Dahl (ED)  has opened a new 14 CFR Part 139.333 Protection of NAVAIDS - Records - New form', 1, NULL, '12:24:12', '2013-08-19', '2013-08-19 17:24:12', 0),
(653, 'Erick Dahl (ED)  has opened a new 14 CFR Part 139.333 Protection of NAVAIDS - Records - Browse form', 1, NULL, '12:24:13', '2013-08-19', '2013-08-19 17:24:14', 0),
(654, 'Erick Dahl (ED)  has opened a new 14 CFR Part 139.333 Protection of NAVAIDS - Records - Edit form', 1, NULL, '12:24:15', '2013-08-19', '2013-08-19 17:24:15', 0),
(655, 'Erick Dahl (ED)  has opened a new 14 CFR Part 139.333 Protection of NAVAIDS - Mark Archived form', 1, NULL, '12:24:16', '2013-08-19', '2013-08-19 17:24:16', 0),
(656, 'Erick Dahl (ED)  has opened a new 14 CFR Part 139.327 Self-Inspection Program - Records - New form', 1, NULL, '12:35:52', '2013-08-19', '2013-08-19 17:35:52', 0),
(657, 'Erick Dahl (ED)  has opened a new 14 CFR Part 139.333 Protection of NAVAIDS - Records - New form', 1, NULL, '12:35:54', '2013-08-19', '2013-08-19 17:35:54', 0),
(658, 'Erick Dahl (ED)  has opened a new 14 CFR Part 139.337 Wildlife Hazard Management - Records - New form', 1, NULL, '12:35:54', '2013-08-19', '2013-08-19 17:35:54', 0),
(659, 'Erick Dahl (ED)  has opened a new 14 CFR Part 139.337 Wildlife Hazard Management - Records - Browse form', 1, NULL, '12:35:55', '2013-08-19', '2013-08-19 17:35:55', 0),
(660, 'Erick Dahl (ED)  has opened a new 14 CFR Part 139.339 (c) Airport condition reporting - Records - Browse form', 1, NULL, '12:35:57', '2013-08-19', '2013-08-19 17:35:57', 0),
(661, 'Erick Dahl (ED)  has opened a new 14 CFR Part 139.339 (c) Airport condition reporting - Records - Edit form', 1, NULL, '12:35:58', '2013-08-19', '2013-08-19 17:35:58', 0),
(662, 'Erick Dahl (ED)  has opened a new 14 CFR Part 139.339 (c) Airport condition reporting - Mark Archived form', 1, NULL, '12:35:59', '2013-08-19', '2013-08-19 17:35:59', 0),
(663, 'Erick Dahl (ED)  has opened a new 14 CFR Part 139.339 (c) Airport condition reporting - Mark with Error form', 1, NULL, '12:36:11', '2013-08-19', '2013-08-19 17:36:11', 0),
(664, 'Erick Dahl (ED)  has opened a new 14 CFR Part 139.327 Self-Inspection Program - Records - Browse form', 1, NULL, '12:36:13', '2013-08-19', '2013-08-19 17:36:13', 0),
(665, 'Erick Dahl (ED)  has opened a new 14 CFR Part 139.327 Self-Inspection Program - Mark Archived form', 1, NULL, '12:36:17', '2013-08-19', '2013-08-19 17:36:17', 0),
(666, 'Erick Dahl (ED)  has opened a new 14 CFR Part 139.303 Personnel (c) - Records - Browse form', 1, NULL, '12:36:38', '2013-08-19', '2013-08-19 17:36:38', 0),
(667, 'Erick Dahl (ED)  has opened a new 14 CFR Part 139.303 Personnel (a) - Records - Browse form', 1, NULL, '12:36:40', '2013-08-19', '2013-08-19 17:36:40', 0),
(668, 'Erick Dahl (ED)  has opened a new 14 CFR Part 139.303 Personnel (a) - Records - Edit form', 1, NULL, '12:36:41', '2013-08-19', '2013-08-19 17:36:41', 0),
(669, 'Erick Dahl (ED)  has opened a new 14 CFR Part 139.303 Personnel (a) - Mark Archived form', 1, NULL, '12:36:42', '2013-08-19', '2013-08-19 17:36:42', 0),
(670, 'Erick Dahl (ED)  has opened a new 14 CFR Part 139.333 Protection of NAVAIDS - Records - New form', 1, NULL, '12:36:51', '2013-08-19', '2013-08-19 17:36:51', 0),
(671, 'Erick Dahl (ED)  has opened a new 14 CFR Part 139.339 (b) Airport condition reporting - Records - Browse form', 1, NULL, '12:36:52', '2013-08-19', '2013-08-19 17:36:53', 0),
(672, 'Erick Dahl (ED)  has opened a new 14 CFR Part 139.339 (b) Airport condition reporting - Records - New form', 1, NULL, '12:36:54', '2013-08-19', '2013-08-19 17:36:54', 0),
(673, 'Erick Dahl (ED)  has opened a new 14 CFR Part 139.339 (c) Airport condition reporting - Records - Browse form', 1, NULL, '12:36:55', '2013-08-19', '2013-08-19 17:36:55', 0),
(674, 'Erick Dahl (ED)  has opened a new 14 CFR Part 139.339 (c) Airport condition reporting - Records - Edit form', 1, NULL, '12:36:56', '2013-08-19', '2013-08-19 17:36:56', 0),
(675, 'Erick Dahl (ED)  has opened a new 14 CFR Part 139.339 (c) Airport condition reporting - Mark Archived form', 1, NULL, '12:36:58', '2013-08-19', '2013-08-19 17:36:58', 0),
(676, 'Erick Dahl (ED)  has opened a new 14 CFR Part 139.339 (c) Airport condition reporting - Mark Archived form', 1, NULL, '12:38:33', '2013-08-19', '2013-08-19 17:38:33', 0),
(677, 'Erick Dahl (ED)  has opened a new 14 CFR Part 139.339 (b) Airport condition reporting - Records - Browse form', 1, NULL, '12:38:35', '2013-08-19', '2013-08-19 17:38:35', 0),
(678, 'Erick Dahl (ED)  has opened a new 14 CFR Part 139.339 (b) Airport condition reporting - Records - New form', 1, NULL, '12:38:36', '2013-08-19', '2013-08-19 17:38:36', 0),
(679, 'Erick Dahl (ED)  has opened a new 14 CFR Part 139.333 Protection of NAVAIDS - Records - New form', 1, NULL, '12:38:37', '2013-08-19', '2013-08-19 17:38:37', 0),
(680, 'Erick Dahl (ED)  has opened a new 14 CFR Part 139.339 (b) Airport condition reporting - Records - Browse form', 1, NULL, '12:38:38', '2013-08-19', '2013-08-19 17:38:38', 0),
(681, 'Erick Dahl (ED)  has opened a new 14 CFR Part 139.337 Wildlife Hazard Management - Records - New form', 1, NULL, '12:38:38', '2013-08-19', '2013-08-19 17:38:39', 0),
(682, 'Erick Dahl (ED)  has opened a new 14 CFR Part 139.339 (b) Airport condition reporting - Records - New form', 1, NULL, '12:38:39', '2013-08-19', '2013-08-19 17:38:39', 0),
(683, 'Erick Dahl (ED)  has opened a new 14 CFR Part 139.339 (c) Airport condition reporting - Records - Browse form', 1, NULL, '12:38:40', '2013-08-19', '2013-08-19 17:38:40', 0),
(684, 'Erick Dahl (ED)  has opened a new 14 CFR Part 139.339 (c) Airport condition reporting - Records - Edit form', 1, NULL, '12:38:41', '2013-08-19', '2013-08-19 17:38:42', 0),
(685, 'Erick Dahl (ED)  has opened a new 14 CFR Part 139.339 (c) Airport condition reporting - Mark Archived form', 1, NULL, '12:38:43', '2013-08-19', '2013-08-19 17:38:43', 0),
(686, 'Erick Dahl (ED)  has opened a new 14 CFR Part 139.339 (c) Airport condition reporting - Mark Archived form', 1, NULL, '12:42:32', '2013-08-19', '2013-08-19 17:42:32', 0),
(687, 'Erick Dahl (ED)  has opened a new 14 CFR Part 139.337 Wildlife Hazard Management - Records - New form', 1, NULL, '12:43:05', '2013-08-19', '2013-08-19 17:43:05', 0),
(688, 'Erick Dahl (ED)  has opened a new 14 CFR Part 139.339 (b) Airport condition reporting - Records - Browse form', 1, NULL, '12:43:06', '2013-08-19', '2013-08-19 17:43:06', 0),
(689, 'Erick Dahl (ED)  has opened a new 14 CFR Part 139.339 (b) Airport condition reporting - Records - New form', 1, NULL, '12:43:07', '2013-08-19', '2013-08-19 17:43:07', 0),
(690, 'Erick Dahl (ED)  has opened a new 14 CFR Part 139.339 (c) Airport condition reporting - Records - Browse form', 1, NULL, '12:43:10', '2013-08-19', '2013-08-19 17:43:10', 0),
(691, 'Erick Dahl (ED)  has opened a new 14 CFR Part 139.337 Wildlife Hazard Management - Records - Browse form', 1, NULL, '12:43:32', '2013-08-19', '2013-08-19 17:43:32', 0),
(692, 'Erick Dahl (ED)  has opened a new 14 CFR Part 139.333 Protection of NAVAIDS - Records - New form', 1, NULL, '12:43:34', '2013-08-19', '2013-08-19 17:43:34', 0),
(693, 'Erick Dahl (ED)  has opened a new 14 CFR Part 139.327 Self-Inspection Program - Records - Browse form', 1, NULL, '12:43:35', '2013-08-19', '2013-08-19 17:43:35', 0),
(694, 'Erick Dahl (ED)  has opened a new 14 CFR Part 139.327 Self-Inspection Program - Records - Browse form', 1, NULL, '12:43:36', '2013-08-19', '2013-08-19 17:43:36', 0),
(695, 'Erick Dahl (ED)  has opened a new 14 CFR Part 139.327 Self-Inspection Program - Mark with Error form', 1, NULL, '12:43:38', '2013-08-19', '2013-08-19 17:43:38', 0),
(696, 'Erick Dahl (ED)  has opened a new 14 CFR Part 139.327 Self-Inspection Program - Mark Archived form', 1, NULL, '13:01:54', '2013-08-19', '2013-08-19 18:01:54', 0),
(697, 'Erick Dahl (ED)  has opened a new 14 CFR Part 139.327 Self-Inspection Program - Records - New form', 1, NULL, '14:35:10', '2013-08-19', '2013-08-19 19:35:10', 0),
(698, 'Erick Dahl (ED)  has opened a new 14 CFR Part 139.327 Self-Inspection Program - Records - New form', 1, NULL, '14:35:51', '2013-08-19', '2013-08-19 19:35:51', 0),
(699, 'Erick Dahl (ED)  has opened a new 14 CFR Part 139.327 Self-Inspection Program - Records - New form', 1, NULL, '14:36:06', '2013-08-19', '2013-08-19 19:36:06', 0),
(700, 'Erick Dahl (ED)  has opened a new 14 CFR Part 139.327 Self-Inspection Program - Records - New form', 1, NULL, '14:37:00', '2013-08-19', '2013-08-19 19:37:00', 0),
(701, 'Erick Dahl (ED)  has opened a new 14 CFR Part 139.303 Personnel (a) - Records - New form', 1, NULL, '14:37:42', '2013-08-19', '2013-08-19 19:37:42', 0),
(702, 'Erick Dahl (ED)  has opened a new 14 CFR Part 139.303 Personnel (a) - Records - Browse form', 1, NULL, '14:37:43', '2013-08-19', '2013-08-19 19:37:43', 0),
(703, 'Erick Dahl (ED)  has opened a new 14 CFR Part 139.303 Personnel (a) - Records - Edit form', 1, NULL, '14:37:44', '2013-08-19', '2013-08-19 19:37:44', 0),
(704, 'Erick Dahl (ED)  has opened a new 14 CFR Part 139.303 Personnel (a) - Mark Archived form', 1, NULL, '14:37:45', '2013-08-19', '2013-08-19 19:37:45', 0),
(705, 'Erick Dahl (ED)  has opened a new 14 CFR Part 139.303 Personnel (c) - Records - New form', 1, NULL, '14:37:50', '2013-08-19', '2013-08-19 19:37:50', 0),
(706, 'Erick Dahl (ED)  has opened a new 14 CFR Part 139.303 Personnel (c) - Records - Browse form', 1, NULL, '14:37:50', '2013-08-19', '2013-08-19 19:37:50', 0),
(707, 'Erick Dahl (ED)  has opened a new 14 CFR Part 139.303 Personnel (a) - Records - Browse form', 1, NULL, '14:56:27', '2013-08-19', '2013-08-19 19:56:28', 0),
(708, 'Erick Dahl (ED)  has opened a new 14 CFR Part 139.303 Personnel (a) - Records - Edit form', 1, NULL, '14:56:30', '2013-08-19', '2013-08-19 19:56:30', 0),
(709, 'Erick Dahl (ED)  has opened a new 14 CFR Part 139.303 Personnel (a) - Mark Archived form', 1, NULL, '14:56:31', '2013-08-19', '2013-08-19 19:56:31', 0),
(710, 'Erick Dahl (ED)  has opened a new 14 CFR Part 139.303 Personnel (a) - Mark Archived form', 1, NULL, '14:56:49', '2013-08-19', '2013-08-19 19:56:49', 0),
(711, 'Erick Dahl (ED)  has opened a new 14 CFR Part 139.303 Personnel (a) - Mark Archived form', 1, NULL, '14:57:44', '2013-08-19', '2013-08-19 19:57:44', 0),
(712, 'Erick Dahl (ED)  has opened a new 14 CFR Part 139.303 Personnel (a) - Mark Archived form', 1, NULL, '14:58:32', '2013-08-19', '2013-08-19 19:58:32', 0),
(713, 'Erick Dahl (ED)  has opened a new 14 CFR Part 139.303 Personnel (a) - Mark Archived form', 1, NULL, '14:58:40', '2013-08-19', '2013-08-19 19:58:40', 0),
(714, 'Erick Dahl (ED)  has opened a new 14 CFR Part 139.303 Personnel (c) - Records - Browse form', 1, NULL, '14:58:55', '2013-08-19', '2013-08-19 19:58:55', 0),
(715, 'Erick Dahl (ED)  has opened a new 14 CFR Part 139.303 Personnel (c) - Records - Browse form', 1, NULL, '14:58:55', '2013-08-19', '2013-08-19 19:58:55', 0),
(716, 'Erick Dahl (ED)  has opened a new 14 CFR Part 139.303 Personnel (c) - Records - New form', 1, NULL, '14:58:56', '2013-08-19', '2013-08-19 19:58:56', 0),
(717, 'Erick Dahl (ED)  has opened a new 14 CFR Part 139.303 Personnel (c) - Records - New form', 1, NULL, '14:59:01', '2013-08-19', '2013-08-19 19:59:01', 0),
(718, 'Erick Dahl (ED)  has opened a new 14 CFR Part 139.303 Personnel (c) - Records - New form', 1, NULL, '14:59:54', '2013-08-19', '2013-08-19 19:59:54', 0),
(719, 'Erick Dahl (ED)  has opened a new 14 CFR Part 139.303 Personnel (c) - Records - New form', 1, NULL, '15:08:20', '2013-08-19', '2013-08-19 20:08:20', 0),
(720, 'Erick Dahl (ED)  has opened a new 14 CFR Part 139.327 Self-Inspection Program - Records - New form', 1, NULL, '15:08:23', '2013-08-19', '2013-08-19 20:08:23', 0),
(721, 'Erick Dahl (ED)  has opened a new 14 CFR Part 139.327 Self-Inspection Program - Records - New form', 1, NULL, '15:08:35', '2013-08-19', '2013-08-19 20:08:35', 0),
(722, 'Erick Dahl (ED)  has opened a new 14 CFR Part 139.327 Self-Inspection Program - Records - New form', 1, NULL, '15:08:42', '2013-08-19', '2013-08-19 20:08:42', 0),
(723, 'Erick Dahl (ED)  has opened a new 14 CFR Part 139.339 (c) Airport condition reporting - Records - Browse form', 1, NULL, '15:15:04', '2013-08-19', '2013-08-19 20:15:04', 0),
(724, 'Erick Dahl (ED)  has opened a new 14 CFR Part 139.339 (c) Airport condition reporting - Records - New form', 1, NULL, '15:15:04', '2013-08-19', '2013-08-19 20:15:04', 0),
(725, 'Erick Dahl (ED)  has opened a new 14 CFR Part 139.327 Self-Inspection Program - Records - Browse form', 1, NULL, '15:15:27', '2013-08-19', '2013-08-19 20:15:27', 0),
(726, 'Erick Dahl (ED)  has opened a new 14 CFR Part 139.327 Self-Inspection Program - Records - Browse form', 1, NULL, '15:15:29', '2013-08-19', '2013-08-19 20:15:29', 0),
(727, 'Erick Dahl (ED)  has opened a new 14 CFR Part 139.327 Self-Inspection Program - Records - Browse form', 1, NULL, '15:15:30', '2013-08-19', '2013-08-19 20:15:30', 0),
(728, 'Erick Dahl (ED)  has opened a new 14 CFR Part 139.327 Self-Inspection Program - Records - Browse form', 1, NULL, '15:15:30', '2013-08-19', '2013-08-19 20:15:30', 0),
(729, 'Erick Dahl (ED)  has opened a new 14 CFR Part 139.337 Wildlife Hazard Management - Records - New form', 1, NULL, '15:15:32', '2013-08-19', '2013-08-19 20:15:32', 0),
(730, 'Erick Dahl (ED)  has opened a new 14 CFR Part 139.339 (c) Airport condition reporting - Records - Browse form', 1, NULL, '15:15:34', '2013-08-19', '2013-08-19 20:15:34', 0),
(731, 'Erick Dahl (ED)  has opened a new 14 CFR Part 139.339 (c) Airport condition reporting - Records - Browse form', 1, NULL, '15:15:36', '2013-08-19', '2013-08-19 20:15:36', 0),
(732, 'Erick Dahl (ED)  has opened a new 14 CFR Part 139.339 (c) Airport condition reporting - Records - Browse form', 1, NULL, '15:15:37', '2013-08-19', '2013-08-19 20:15:37', 0),
(733, 'Erick Dahl (ED)  has opened a new 14 CFR Part 139.339 (c) Airport condition reporting - Records - New form', 1, NULL, '15:15:38', '2013-08-19', '2013-08-19 20:15:38', 0),
(734, 'Erick Dahl (ED)  has opened a new 14 CFR Part 139.339 (c) Airport condition reporting - Records - Browse form', 1, NULL, '15:19:08', '2013-08-19', '2013-08-19 20:19:08', 0),
(735, 'Erick Dahl (ED)  has opened a new 14 CFR Part 139.339 (c) Airport condition reporting - Summary Report form', 1, NULL, '15:19:11', '2013-08-19', '2013-08-19 20:19:11', 0),
(736, 'Erick Dahl (ED)  has opened a new 14 CFR Part 139.339 (b) Airport condition reporting - Records - New form', 1, NULL, '16:42:01', '2013-08-19', '2013-08-19 21:42:01', 0),
(737, 'Erick Dahl (ED)  has opened a new 14 CFR Part 139.327 Self-Inspection Program - Records - New form', 1, NULL, '16:42:05', '2013-08-19', '2013-08-19 21:42:05', 0),
(738, 'Erick Dahl (ED)  has opened a new 14 CFR Part 139.327 Self-Inspection Program - Records - New form', 1, NULL, '16:42:32', '2013-08-19', '2013-08-19 21:42:32', 0),
(739, 'Erick Dahl (ED)  has opened a new 14 CFR Part 139.303 Personnel - Records - Edit form', 1, NULL, '16:42:58', '2013-08-19', '2013-08-19 21:42:59', 0),
(740, 'Erick Dahl (ED)  has opened a new 14 CFR Part 139.303 Personnel - Records - Edit form', 1, NULL, '16:46:04', '2013-08-19', '2013-08-19 21:46:04', 0),
(741, 'Erick Dahl logged into the Openairport system', 1, NULL, '16:47:06', '2013-08-19', '2013-08-19 21:47:06', 0),
(742, 'Erick Dahl (ED)  has opened a new 14 CFR Part 139.327 Self-Inspection Program - Records - Browse form', 1, NULL, '16:47:08', '2013-08-19', '2013-08-19 21:47:08', 0),
(743, 'Erick Dahl (ED)  has opened a new 14 CFR Part 139.327 Self-Inspection Program - Summary Report form', 1, NULL, '16:47:09', '2013-08-19', '2013-08-19 21:47:09', 0),
(744, 'Erick Dahl (ED)  has opened a new 14 CFR Part 139.327 Self-Inspection Program - Summary Report form', 1, NULL, '16:48:00', '2013-08-19', '2013-08-19 21:48:00', 0),
(745, 'Erick Dahl (ED)  has opened a new 14 CFR Part 139.327 Self-Inspection Program - Records - Browse form', 1, NULL, '16:48:03', '2013-08-19', '2013-08-19 21:48:03', 0),
(746, 'Erick Dahl (ED)  has opened a new 14 CFR Part 139.327 Self-Inspection Program - Summary Report form', 1, NULL, '16:48:04', '2013-08-19', '2013-08-19 21:48:04', 0),
(747, 'Erick Dahl (ED)  has opened a new 14 CFR Part 139.327 Self-Inspection Program - Records - Browse form', 1, NULL, '16:48:05', '2013-08-19', '2013-08-19 21:48:05', 0),
(748, 'Erick Dahl (ED)  has opened a new 14 CFR Part 139.327 Self-Inspection Program - Summary Report form', 1, NULL, '16:48:06', '2013-08-19', '2013-08-19 21:48:06', 0),
(749, 'Erick Dahl logged into the Openairport system', 1, NULL, '22:02:38', '2013-08-20', '2013-08-21 03:02:38', 0);

-- --------------------------------------------------------

--
-- Table structure for table `tbl_general_conditions`
--

CREATE TABLE IF NOT EXISTS `tbl_general_conditions` (
  `general_condition_id` int(11) NOT NULL AUTO_INCREMENT,
  `general_condition_name` text,
  `general_condition_archived_yn` tinyint(1) NOT NULL DEFAULT '0',
  `general_condition_priority` int(11) NOT NULL,
  PRIMARY KEY (`general_condition_id`)
) ENGINE=InnoDB  DEFAULT CHARSET=latin1 AUTO_INCREMENT=6 ;

--
-- Dumping data for table `tbl_general_conditions`
--

INSERT INTO `tbl_general_conditions` (`general_condition_id`, `general_condition_name`, `general_condition_archived_yn`, `general_condition_priority`) VALUES
(1, 'Requires Action', 0, 1),
(2, 'Acceptable', 0, 2),
(3, 'Not Inspected', 0, 3),
(4, '', 0, 4),
(5, '', 0, 5);

-- --------------------------------------------------------

--
-- Table structure for table `tbl_general_eventtypes`
--

CREATE TABLE IF NOT EXISTS `tbl_general_eventtypes` (
  `event_type_id` int(11) NOT NULL AUTO_INCREMENT,
  `event_type_name` text,
  `event_type_archived_yn` tinyint(1) NOT NULL DEFAULT '0',
  PRIMARY KEY (`event_type_id`)
) ENGINE=InnoDB  DEFAULT CHARSET=latin1 AUTO_INCREMENT=25 ;

--
-- Dumping data for table `tbl_general_eventtypes`
--

INSERT INTO `tbl_general_eventtypes` (`event_type_id`, `event_type_name`, `event_type_archived_yn`) VALUES
(1, 'Records - Edit', 0),
(2, 'Summary Report', 0),
(3, 'Display Report', 0),
(4, 'Mark Archived', 0),
(5, 'Mark with Error', 0),
(6, 'Mark Duplicated', 0),
(7, 'Mark Repaired', 0),
(8, 'Mark Bounced', 0),
(9, 'Mark Closed', 0),
(10, 'Display Printer Printout', 0),
(11, 'Display Calendar', 0),
(12, 'Display Linechart', 0),
(13, 'Display Map', 0),
(14, 'Records - Export', 0),
(15, 'Records - Browse', 0),
(16, 'Records - New', 0),
(17, 'Display Report - Archived', 0),
(18, 'Form Loader', 0),
(19, 'Display Report - Bounced', 0),
(20, 'Display Report - Closed', 0),
(21, 'Display Report - Duplicate', 0),
(22, 'Display Report - Error', 0),
(23, 'Display Report - Repaired', 0),
(24, 'Display Report - Work Order', 0);

-- --------------------------------------------------------

--
-- Table structure for table `tbl_general_months`
--

CREATE TABLE IF NOT EXISTS `tbl_general_months` (
  `months_id` int(11) NOT NULL AUTO_INCREMENT,
  `months_name` text,
  `months_number` int(11) NOT NULL,
  `months_daysinmonth` int(11) NOT NULL COMMENT 'May not be used, if using default days per month code',
  `months_archived_yn` tinyint(1) NOT NULL DEFAULT '0',
  PRIMARY KEY (`months_id`)
) ENGINE=InnoDB  DEFAULT CHARSET=latin1 AUTO_INCREMENT=13 ;

--
-- Dumping data for table `tbl_general_months`
--

INSERT INTO `tbl_general_months` (`months_id`, `months_name`, `months_number`, `months_daysinmonth`, `months_archived_yn`) VALUES
(1, 'January', 1, 31, 0),
(2, 'February', 2, 28, 0),
(3, 'March', 3, 31, 0),
(4, 'April', 4, 30, 0),
(5, 'May', 5, 31, 0),
(6, 'June', 6, 30, 0),
(7, 'July', 7, 31, 0),
(8, 'August', 8, 31, 0),
(9, 'September', 9, 30, 0),
(10, 'October', 10, 31, 0),
(11, 'November', 11, 30, 0),
(12, 'December', 12, 31, 0);

-- --------------------------------------------------------

--
-- Table structure for table `tbl_general_percents`
--

CREATE TABLE IF NOT EXISTS `tbl_general_percents` (
  `gp_id` int(11) NOT NULL AUTO_INCREMENT COMMENT 'Percent ID (Index)',
  `gp_value` int(11) NOT NULL COMMENT 'Percent Value',
  `gp_label` text NOT NULL COMMENT 'Percent Label (Text)',
  `gp_hidden_yn` int(1) NOT NULL DEFAULT '0' COMMENT 'Percent Hidden',
  PRIMARY KEY (`gp_id`)
) ENGINE=InnoDB  DEFAULT CHARSET=latin1 COMMENT='Percents (For Runway Coverage or Other Standard Percent Uses' AUTO_INCREMENT=6 ;

--
-- Dumping data for table `tbl_general_percents`
--

INSERT INTO `tbl_general_percents` (`gp_id`, `gp_value`, `gp_label`, `gp_hidden_yn`) VALUES
(1, 10, '10% or Less', 0),
(2, 25, '11% thru 25%', 0),
(3, 50, '26% thru 50%', 0),
(4, 75, '51% thru 75%', 0),
(5, 100, '76% thru 100%', 0);

-- --------------------------------------------------------

--
-- Table structure for table `tbl_gis_surfaces`
--

CREATE TABLE IF NOT EXISTS `tbl_gis_surfaces` (
  `gis_surfaces_id` int(11) NOT NULL AUTO_INCREMENT COMMENT 'Auto Assigned ID of Surface',
  `gis_surfaces_name` text NOT NULL COMMENT 'Name of Surface',
  `gis_surface_list` text NOT NULL COMMENT 'Name of Table that has the list of Surfaces',
  `gis_surface_filter` text NOT NULL COMMENT 'Name of Table that lists Filters',
  `gis_surfaces_hidden` int(1) NOT NULL DEFAULT '0' COMMENT 'Is Surface Hidden (0:No;1:Yes)',
  PRIMARY KEY (`gis_surfaces_id`)
) ENGINE=InnoDB  DEFAULT CHARSET=latin1 COMMENT='Surface List for GIS Functions' AUTO_INCREMENT=8 ;

--
-- Dumping data for table `tbl_gis_surfaces`
--

INSERT INTO `tbl_gis_surfaces` (`gis_surfaces_id`, `gis_surfaces_name`, `gis_surface_list`, `gis_surface_filter`, `gis_surfaces_hidden`) VALUES
(1, 'Part 77', '', '', 0),
(2, 'Buildings', '', '', 0),
(3, 'Vehicles', '', '', 0),
(4, 'Pavement', 'tbl_139_339_sub_c', 'tbl_139_339_sub_c_f', 0),
(5, 'Equipment', 'tbl_inventory_sub_e', 'tbl_inventory_sub_e_sub_t', 0),
(7, 'NOTAMs', 'tbl_139_339_sub_c', 'tbl_139_339_sub_f', 0);

-- --------------------------------------------------------

--
-- Table structure for table `tbl_inventory_sub_e`
--

CREATE TABLE IF NOT EXISTS `tbl_inventory_sub_e` (
  `equipment_id` int(10) NOT NULL AUTO_INCREMENT,
  `equipment_name` text COMMENT 'General Name for the Equipment',
  `equipment_modelyear` int(10) NOT NULL DEFAULT '0',
  `equipment_modelnumber` text COMMENT 'Number number of the equipment',
  `equipment_lat` longtext COMMENT 'Latitude of Equipment',
  `equipment_long` longtext COMMENT 'Longitude of Equipment',
  `equipment_manufac_cb_int` int(10) NOT NULL DEFAULT '0',
  `equipment_serialnumber_a` text,
  `equipment_serialnumber_b` text,
  `equipment_serialnumber_c` text,
  `equipment_archived_yn` tinyint(1) NOT NULL DEFAULT '0' COMMENT 'Hidden 0: No | 1:Yes',
  `equipment_type_cb_int` int(11) NOT NULL DEFAULT '0' COMMENT 'SubType of Equipment (Filter)',
  `equipment_image_a` text NOT NULL COMMENT 'Image of Equipment A',
  `equipment_image_b` text NOT NULL COMMENT 'Image of Equipment B',
  PRIMARY KEY (`equipment_id`),
  KEY `vehicles_manufac_cb_int` (`equipment_manufac_cb_int`),
  KEY `equipment_type_cb_int` (`equipment_type_cb_int`)
) ENGINE=InnoDB  DEFAULT CHARSET=latin1 AUTO_INCREMENT=9582 ;

--
-- Dumping data for table `tbl_inventory_sub_e`
--

INSERT INTO `tbl_inventory_sub_e` (`equipment_id`, `equipment_name`, `equipment_modelyear`, `equipment_modelnumber`, `equipment_lat`, `equipment_long`, `equipment_manufac_cb_int`, `equipment_serialnumber_a`, `equipment_serialnumber_b`, `equipment_serialnumber_c`, `equipment_archived_yn`, `equipment_type_cb_int`, `equipment_image_a`, `equipment_image_b`) VALUES
(0, 'NO EQUIPMENT', 0, NULL, NULL, NULL, 0, NULL, NULL, NULL, 0, 0, '', ''),
(18, 'Landing Fees (per landing)', 1000, 'Landing Fees (per landing)', '', '', 12, '', '', '', 0, 3, '', ''),
(19, 'Landing Fees (weight adjusted)', 1000, 'Landing Fees (weight adjusted)', '', '', 12, '', '', '', 0, 3, '', ''),
(8938, 'CL-LIGHTS', 2007, 'CL-LIGHTS', '44.9011036472', '-97.1511733', 78, 'CL-LIGHTS', 'No Other Info', 'No Other Info', 0, 34, '', ''),
(8939, 'CL-LIGHTS', 2007, 'CL-LIGHTS', '44.9005551139', '-97.1511766389', 78, 'CL-LIGHTS', 'No Other Info', 'No Other Info', 0, 34, '', ''),
(8940, 'CL-LIGHTS', 2007, 'CL-LIGHTS', '44.9000064083', '-97.1511797639', 78, 'CL-LIGHTS', 'No Other Info', 'No Other Info', 0, 34, '', ''),
(8941, 'CL-LIGHTS', 2007, 'CL-LIGHTS', '44.8994589611', '-97.1511841833', 78, 'CL-LIGHTS', 'No Other Info', 'No Other Info', 0, 34, '', ''),
(8942, 'CL-LIGHTS', 2007, 'CL-LIGHTS', '44.8989105444', '-97.1511861833', 78, 'CL-LIGHTS', 'No Other Info', 'No Other Info', 0, 34, '', ''),
(8943, 'CL-LIGHTS', 2007, 'CL-LIGHTS', '44.8983623361', '-97.15118965', 78, 'CL-LIGHTS', 'No Other Info', 'No Other Info', 0, 34, '', ''),
(8944, 'CL-LIGHTS', 2007, 'CL-LIGHTS', '44.8978139556', '-97.1511938361', 78, 'CL-LIGHTS', 'No Other Info', 'No Other Info', 0, 34, '', ''),
(8945, 'CL-30-NAIL', 2007, 'CL-30-NAIL', '44.9114768167', '-97.1473685472', 78, 'CL-30-NAIL', 'No Other Info', 'No Other Info', 0, 3, '', ''),
(8946, 'CL-35-NAIL', 2007, 'CL-35-NAIL', '44.9016517889', '-97.1511715528', 78, 'CL-NGS-NAIL', 'No Other Info', 'No Other Info', 0, 3, '', ''),
(8947, 'CL-12-NAIL', 2007, 'CL-12-NAIL', '44.9222037556', '-97.169304175', 78, 'CL-12-NAIL', 'No Other Info', 'No Other Info', 0, 3, '', ''),
(8948, 'CL-17-NAIL', 2007, 'CL-17-NAIL', '44.9205585417', '-97.1510586861', 78, 'CL-17-NAIL', 'No Other Info', 'No Other Info', 0, 3, '', ''),
(8949, 'Threshold Bar Light', 2007, 'Threshold Bar Light', '44.9016366278', '-97.1509394639', 78, 'Threshold Bar Light', 'No Other Info', 'No Other Info', 0, 33, '', ''),
(8950, 'Threshold Bar Light', 2007, 'Threshold Bar Light', '44.9016361333', '-97.1509764528', 78, 'Threshold Bar Light', 'No Other Info', 'No Other Info', 0, 33, '', ''),
(8951, 'Threshold Bar Light', 2007, 'Threshold Bar Light', '44.9016359778', '-97.1510152778', 78, 'Threshold Bar Light', 'No Other Info', 'No Other Info', 0, 33, '', ''),
(8952, 'Threshold Bar Light', 2007, 'Threshold Bar Light', '44.9016361583', '-97.1510539611', 78, 'Threshold Bar Light', 'No Other Info', 'No Other Info', 0, 33, '', ''),
(8953, 'Threshold Bar Light', 2007, 'Threshold Bar Light', '44.9016357194', '-97.1510930889', 78, 'Threshold Bar Light', 'No Other Info', 'No Other Info', 0, 33, '', ''),
(8954, 'Threshold Bar Light', 2007, 'Threshold Bar Light', '44.9016361972', '-97.1511313833', 78, 'Threshold Bar Light', 'No Other Info', 'No Other Info', 0, 33, '', ''),
(8955, 'Threshold Bar Light', 2007, 'Threshold Bar Light', '44.9016355694', '-97.1511697417', 78, 'Threshold Bar Light', 'No Other Info', 'No Other Info', 0, 33, '', ''),
(8956, 'Threshold Bar Light', 2007, 'Threshold Bar Light', '44.9016360972', '-97.1512082028', 78, 'Threshold Bar Light', 'No Other Info', 'No Other Info', 0, 33, '', ''),
(8957, 'Threshold Bar Light', 2007, 'Threshold Bar Light', '44.9016357056', '-97.1512467444', 78, 'Threshold Bar Light', 'No Other Info', 'No Other Info', 0, 33, '', ''),
(8958, 'Threshold Bar Light', 2007, 'Threshold Bar Light', '44.9016355694', '-97.1512857444', 78, 'Threshold Bar Light', 'No Other Info', 'No Other Info', 0, 33, '', ''),
(8959, 'Threshold Bar Light', 2007, 'Threshold Bar Light', '44.9016354028', '-97.1513240639', 78, 'Threshold Bar Light', 'No Other Info', 'No Other Info', 0, 33, '', ''),
(8960, 'Threshold Bar Light', 2007, 'Threshold Bar Light', '44.9016358028', '-97.1513632889', 78, 'Threshold Bar Light', 'No Other Info', 'No Other Info', 0, 33, '', ''),
(8961, 'Threshold Bar Light', 2007, 'Threshold Bar Light', '44.9016351333', '-97.151400825', 78, 'Threshold Bar Light', 'No Other Info', 'No Other Info', 0, 33, '', ''),
(8962, 'Ceiling Light', 2007, 'Ceiling Light', '44.9192300833', '-97.1616671639', 78, 'Ceiling Light', 'No Other Info', 'No Other Info', 0, 11, '', ''),
(8963, 'TWA190', 2007, 'TWA190', '44.9194855306', '-97.160420175', 78, 'TWA190', 'No Other Info', 'No Other Info', 0, 22, '', ''),
(8964, 'PAPI 17b2', 2007, 'PAPI 17b2', '44.9177697028', '-97.150390575', 78, 'PAPI', 'No Other Info', 'No Other Info', 0, 38, '', ''),
(8965, 'PAPI 17b3', 2007, 'PAPI 17b3', '44.9177699194', '-97.1504858722', 78, 'PAPI', 'No Other Info', 'No Other Info', 0, 38, '', ''),
(8966, 'PAPI 17b1', 2007, 'PAPI 17b1', '44.91777135', '-97.1505836306', 78, 'PAPI', 'No Other Info', 'No Other Info', 0, 38, '', ''),
(8967, 'PAPI 17b4', 2007, 'PAPI 17b4', '44.9177717694', '-97.1506813667', 78, 'PAPI', 'No Other Info', 'No Other Info', 0, 38, '', ''),
(8968, 'PAPI 30b4', 2007, 'PAPI 30b4', '44.912321', '-97.1503003028', 78, 'PAPI', 'No Other Info', 'No Other Info', 0, 37, '', ''),
(8969, 'PAPI 30b3', 2007, 'PAPI 30b3', '44.9123782417', '-97.1502445', 78, 'PAPI', 'No Other Info', 'No Other Info', 0, 37, '', ''),
(8970, 'PAPI 30b2', 2007, 'PAPI 30b2', '44.9124356583', '-97.1501892167', 78, 'PAPI', 'No Other Info', 'No Other Info', 0, 37, '', ''),
(8971, 'PAPI 30b1', 2007, 'PAPI 30b1', '44.9124905417', '-97.1501355833', 78, 'PAPI', 'No Other Info', 'No Other Info', 0, 37, '', ''),
(8972, 'PAPI 35b4', 2007, 'PAPI 35b4', '44.9043251917', '-97.1515502306', 78, 'PAPI', 'No Other Info', 'No Other Info', 0, 38, '', ''),
(8973, 'PAPI 35b3', 2007, 'PAPI 35b3', '44.9043256722', '-97.1516470139', 78, 'PAPI', 'No Other Info', 'No Other Info', 0, 38, '', ''),
(8974, 'PAPI 35b2', 2007, 'PAPI 35b2', '44.9043263028', '-97.1517424972', 78, 'PAPI', 'No Other Info', 'No Other Info', 0, 38, '', ''),
(8975, 'PAPI 35b1', 2007, 'PAPI 35b1', '44.904326', '-97.1518401472', 78, 'PAPI', 'No Other Info', 'No Other Info', 0, 38, '', ''),
(8976, 'PAPI 12b4', 2007, 'PAPI 12b4', '44.9211608306', '-97.1659615056', 78, 'PAPI', 'No Other Info', 'No Other Info', 0, 37, '', ''),
(8977, 'PAPI 12b3', 2007, 'PAPI 12b3', '44.9211045444', '-97.1660151083', 78, 'PAPI', 'No Other Info', 'No Other Info', 0, 37, '', ''),
(8978, 'PAPI 12b2', 2007, 'PAPI 12b2', '44.9210481389', '-97.1660701889', 78, 'PAPI', 'No Other Info', 'No Other Info', 0, 37, '', ''),
(8979, 'PAPI 12b1', 2007, 'PAPI 12b1', '44.9209918222', '-97.1661253194', 78, 'PAPI', 'No Other Info', 'No Other Info', 0, 37, '', ''),
(8980, 'GPS Marker', 2007, 'GPS Marker', '44.9140858306', '-97.1480484694', 78, 'GPS Marker', 'No Other Info', 'No Other Info', 0, 12, '', ''),
(8981, 'REIL 30b1', 2007, 'REIL 30b1', '44.9111284472', '-97.1475264778', 78, 'RIEL', 'No Other Info', 'No Other Info', 0, 20, '', ''),
(8982, 'REIL 30b2', 2007, 'REIL 30b2', '44.9116938167', '-97.1469573056', 78, 'RIEL', 'No Other Info', 'No Other Info', 0, 20, '', ''),
(8983, 'REIL 12b1', 2007, 'REIL 12b1', '44.9225521917', '-97.1691683111', 78, 'RIEL', 'No Other Info', 'No Other Info', 0, 20, '', ''),
(8984, 'REIL 12b2', 2007, 'REIL 12b2', '44.9219853', '-97.1697099583', 78, 'RIEL', 'No Other Info', 'No Other Info', 0, 20, '', ''),
(8985, 'REIL 17b1', 2007, 'REIL 17b1', '44.9206721444', '-97.1505744667', 78, 'RIEL', 'No Other Info', 'No Other Info', 0, 21, '', ''),
(8986, 'Flush Mounted Light', 2007, 'Flush Mounted Light', '44.9137893056', '-97.1525039722', 78, 'Flush Mounted Light', 'No Other Info', 'No Other Info', 0, 13, '', ''),
(8987, 'Flush Mounted Light', 2007, 'Flush Mounted Light', '44.9220479222', '-97.168577', 78, 'Flush Mounted Light', 'No Other Info', 'No Other Info', 0, 13, '', ''),
(8988, 'Flush Mounted Light', 2007, 'Flush Mounted Light', '44.9186685667', '-97.1616649139', 78, 'Flush Mounted Light', 'No Other Info', 'No Other Info', 0, 13, '', ''),
(8989, 'Flush Mounted Light', 2007, 'Flush Mounted Light', '44.9183614417', '-97.1610364944', 78, 'Flush Mounted Light', 'No Other Info', 'No Other Info', 0, 13, '', ''),
(8990, 'Flush Mounted Light', 2007, 'Flush Mounted Light', '44.9151697333', '-97.15132185', 78, 'Flush Mounted Light', 'Intersection of Alpha and Runway 17/35 - West Side', 'No Other Info', 0, 18, '', ''),
(8991, 'RW110', 2007, 'RW110', '44.9200444278', '-97.1512931167', 78, 'RW110', 'No Other Info', 'No Other Info', 0, 17, '', ''),
(8992, 'RW119', 2007, 'RW119', '44.920044075', '-97.1508308639', 78, 'RW119', 'No Other Info', 'No Other Info', 0, 17, '', ''),
(8993, 'RW12', 2007, 'RW12', '44.9157119694', '-97.1513176639', 78, 'RW12', 'No Other Info', 'No Other Info', 0, 17, '', ''),
(8994, 'RW120', 2007, 'RW120', '44.9195022833', '-97.1508350194', 78, 'RW120', 'No Other Info', 'No Other Info', 0, 17, '', ''),
(8995, 'RW121', 2007, 'RW121', '44.9189614333', '-97.1508379222', 78, 'RW121', 'No Other Info', 'No Other Info', 0, 17, '', ''),
(8996, 'RW122', 2007, 'RW122', '44.9184196667', '-97.1508411278', 78, 'RW122', 'No Other Info', 'No Other Info', 0, 17, '', ''),
(8997, 'RW123', 2007, 'RW123', '44.9178796833', '-97.1508448333', 78, 'RW123', 'No Other Info', 'No Other Info', 0, 17, '', ''),
(8998, 'RW124', 2007, 'RW124', '44.9173360528', '-97.150847825', 78, 'RW124', 'No Other Info', 'No Other Info', 0, 17, '', ''),
(8999, 'RW125', 2007, 'RW125', '44.9167931972', '-97.1508510944', 78, 'RW125', 'No Other Info', 'No Other Info', 0, 17, '', ''),
(9000, 'RW126', 2007, 'RW126', '44.9162512861', '-97.1508531444', 78, 'RW126', 'No Other Info', 'No Other Info', 0, 17, '', ''),
(9001, 'RW127', 2007, 'RW127', '44.9157097806', '-97.1508563139', 78, 'RW127', 'No Other Info', 'No Other Info', 0, 17, '', ''),
(9002, 'RW128', 2007, 'RW128', '44.9151686111', '-97.1508587417', 78, 'RW128', 'No Other Info', 'No Other Info', 0, 17, '', ''),
(9003, 'RW129', 2007, 'RW129', '44.9146279', '-97.1508626861', 78, 'RW129', 'No Other Info', 'No Other Info', 0, 17, '', ''),
(9004, 'RW13', 2007, 'RW13', '44.9162541667', '-97.1513140528', 78, 'RW13', 'No Other Info', 'No Other Info', 0, 17, '', ''),
(9005, 'RW130', 2007, 'RW130', '44.9140873611', '-97.1508661778', 78, 'RW130', 'No Other Info', 'No Other Info', 0, 17, '', ''),
(9006, 'RW131', 2007, 'RW131', '44.9135617083', '-97.1508702139', 78, 'RW131', 'No Other Info', 'No Other Info', 0, 17, '', ''),
(9007, 'RW132', 2007, 'RW132', '44.9130110333', '-97.1508714694', 78, 'RW132', 'No Other Info', 'No Other Info', 0, 18, '', ''),
(9008, 'RW133', 2007, 'RW133', '44.9124626972', '-97.1508772083', 78, 'RW133', 'No Other Info', 'No Other Info', 0, 17, '', ''),
(9009, 'RW134', 2007, 'RW134', '44.9119208', '-97.1508792972', 78, 'RW134', 'No Other Info', 'No Other Info', 0, 17, '', ''),
(9010, 'RW135', 2007, 'RW135', '44.9113801917', '-97.1508832556', 78, 'RW135', 'No Other Info', 'No Other Info', 0, 17, '', ''),
(9011, 'RW136', 2007, 'RW136', '44.9108368972', '-97.1508862889', 78, 'RW136', 'No Other Info', 'No Other Info', 0, 17, '', ''),
(9012, 'RW137', 2007, 'RW137', '44.9102944417', '-97.1508894972', 78, 'RW137', 'No Other Info', 'No Other Info', 0, 17, '', ''),
(9013, 'RW138', 2007, 'RW138', '44.9097528667', '-97.1508916167', 78, 'RW138', 'No Other Info', 'No Other Info', 0, 17, '', ''),
(9014, 'RW139', 2007, 'RW139', '44.9092116139', '-97.1508951778', 78, 'RW139', 'No Other Info', 'No Other Info', 0, 17, '', ''),
(9015, 'RW14', 2007, 'RW14', '44.9167958389', '-97.1513115583', 78, 'RW14', 'No Other Info', 'No Other Info', 0, 17, '', ''),
(9016, 'RW140', 2007, 'RW140', '44.9086703944', '-97.1508986083', 78, 'RW140', 'No Other Info', 'No Other Info', 0, 17, '', ''),
(9017, 'RW141', 2007, 'RW141', '44.9081276056', '-97.1509023833', 78, 'RW141', 'No Other Info', 'No Other Info', 0, 17, '', ''),
(9018, 'RW142', 2007, 'RW142', '44.9075885139', '-97.1509050667', 78, 'RW142', 'No Other Info', 'No Other Info', 0, 17, '', ''),
(9019, 'RW143', 2007, 'RW143', '44.9070449389', '-97.1509076278', 78, 'RW143', 'No Other Info', 'No Other Info', 0, 17, '', ''),
(9020, 'RW144', 2007, 'RW144', '44.9065046139', '-97.1509115333', 78, 'RW144', 'No Other Info', 'No Other Info', 0, 17, '', ''),
(9021, 'RW145', 2007, 'RW145', '44.9059617528', '-97.1509136', 78, 'RW145', 'No Other Info', 'No Other Info', 0, 17, '', ''),
(9022, 'RW146', 2007, 'RW146', '44.9054200611', '-97.1509176694', 78, 'RW146', 'No Other Info', 'No Other Info', 0, 17, '', ''),
(9023, 'RW147', 2007, 'RW147', '44.9048785194', '-97.1509211083', 78, 'RW147', 'No Other Info', 'No Other Info', 0, 17, '', ''),
(9024, 'RW148', 2007, 'RW148', '44.9043361139', '-97.1509240278', 78, 'RW148', 'No Other Info', 'No Other Info', 0, 17, '', ''),
(9025, 'RW149', 2007, 'RW149', '44.9037931833', '-97.1509264861', 78, 'RW149', 'No Other Info', 'No Other Info', 0, 17, '', ''),
(9026, 'RW15', 2007, 'RW15', '44.9173366583', '-97.1513076639', 78, 'RW15', 'No Other Info', 'No Other Info', 0, 17, '', ''),
(9027, 'RW150', 2007, 'RW150', '44.9032522361', '-97.1509305', 78, 'RW150', 'No Other Info', 'No Other Info', 0, 17, '', ''),
(9028, 'RW151', 2007, 'RW151', '44.9027096722', '-97.1509329167', 78, 'RW151', 'No Other Info', 'No Other Info', 0, 17, '', ''),
(9029, 'RW152', 2007, 'RW152', '44.9021671389', '-97.1509373417', 78, 'RW152', 'No Other Info', 'No Other Info', 0, 17, '', ''),
(9030, 'RW16', 2007, 'RW16', '44.9178795417', '-97.1513048361', 78, 'RW16', 'No Other Info', 'No Other Info', 0, 17, '', ''),
(9031, 'RW161', 2007, 'RW161', '44.9021707333', '-97.1513985167', 78, 'RW161', 'No Other Info', 'No Other Info', 0, 17, '', ''),
(9032, 'RW162', 2007, 'RW162', '44.9027119556', '-97.1513945222', 78, 'RW162', 'No Other Info', 'No Other Info', 0, 17, '', ''),
(9033, 'RW163', 2007, 'RW163', '44.9032539056', '-97.1513914833', 78, 'RW163', 'No Other Info', 'No Other Info', 0, 17, '', ''),
(9034, 'RW164', 2007, 'RW164', '44.9037947', '-97.1513875944', 78, 'RW164', 'No Other Info', 'No Other Info', 0, 17, '', ''),
(9035, 'RW165', 2007, 'RW165', '44.9043367222', '-97.1513849722', 78, 'RW165', 'No Other Info', 'No Other Info', 0, 17, '', ''),
(9036, 'RW167', 2007, 'RW167', '44.9048792583', '-97.1513817778', 78, 'RW167', 'No Other Info', 'No Other Info', 0, 17, '', ''),
(9037, 'RW168', 2007, 'RW168', '44.9054207667', '-97.1513786639', 78, 'RW168', 'No Other Info', 'No Other Info', 0, 17, '', ''),
(9038, 'RW169', 2007, 'RW169', '44.9059616417', '-97.151375125', 78, 'RW169', 'No Other Info', 'No Other Info', 0, 17, '', ''),
(9039, 'RW17', 2007, 'RW17', '44.9184205694', '-97.1513019167', 78, 'RW17', 'No Other Info', 'No Other Info', 0, 17, '', ''),
(9040, 'RW170', 2007, 'RW170', '44.9065047361', '-97.1513722444', 78, 'RW170', 'No Other Info', 'No Other Info', 0, 17, '', ''),
(9041, 'RW171', 2007, 'RW171', '44.9070455444', '-97.1513689806', 78, 'RW171', 'No Other Info', 'No Other Info', 0, 17, '', ''),
(9042, 'RW172', 2007, 'RW172', '44.9075909833', '-97.1513669139', 78, 'RW172', 'No Other Info', 'No Other Info', 0, 17, '', ''),
(9043, 'RW173', 2007, 'RW173', '44.9081290167', '-97.1513631222', 78, 'RW173', 'No Other Info', 'No Other Info', 0, 17, '', ''),
(9044, 'RW174', 2007, 'RW174', '44.9086665694', '-97.1513585528', 78, 'RW174', 'No Other Info', 'No Other Info', 0, 17, '', ''),
(9045, 'RW175', 2007, 'RW175', '44.9092112889', '-97.1513567139', 78, 'RW175', 'No Other Info', 'No Other Info', 0, 17, '', ''),
(9046, 'RW176', 2007, 'RW176', '44.9097537667', '-97.1513526111', 78, 'RW176', 'No Other Info', 'No Other Info', 0, 17, '', ''),
(9047, 'RW177', 2007, 'RW177', '44.9102947667', '-97.151349675', 78, 'RW177', 'No Other Info', 'No Other Info', 0, 17, '', ''),
(9048, 'RW178', 2007, 'RW178', '44.9108369778', '-97.1513465917', 78, 'RW178', 'No Other Info', 'No Other Info', 0, 17, '', ''),
(9049, 'RW179', 2007, 'RW179', '44.9113782611', '-97.1513435194', 78, 'RW179', 'No Other Info', 'No Other Info', 0, 17, '', ''),
(9050, 'RW18', 2007, 'RW18', '44.9189609333', '-97.1512990694', 78, 'RW18', 'No Other Info', 'No Other Info', 0, 17, '', ''),
(9051, 'RW180', 2007, 'RW180', '44.9119198', '-97.1513399472', 78, 'RW180', 'No Other Info', 'No Other Info', 0, 17, '', ''),
(9052, 'RW181', 2007, 'RW181', '44.9124613', '-97.1513372917', 78, 'RW181', 'No Other Info', 'No Other Info', 0, 17, '', ''),
(9053, 'RW182', 2007, 'RW182', '44.9130029333', '-97.1513339194', 78, 'RW182', 'No Other Info', 'No Other Info', 0, 17, '', ''),
(9054, 'RW183', 2007, 'RW183', '44.9135613667', '-97.1513316389', 78, 'RW183', 'No Other Info', 'No Other Info', 0, 18, '', ''),
(9055, 'RW184', 2007, 'RW184', '44.9140856306', '-97.1513280167', 78, 'RW184', 'No Other Info', 'No Other Info', 0, 17, '', ''),
(9056, 'RW185', 2007, 'RW185', '44.9146288722', '-97.1513239028', 78, 'RW185', 'No Other Info', 'No Other Info', 0, 17, '', ''),
(9057, 'RW19', 2007, 'RW19', '44.9195033167', '-97.1512957139', 78, 'RW19', 'No Other Info', 'No Other Info', 0, 17, '', ''),
(9058, 'RW21', 2007, 'RW21', '44.9198971167', '-97.1641794528', 78, 'RW21', 'No Other Info', 'No Other Info', 0, 13, '', ''),
(9059, 'RW210', 2007, 'RW210', '44.9171318194', '-97.1585244167', 78, 'RW210', 'No Other Info', 'No Other Info', 0, 13, '', ''),
(9060, 'RW211', 2007, 'RW211', '44.9168244417', '-97.1578956222', 78, 'RW211', 'No Other Info', 'No Other Info', 0, 13, '', ''),
(9061, 'RW212', 2007, 'RW212', '44.9165172139', '-97.1572683056', 78, 'RW212', 'No Other Info', 'No Other Info', 0, 13, '', ''),
(9062, 'RW213', 2007, 'RW213', '44.9162098083', '-97.1566391389', 78, 'RW213', 'No Other Info', 'No Other Info', 0, 13, '', ''),
(9063, 'RW214', 2007, 'RW214', '44.9159029667', '-97.1560121', 78, 'RW214', 'No Other Info', 'No Other Info', 0, 13, '', ''),
(9064, 'RW215', 2007, 'RW215', '44.9155949306', '-97.1553820361', 78, 'RW215', 'No Other Info', 'No Other Info', 0, 13, '', ''),
(9065, 'RW216', 2007, 'RW216', '44.9152875611', '-97.1547530028', 78, 'RW216', 'No Other Info', 'No Other Info', 0, 13, '', ''),
(9066, 'RW217', 2007, 'RW217', '44.9149806444', '-97.1541255444', 78, 'RW217', 'No Other Info', 'No Other Info', 0, 13, '', ''),
(9067, 'RW218', 2007, 'RW218', '44.9146733222', '-97.1534979694', 78, 'RW218', 'No Other Info', 'No Other Info', 0, 13, '', ''),
(9068, 'RW219', 2007, 'RW219', '44.9143671917', '-97.1528692694', 78, 'RW219', 'No Other Info', 'No Other Info', 0, 13, '', ''),
(9069, 'RW22', 2007, 'RW22', '44.9195888056', '-97.1635502', 78, 'RW22', 'No Other Info', 'No Other Info', 0, 13, '', ''),
(9070, 'RW220', 2007, 'RW220', '44.9140595861', '-97.1522419194', 78, 'RW220', 'No Other Info', 'No Other Info', 0, 13, '', ''),
(9071, 'RW221', 2007, 'RW221', '44.9137526278', '-97.1516143167', 78, 'RW221', 'No Other Info', 'No Other Info', 0, 13, '', ''),
(9072, 'RW223', 2007, 'RW223', '44.9131382', '-97.1503580944', 78, 'RW223', 'No Other Info', 'No Other Info', 0, 13, '', ''),
(9073, 'RW224', 2007, 'RW224', '44.9128297222', '-97.1497287861', 78, 'RW224', 'No Other Info', 'No Other Info', 0, 13, '', ''),
(9074, 'RW225', 2007, 'RW225', '44.9125228111', '-97.1491012639', 78, 'RW225', 'No Other Info', 'No Other Info', 0, 13, '', ''),
(9075, 'RW226', 2007, 'RW226', '44.9122162', '-97.1484739111', 78, 'RW226', 'No Other Info', 'No Other Info', 0, 13, '', ''),
(9076, 'RW227', 2007, 'RW227', '44.9119087028', '-97.1478446889', 78, 'RW227', 'No Other Info', 'No Other Info', 0, 13, '', ''),
(9077, 'RW228', 2007, 'RW228', '44.9115979083', '-97.1472048972', 78, 'RW228', 'No Other Info', 'No Other Info', 0, 13, '', ''),
(9078, 'RW23', 2007, 'RW23', '44.9192822056', '-97.1629226389', 78, 'RW23', 'No Other Info', 'No Other Info', 0, 13, '', ''),
(9079, 'RW236', 2007, 'RW236', '44.9116380694', '-97.1481049194', 78, 'RW236', 'No Other Info', 'No Other Info', 0, 13, '', ''),
(9080, 'RW237', 2007, 'RW237', '44.9119446361', '-97.1487313083', 78, 'RW237', 'No Other Info', 'No Other Info', 0, 13, '', ''),
(9081, 'RW238', 2007, 'RW238', '44.9122529444', '-97.1493612056', 78, 'RW238', 'No Other Info', 'No Other Info', 0, 13, '', ''),
(9082, 'RW239', 2007, 'RW239', '44.9125590639', '-97.1499886667', 78, 'RW239', 'No Other Info', 'No Other Info', 0, 13, '', ''),
(9083, 'RW24', 2007, 'RW24', '44.9189750111', '-97.1622948333', 78, 'RW24', 'No Other Info', 'No Other Info', 0, 13, '', ''),
(9084, 'RW240', 2007, 'RW240', '44.9128687639', '-97.1506212611', 78, 'RW240', 'No Other Info', 'No Other Info', 0, 13, '', ''),
(9085, 'RW242', 2007, 'RW242', '44.9134829', '-97.151875775', 78, 'RW242', 'No Other Info', 'No Other Info', 0, 13, '', ''),
(9086, 'RW244', 2007, 'RW244', '44.9140968528', '-97.1531310889', 78, 'RW244', 'No Other Info', 'No Other Info', 0, 13, '', ''),
(9087, 'RW245', 2007, 'RW245', '44.9144043722', '-97.1537599833', 78, 'RW245', 'No Other Info', 'No Other Info', 0, 13, '', ''),
(9088, 'RW246', 2007, 'RW246', '44.9147107583', '-97.1543870333', 78, 'RW246', 'No Other Info', 'No Other Info', 0, 13, '', ''),
(9089, 'RW247', 2007, 'RW247', '44.9150179028', '-97.1550151944', 78, 'RW247', 'No Other Info', 'No Other Info', 0, 13, '', ''),
(9090, 'RW248', 2007, 'RW248', '44.9153255972', '-97.1556431611', 78, 'RW248', 'No Other Info', 'No Other Info', 0, 13, '', ''),
(9091, 'RW249', 2007, 'RW249', '44.9156337306', '-97.1562722833', 78, 'RW249', 'No Other Info', 'No Other Info', 0, 13, '', ''),
(9092, 'RW250', 2007, 'RW250', '44.9159406333', '-97.1569001556', 78, 'RW250', 'No Other Info', 'No Other Info', 0, 13, '', ''),
(9093, 'RW251', 2007, 'RW251', '44.9162466361', '-97.1575276333', 78, 'RW251', 'No Other Info', 'No Other Info', 0, 13, '', ''),
(9094, 'RW252', 2007, 'RW252', '44.9165544972', '-97.1581566722', 78, 'RW252', 'No Other Info', 'No Other Info', 0, 13, '', ''),
(9095, 'RW253', 2007, 'RW253', '44.9168611389', '-97.1587823472', 78, 'RW253', 'No Other Info', 'No Other Info', 0, 13, '', ''),
(9096, 'RW254', 2007, 'RW254', '44.9171691917', '-97.15941195', 78, 'RW254', 'No Other Info', 'No Other Info', 0, 13, '', ''),
(9097, 'RW255', 2007, 'RW255', '44.9174767528', '-97.1600426611', 78, 'RW255', 'No Other Info', 'No Other Info', 0, 13, '', ''),
(9098, 'RW256', 2007, 'RW256', '44.9177830944', '-97.1606688056', 78, 'RW256', 'No Other Info', 'No Other Info', 0, 13, '', ''),
(9099, 'RW257', 2007, 'RW257', '44.918090175', '-97.1612966722', 78, 'RW257', 'No Other Info', 'No Other Info', 0, 13, '', ''),
(9100, 'RW258', 2007, 'RW258', '44.9183974528', '-97.1619257417', 78, 'RW258', 'No Other Info', 'No Other Info', 0, 13, '', ''),
(9101, 'RW259', 2007, 'RW259', '44.9187051472', '-97.1625540111', 78, 'RW259', 'No Other Info', 'No Other Info', 0, 13, '', ''),
(9102, 'RW260', 2007, 'RW260', '44.9190123833', '-97.1631829278', 78, 'RW260', 'No Other Info', 'No Other Info', 0, 13, '', ''),
(9103, 'RW261', 2007, 'RW261', '44.91932065', '-97.1638123667', 78, 'RW261', 'No Other Info', 'No Other Info', 0, 13, '', ''),
(9104, 'RW262', 2007, 'RW262', '44.9196273222', '-97.1644397556', 78, 'RW262', 'No Other Info', 'No Other Info', 0, 13, '', ''),
(9105, 'RW263', 2007, 'RW263', '44.9199347944', '-97.1650685833', 78, 'RW263', 'No Other Info', 'No Other Info', 0, 13, '', ''),
(9106, 'RW264', 2007, 'RW264', '44.9202419417', '-97.1656966667', 78, 'RW264', 'No Other Info', 'No Other Info', 0, 13, '', ''),
(9107, 'RW265', 2007, 'RW265', '44.9205496278', '-97.1663258833', 78, 'RW265', 'No Other Info', 'No Other Info', 0, 13, '', ''),
(9108, 'RW266', 2007, 'RW266', '44.9208555611', '-97.1669526639', 78, 'RW266', 'No Other Info', 'No Other Info', 0, 13, '', ''),
(9109, 'RW267', 2007, 'RW267', '44.9211641028', '-97.1675830194', 78, 'RW267', 'No Other Info', 'No Other Info', 0, 13, '', ''),
(9110, 'RW268', 2007, 'RW268', '44.9214715083', '-97.1682128278', 78, 'RW268', 'No Other Info', 'No Other Info', 0, 13, '', ''),
(9111, 'RW269', 2007, 'RW269', '44.9217782222', '-97.1688402917', 78, 'RW269', 'No Other Info', 'No Other Info', 0, 13, '', ''),
(9112, 'RW27', 2007, 'RW27', '44.9180523444', '-97.1604079611', 78, 'RW27', 'No Other Info', 'No Other Info', 0, 13, '', ''),
(9113, 'RW279', 2007, 'RW279', '44.9217396222', '-97.1679483778', 78, 'RW279', 'No Other Info', 'No Other Info', 0, 13, '', ''),
(9114, 'RW28', 2007, 'RW28', '44.9177465528', '-97.1597811889', 78, 'RW28', 'No Other Info', 'No Other Info', 0, 13, '', ''),
(9115, 'RW280', 2007, 'RW280', '44.9214328306', '-97.1673210333', 78, 'RW280', 'No Other Info', 'No Other Info', 0, 13, '', ''),
(9116, 'RW281', 2007, 'RW281', '44.9211266694', '-97.1666936222', 78, 'RW281', 'No Other Info', 'No Other Info', 0, 13, '', ''),
(9117, 'RW282', 2007, 'RW282', '44.9208184028', '-97.1660641806', 78, 'RW282', 'No Other Info', 'No Other Info', 0, 13, '', ''),
(9118, 'RW284', 2007, 'RW284', '44.9205114472', '-97.1654360028', 78, 'RW284', 'No Other Info', 'No Other Info', 0, 13, '', ''),
(9119, 'RW285', 2007, 'RW285', '44.9202045278', '-97.1648095028', 78, 'RW285', 'No Other Info', 'No Other Info', 0, 13, '', ''),
(9120, 'RW29', 2007, 'RW29', '44.9174393389', '-97.1591533556', 78, 'RW29', 'No Other Info', 'No Other Info', 0, 13, '', ''),
(9121, 'TWA165', 2007, 'TWA165', '44.919810925', '-97.1610857167', 78, 'TWA165', 'No Other Info', 'No Other Info', 0, 40, '', ''),
(9122, 'SN11', 2007, 'SN11', '44.9156947639', '-97.1519953972', 78, 'SN11', 'No Other Info', 'No Other Info', 0, 40, '', ''),
(9123, 'SN110', 2007, 'SN110', '44.9097418889', '-97.1508381139', 78, 'SN110', 'No Other Info', 'No Other Info', 0, 40, '', ''),
(9124, 'SN111', 2007, 'SN111', '44.9069928', '-97.1508545944', 78, 'SN111', 'No Other Info', 'No Other Info', 0, 40, '', ''),
(9125, 'SN112', 2007, 'SN112', '44.9042523', '-97.1508729389', 78, 'SN112', 'No Other Info', 'No Other Info', 0, 40, '', ''),
(9126, 'SN113', 2007, 'SN113', '44.9019295139', '-97.1521352722', 78, 'SN113', 'No Other Info', 'No Other Info', 0, 41, '', ''),
(9127, 'SN114', 2007, 'SN114', '44.9023179417', '-97.1514621722', 78, 'SN114', 'No Other Info', 'No Other Info', 0, 40, '', ''),
(9128, 'SN115', 2007, 'SN115', '44.9070683806', '-97.1514370889', 78, 'SN115', 'No Other Info', 'No Other Info', 0, 41, '', ''),
(9129, 'SN116', 2007, 'SN116', '44.9079228889', '-97.1521327861', 78, 'SN116', 'No Other Info', 'No Other Info', 0, 41, '', ''),
(9130, 'SN117', 2007, 'SN117', '44.9083588556', '-97.1514298417', 78, 'SN117', 'No Other Info', 'No Other Info', 0, 41, '', ''),
(9131, 'SN118', 2007, 'SN118', '44.9140279222', '-97.1520594', 78, 'SN118', 'No Other Info', 'No Other Info', 0, 40, '', ''),
(9132, 'SN119', 2007, 'SN119', '44.9147141583', '-97.1513917583', 78, 'SN119', 'No Other Info', 'No Other Info', 0, 40, '', ''),
(9133, 'SN12', 2007, 'SN12', '44.9155479861', '-97.1513872167', 78, 'SN12', 'No Other Info', 'No Other Info', 0, 40, '', ''),
(9134, 'SN13', 2007, 'SN13', '44.9196681806', '-97.1513660667', 78, 'SN13', 'No Other Info', 'No Other Info', 0, 40, '', ''),
(9135, 'SN14', 2007, 'SN14', '44.9204626111', '-97.1520694083', 78, 'SN14', 'No Other Info', 'No Other Info', 0, 40, '', ''),
(9136, 'SN15', 2007, 'SN15', '44.9179865389', '-97.1507873111', 78, 'SN15', 'No Other Info', 'No Other Info', 0, 40, '', ''),
(9137, 'SN16', 2007, 'SN16', '44.915244075', '-97.1508034667', 78, 'SN16', 'No Other Info', 'No Other Info', 0, 40, '', ''),
(9138, 'SN17', 2007, 'SN17', '44.9144774556', '-97.1501876861', 78, 'SN17', 'No Other Info', 'No Other Info', 0, 40, '', ''),
(9139, 'SN18', 2007, 'SN18', '44.9125833194', '-97.1501413889', 78, 'SN18', 'No Other Info', 'No Other Info', 0, 40, '', ''),
(9140, 'SN19', 2007, 'SN19', '44.9124250583', '-97.1508259389', 78, 'SN19', 'No Other Info', 'No Other Info', 0, 40, '', ''),
(9141, 'SN21', 2007, 'SN21', '44.9187479056', '-97.1617251056', 78, 'SN21', 'No Other Info', 'No Other Info', 0, 40, '', ''),
(9142, 'SN210', 2007, 'SN210', '44.9127422778', '-97.1504555444', 78, 'SN210', 'No Other Info', 'No Other Info', 0, 40, '', ''),
(9143, 'SN211', 2007, 'SN211', '44.9123322861', '-97.1514037083', 78, 'SN211', 'No Other Info', 'No Other Info', 0, 40, '', ''),
(9144, 'SN212', 2007, 'SN212', '44.9132508139', '-97.1528491861', 78, 'SN212', 'No Other Info', 'No Other Info', 0, 41, '', ''),
(9145, 'SN213', 2007, 'SN213', '44.9143469583', '-97.1537223806', 78, 'SN213', 'No Other Info', 'No Other Info', 0, 40, '', ''),
(9146, 'SN214', 2007, 'SN214', '44.9158995889', '-97.1569020361', 78, 'SN214', 'No Other Info', 'No Other Info', 0, 40, '', ''),
(9147, 'SN215', 2007, 'SN215', '44.9174565722', '-97.1600852556', 78, 'SN215', 'No Other Info', 'No Other Info', 0, 40, '', ''),
(9148, 'SN216', 2007, 'SN216', '44.9190089361', '-97.1632577694', 78, 'SN216', 'No Other Info', 'No Other Info', 0, 40, '', ''),
(9149, 'SN217', 2007, 'SN217', '44.9205626694', '-97.1664363889', 78, 'SN217', 'No Other Info', 'No Other Info', 0, 40, '', ''),
(9150, 'SN218', 2007, 'SN218', '44.9225431333', '-97.1682883056', 78, 'SN218', 'No Other Info', 'No Other Info', 0, 40, '', ''),
(9151, 'SN219', 2007, 'SN219', '44.9219412083', '-97.1682599167', 78, 'SN219', 'No Other Info', 'No Other Info', 0, 40, '', ''),
(9152, 'SN22', 2007, 'SN22', '44.9189673444', '-97.1608050056', 78, 'SN22', 'No Other Info', 'No Other Info', 0, 40, '', ''),
(9153, 'SN23', 2007, 'SN23', '44.9183094333', '-97.1608313444', 78, 'SN23', 'No Other Info', 'No Other Info', 0, 40, '', ''),
(9154, 'SN24', 2007, 'SN24', '44.9147516611', '-97.153551225', 78, 'SN24', 'No Other Info', 'No Other Info', 0, 40, '', ''),
(9155, 'SN25', 2007, 'SN25', '44.9149603278', '-97.1524451194', 78, 'SN25', 'No Other Info', 'No Other Info', 0, 40, '', ''),
(9156, 'SN26', 2007, 'SN26', '44.9141193861', '-97.1522445333', 78, 'SN26', 'No Other Info', 'No Other Info', 0, 40, '', ''),
(9157, 'SN27', 2007, 'SN27', '44.914273375', '-97.1508043611', 78, 'SN27', 'No Other Info', 'No Other Info', 0, 40, '', ''),
(9158, 'SN28', 2007, 'SN28', '44.9120334833', '-97.1479811278', 78, 'SN28', 'No Other Info', 'No Other Info', 0, 40, '', ''),
(9159, 'SN29', 2007, 'SN29', '44.9120206306', '-97.1467796694', 78, 'SN29', 'No Other Info', 'No Other Info', 0, 40, '', ''),
(9160, 'TCW65', 2007, 'TCW65', '44.9016250639', '-97.1516080806', 78, 'TCW65', 'No Other Info', 'No Other Info', 0, 29, '', ''),
(9161, 'RW228', 2007, 'RW228', '44.9115979722', '-97.1472057917', 78, 'RW228', 'No Other Info', 'No Other Info', 0, 16, '', ''),
(9162, 'RW229', 2007, 'RW229', '44.9115750028', '-97.147227725', 78, 'RW229', 'No Other Info', 'No Other Info', 0, 16, '', ''),
(9163, 'RW230', 2007, 'RW230', '44.9115523083', '-97.1472490056', 78, 'RW230', 'No Other Info', 'No Other Info', 0, 16, '', ''),
(9164, 'RW231', 2007, 'RW231', '44.9115298722', '-97.1472724861', 78, 'RW231', 'No Other Info', 'No Other Info', 0, 16, '', ''),
(9165, 'RW232', 2007, 'RW232', '44.9113938861', '-97.1474030667', 78, 'RW232', 'No Other Info', 'No Other Info', 0, 16, '', ''),
(9166, 'RW233', 2007, 'RW233', '44.9113710028', '-97.1474253306', 78, 'RW233', 'No Other Info', 'No Other Info', 0, 16, '', ''),
(9167, 'RW234', 2007, 'RW234', '44.9113491583', '-97.1474476444', 78, 'RW234', 'No Other Info', 'No Other Info', 0, 16, '', ''),
(9168, 'RW235', 2007, 'RW235', '44.9113261778', '-97.1474691111', 78, 'RW235', 'No Other Info', 'No Other Info', 0, 16, '', ''),
(9169, 'RW111', 2007, 'RW111', '44.9205870806', '-97.1512908611', 78, 'RW111', 'No Other Info', 'No Other Info', 0, 19, '', ''),
(9170, 'RW112', 2007, 'RW112', '44.9205875861', '-97.1512520889', 78, 'RW112', 'No Other Info', 'No Other Info', 0, 19, '', ''),
(9171, 'RW113', 2007, 'RW113', '44.9205880278', '-97.1512139889', 78, 'RW113', 'No Other Info', 'No Other Info', 0, 19, '', ''),
(9172, 'RW114', 2007, 'RW114', '44.9205881056', '-97.1511753833', 78, 'RW114', 'No Other Info', 'No Other Info', 0, 19, '', ''),
(9173, 'RW115', 2007, 'RW115', '44.9205910306', '-97.1509430611', 78, 'RW115', 'No Other Info', 'No Other Info', 0, 19, '', ''),
(9174, 'RW116', 2007, 'RW116', '44.9205917694', '-97.150904875', 78, 'RW116', 'No Other Info', 'No Other Info', 0, 19, '', ''),
(9175, 'RW117', 2007, 'RW117', '44.9205927778', '-97.1508656306', 78, 'RW117', 'No Other Info', 'No Other Info', 0, 19, '', ''),
(9176, 'RW118', 2007, 'RW118', '44.92059315', '-97.1508272111', 78, 'RW118', 'No Other Info', 'No Other Info', 0, 19, '', ''),
(9177, 'RW153', 2007, 'RW153', '44.9016262667', '-97.150939775', 78, 'RW153', 'No Other Info', 'No Other Info', 0, 19, '', ''),
(9178, 'RW154', 2007, 'RW154', '44.9016262083', '-97.1509783389', 78, 'RW154', 'No Other Info', 'No Other Info', 0, 19, '', ''),
(9179, 'RW155', 2007, 'RW155', '44.9016256722', '-97.1510163806', 78, 'RW155', 'No Other Info', 'No Other Info', 0, 19, '', ''),
(9180, 'RW156', 2007, 'RW156', '44.901625675', '-97.1510560806', 78, 'RW156', 'No Other Info', 'No Other Info', 0, 19, '', ''),
(9181, 'RW157', 2007, 'RW157', '44.9016252361', '-97.1512867111', 78, 'RW157', 'No Other Info', 'No Other Info', 0, 19, '', ''),
(9182, 'RW158', 2007, 'RW158', '44.9016251222', '-97.1513262222', 78, 'RW158', 'No Other Info', 'No Other Info', 0, 19, '', ''),
(9183, 'RW159', 2007, 'RW159', '44.9016254917', '-97.1513641861', 78, 'RW159', 'No Other Info', 'No Other Info', 0, 19, '', ''),
(9184, 'RW160', 2007, 'RW160', '44.9016250361', '-97.1514024806', 78, 'RW160', 'No Other Info', 'No Other Info', 0, 19, '', ''),
(9185, 'RW270', 2007, 'RW270', '44.9220821917', '-97.1694640083', 78, 'RW270', 'No Other Info', 'No Other Info', 0, 16, '', ''),
(9186, 'RW271', 2007, 'RW271', '44.9221043556', '-97.1694414722', 78, 'RW271', 'No Other Info', 'No Other Info', 0, 16, '', ''),
(9187, 'RW272', 2007, 'RW272', '44.9221272028', '-97.1694206139', 78, 'RW272', 'No Other Info', 'No Other Info', 0, 16, '', ''),
(9188, 'RW273', 2007, 'RW273', '44.9221500722', '-97.1693988444', 78, 'RW273', 'No Other Info', 'No Other Info', 0, 16, '', ''),
(9189, 'RW274', 2007, 'RW274', '44.9222860806', '-97.1692689917', 78, 'RW274', 'No Other Info', 'No Other Info', 0, 16, '', ''),
(9190, 'RW275', 2007, 'RW275', '44.9223087139', '-97.1692464083', 78, 'RW275', 'No Other Info', 'No Other Info', 0, 16, '', ''),
(9191, 'RW276', 2007, 'RW276', '44.9223314056', '-97.1692255278', 78, 'RW276', 'No Other Info', 'No Other Info', 0, 16, '', ''),
(9192, 'RW277', 2007, 'RW277', '44.9223540944', '-97.1692046278', 78, 'RW277', 'No Other Info', 'No Other Info', 0, 16, '', ''),
(9193, 'TWA1051', 2007, 'TWA1051', '44.9223274889', '-97.1654684111', 78, 'TWA1051', 'No Other Info', 'No Other Info', 0, 40, '', ''),
(9194, 'TWA11', 2007, 'TWA11', '44.9209905639', '-97.1634835556', 78, 'TWA11', 'No Other Info', 'No Other Info', 0, 22, '', ''),
(9195, 'TWA110', 2007, 'TWA110', '44.9220801889', '-97.1657082444', 78, 'TWA110', 'No Other Info', 'No Other Info', 0, 22, '', ''),
(9196, 'TWA111', 2007, 'TWA111', '44.9222366556', '-97.1660301361', 78, 'TWA111', 'No Other Info', 'No Other Info', 0, 22, '', ''),
(9197, 'TWA112', 2007, 'TWA112', '44.9224738528', '-97.1665116472', 78, 'TWA112', 'No Other Info', 'No Other Info', 0, 22, '', ''),
(9198, 'TWA113', 2007, 'TWA113', '44.9227117889', '-97.166999325', 78, 'TWA113', 'No Other Info', 'No Other Info', 0, 22, '', ''),
(9199, 'TWA114', 2007, 'TWA114', '44.9228714778', '-97.1673242056', 78, 'TWA114', 'No Other Info', 'No Other Info', 0, 22, '', ''),
(9200, 'TWA115', 2007, 'TWA115', '44.9229484528', '-97.1674870222', 78, 'TWA115', 'No Other Info', 'No Other Info', 0, 22, '', ''),
(9201, 'TWA116', 2007, 'TWA116', '44.9229892556', '-97.1676178639', 78, 'TWA116', 'No Other Info', 'No Other Info', 0, 23, '', ''),
(9202, 'TWA117', 2007, 'TWA117', '44.9229918806', '-97.1677727278', 78, 'TWA117', 'No Other Info', 'No Other Info', 0, 23, '', ''),
(9203, 'TWA118', 2007, 'TWA118', '44.9229517528', '-97.1679139583', 78, 'TWA118', 'No Other Info', 'No Other Info', 0, 23, '', ''),
(9204, 'TWA119', 2007, 'TWA119', '44.9228756556', '-97.1680255417', 78, 'TWA119', 'No Other Info', 'No Other Info', 0, 23, '', ''),
(9205, 'TWA12', 2007, 'TWA12', '44.9211352611', '-97.1637807333', 78, 'TWA12', 'No Other Info', 'No Other Info', 0, 22, '', ''),
(9206, 'TWA120', 2007, 'TWA120', '44.9227581389', '-97.1681406833', 78, 'TWA120', 'No Other Info', 'No Other Info', 0, 23, '', ''),
(9207, 'TWA121', 2007, 'TWA121', '44.9226660639', '-97.1682314528', 78, 'TWA121', 'No Other Info', 'No Other Info', 0, 23, '', ''),
(9208, 'TWA122', 2007, 'TWA122', '44.9225721528', '-97.1683238861', 78, 'TWA122', 'No Other Info', 'No Other Info', 0, 23, '', ''),
(9209, 'TWA123', 2007, 'TWA123', '44.9224603361', '-97.1684334444', 78, 'TWA123', 'No Other Info', 'No Other Info', 0, 23, '', ''),
(9210, 'TWA124', 2007, 'TWA124', '44.9223532694', '-97.1685081167', 78, 'TWA124', 'No Other Info', 'No Other Info', 0, 23, '', ''),
(9211, 'TWA125', 2007, 'TWA125', '44.9222286861', '-97.1685302972', 78, 'TWA125', 'No Other Info', 'No Other Info', 0, 23, '', ''),
(9212, 'TWA126', 2007, 'TWA126', '44.9221054111', '-97.1685016222', 78, 'TWA126', 'No Other Info', 'No Other Info', 0, 28, '', ''),
(9213, 'TWA127', 2007, 'TWA127', '44.9220063833', '-97.16842975', 78, 'TWA127', 'No Other Info', 'No Other Info', 0, 23, '', ''),
(9214, 'TWA128', 2007, 'TWA128', '44.9219248472', '-97.1682972389', 78, 'TWA128', 'No Other Info', 'No Other Info', 0, 23, '', ''),
(9215, 'TWA129', 2007, 'TWA129', '44.922360775', '-97.16919785', 78, 'TWA129', 'No Other Info', 'No Other Info', 0, 23, '', ''),
(9216, 'TWA13', 2007, 'TWA13', '44.9212805111', '-97.1640764611', 78, 'TWA13', 'No Other Info', 'No Other Info', 0, 22, '', ''),
(9217, 'TWA130', 2007, 'TWA130', '44.9223196194', '-97.1690983056', 78, 'TWA130', 'No Other Info', 'No Other Info', 0, 23, '', ''),
(9218, 'TWA131', 2007, 'TWA131', '44.92233735', '-97.1689994778', 78, 'TWA131', 'No Other Info', 'No Other Info', 0, 23, '', ''),
(9219, 'TWA132', 2007, 'TWA132', '44.9224081194', '-97.16892535', 78, 'TWA132', 'No Other Info', 'No Other Info', 0, 23, '', ''),
(9220, 'TWA133', 2007, 'TWA133', '44.9224714', '-97.1688634139', 78, 'TWA133', 'No Other Info', 'No Other Info', 0, 23, '', ''),
(9221, 'TWA134', 2007, 'TWA134', '44.9225353083', '-97.1688013306', 78, 'TWA134', 'No Other Info', 'No Other Info', 0, 23, '', ''),
(9222, 'TWA135', 2007, 'TWA135', '44.9226056111', '-97.1687314278', 78, 'TWA135', 'No Other Info', 'No Other Info', 0, 23, '', ''),
(9223, 'TWA136', 2007, 'TWA136', '44.9227189472', '-97.1686226806', 78, 'TWA136', 'No Other Info', 'No Other Info', 0, 23, '', ''),
(9224, 'TWA137', 2007, 'TWA137', '44.9228116361', '-97.1685321333', 78, 'TWA137', 'No Other Info', 'No Other Info', 0, 23, '', ''),
(9225, 'TWA138', 2007, 'TWA138', '44.9229057806', '-97.1684401556', 78, 'TWA138', 'No Other Info', 'No Other Info', 0, 23, '', ''),
(9226, 'TWA139', 2007, 'TWA139', '44.9230371722', '-97.1683110222', 78, 'TWA139', 'No Other Info', 'No Other Info', 0, 23, '', ''),
(9227, 'TWA14', 2007, 'TWA14', '44.921424475', '-97.1643703361', 78, 'TWA14', 'No Other Info', 'No Other Info', 0, 22, '', ''),
(9228, 'TWA140', 2007, 'TWA140', '44.9231353528', '-97.1681769111', 78, 'TWA140', 'No Other Info', 'No Other Info', 0, 23, '', ''),
(9229, 'TWA141', 2007, 'TWA141', '44.9232085833', '-97.1680117222', 78, 'TWA141', 'No Other Info', 'No Other Info', 0, 23, '', ''),
(9230, 'TWA142', 2007, 'TWA142', '44.9232478056', '-97.167824475', 78, 'TWA142', 'No Other Info', 'No Other Info', 0, 23, '', ''),
(9231, 'TWA143', 2007, 'TWA143', '44.9232539139', '-97.167632325', 78, 'TWA143', 'No Other Info', 'No Other Info', 0, 23, '', ''),
(9232, 'TWA144', 2007, 'TWA144', '44.9232211306', '-97.1674380806', 78, 'TWA144', 'No Other Info', 'No Other Info', 0, 23, '', ''),
(9233, 'TWA145', 2007, 'TWA145', '44.9231635056', '-97.1672812389', 78, 'TWA145', 'No Other Info', 'No Other Info', 0, 22, '', ''),
(9234, 'TWA146', 2007, 'TWA146', '44.9230827722', '-97.1671129361', 78, 'TWA146', 'No Other Info', 'No Other Info', 0, 22, '', ''),
(9235, 'TWA147', 2007, 'TWA147', '44.9229263222', '-97.1667931806', 78, 'TWA147', 'No Other Info', 'No Other Info', 0, 22, '', ''),
(9236, 'TWA148', 2007, 'TWA148', '44.9226847028', '-97.1663016', 78, 'TWA148', 'No Other Info', 'No Other Info', 0, 22, '', ''),
(9237, 'TWA149', 2007, 'TWA149', '44.9224501389', '-97.1658205083', 78, 'TWA149', 'No Other Info', 'No Other Info', 0, 22, '', ''),
(9238, 'TWA15', 2007, 'TWA15', '44.9215687833', '-97.1646642111', 78, 'TWA15', 'No Other Info', 'No Other Info', 0, 22, '', ''),
(9239, 'TWA150', 2007, 'TWA150', '44.9222941972', '-97.1655024306', 78, 'TWA150', 'No Other Info', 'No Other Info', 0, 22, '', ''),
(9240, 'TWA152', 2007, 'TWA152', '44.9222160611', '-97.1653439194', 78, 'TWA152', 'No Other Info', 'No Other Info', 0, 22, '', ''),
(9241, 'TWA153', 2007, 'TWA153', '44.9223290028', '-97.1652342667', 78, 'TWA153', 'No Other Info', 'No Other Info', 0, 22, '', ''),
(9242, 'TWA154', 2007, 'TWA154', '44.9224416417', '-97.1651233389', 78, 'TWA154', 'No Other Info', 'No Other Info', 0, 22, '', ''),
(9243, 'TWA155', 2007, 'TWA155', '44.9225680667', '-97.1649997833', 78, 'TWA155', 'No Other Info', 'No Other Info', 0, 22, '', ''),
(9244, 'TWA156', 2007, 'TWA156', '44.9208465917', '-97.163189025', 78, 'TWA156', 'No Other Info', 'No Other Info', 0, 22, '', ''),
(9245, 'TWA157', 2007, 'TWA157', '44.9207003667', '-97.1628925917', 78, 'TWA157', 'No Other Info', 'No Other Info', 0, 22, '', ''),
(9246, 'TWA158', 2007, 'TWA158', '44.9205569194', '-97.1625974389', 78, 'TWA158', 'No Other Info', 'No Other Info', 0, 22, '', ''),
(9247, 'TWA159', 2007, 'TWA159', '44.9204114278', '-97.1623007889', 78, 'TWA159', 'No Other Info', 'No Other Info', 0, 22, '', ''),
(9248, 'TWA16', 2007, 'TWA16', '44.9217131083', '-97.1649595417', 78, 'TWA16', 'No Other Info', 'No Other Info', 0, 22, '', ''),
(9249, 'TWA160', 2007, 'TWA160', '44.9202672111', '-97.1620064722', 78, 'TWA160', 'No Other Info', 'No Other Info', 0, 22, '', ''),
(9250, 'TWA161', 2007, 'TWA161', '44.9201226639', '-97.1617122306', 78, 'TWA161', 'No Other Info', 'No Other Info', 0, 22, '', ''),
(9251, 'TWA162', 2007, 'TWA162', '44.9199792389', '-97.1614168778', 78, 'TWA162', 'No Other Info', 'No Other Info', 0, 22, '', ''),
(9252, 'TWA163', 2007, 'TWA163', '44.9199113972', '-97.1612799167', 78, 'TWA163', 'No Other Info', 'No Other Info', 0, 22, '', ''),
(9253, 'TWA164', 2007, 'TWA164', '44.9198332', '-97.1611214944', 78, 'TWA164', 'No Other Info', 'No Other Info', 0, 24, '', ''),
(9254, 'TWA166', 2007, 'TWA166', '44.9197531361', '-97.1610102806', 78, 'TWA166', 'No Other Info', 'No Other Info', 0, 24, '', ''),
(9255, 'TWA167', 2007, 'TWA167', '44.919646175', '-97.1609541', 78, 'TWA167', 'No Other Info', 'No Other Info', 0, 24, '', ''),
(9256, 'TWA168', 2007, 'TWA168', '44.9195360417', '-97.1609722194', 78, 'TWA168', 'No Other Info', 'No Other Info', 0, 24, '', ''),
(9257, 'TWA169', 2007, 'TWA169', '44.9194043389', '-97.1610369639', 78, 'TWA169', 'No Other Info', 'No Other Info', 0, 24, '', ''),
(9258, 'TWA17', 2007, 'TWA17', '44.9218579694', '-97.1652543', 78, 'TWA17', 'No Other Info', 'No Other Info', 0, 22, '', ''),
(9259, 'TWA170', 2007, 'TWA170', '44.9192853472', '-97.1610955611', 78, 'TWA170', 'No Other Info', 'No Other Info', 0, 24, '', ''),
(9260, 'TWA171', 2007, 'TWA171', '44.9190355528', '-97.1612196667', 78, 'TWA171', 'No Other Info', 'No Other Info', 0, 24, '', ''),
(9261, 'TWA172', 2007, 'TWA172', '44.9189149917', '-97.1612779194', 78, 'TWA172', 'No Other Info', 'No Other Info', 0, 24, '', ''),
(9262, 'TWA173', 2007, 'TWA173', '44.91879095', '-97.161339575', 78, 'TWA173', 'No Other Info', 'No Other Info', 0, 24, '', ''),
(9263, 'TWA174', 2007, 'TWA174', '44.918720475', '-97.1613998694', 78, 'TWA174', 'No Other Info', 'No Other Info', 0, 24, '', ''),
(9264, 'TWA175', 2007, 'TWA175', '44.9186745333', '-97.1614978389', 78, 'TWA175', 'No Other Info', 'No Other Info', 0, 24, '', ''),
(9265, 'TWA176', 2007, 'TWA176', '44.9186684278', '-97.1615934889', 78, 'TWA176', 'No Other Info', 'No Other Info', 0, 24, '', ''),
(9266, 'TWA177', 2007, 'TWA177', '44.9187055944', '-97.1617177611', 78, 'TWA177', 'No Other Info', 'No Other Info', 0, 24, '', ''),
(9267, 'TWA178', 2007, 'TWA178', '44.9183106917', '-97.1609086167', 78, 'TWA178', 'No Other Info', 'No Other Info', 0, 24, '', ''),
(9268, 'TWA179', 2007, 'TWA179', '44.9183900111', '-97.1610378333', 78, 'TWA179', 'No Other Info', 'No Other Info', 0, 24, '', ''),
(9269, 'TWA18', 2007, 'TWA18', '44.9219253028', '-97.1653924806', 78, 'TWA18', 'No Other Info', 'No Other Info', 0, 22, '', ''),
(9270, 'TWA180', 2007, 'TWA180', '44.9184762778', '-97.1610696278', 78, 'TWA180', 'No Other Info', 'No Other Info', 0, 24, '', ''),
(9271, 'TWA181', 2007, 'TWA181', '44.9185809389', '-97.1610550028', 78, 'TWA181', 'No Other Info', 'No Other Info', 0, 24, '', ''),
(9272, 'TWA182', 2007, 'TWA182', '44.9186972056', '-97.1610005806', 78, 'TWA182', 'No Other Info', 'No Other Info', 0, 24, '', ''),
(9273, 'TWA183', 2007, 'TWA183', '44.9188315111', '-97.1609337917', 78, 'TWA183', 'No Other Info', 'No Other Info', 0, 24, '', ''),
(9274, 'TWA184', 2007, 'TWA184', '44.9189492306', '-97.1608754528', 78, 'TWA184', 'No Other Info', 'No Other Info', 0, 24, '', ''),
(9275, 'TWA185', 2007, 'TWA185', '44.9191999528', '-97.160751375', 78, 'TWA185', 'No Other Info', 'No Other Info', 0, 24, '', ''),
(9276, 'TWA186', 2007, 'TWA186', '44.919320175', '-97.1606920167', 78, 'TWA186', 'No Other Info', 'No Other Info', 0, 24, '', ''),
(9277, 'TWA187', 2007, 'TWA187', '44.919427', '-97.1606397222', 78, 'TWA187', 'No Other Info', 'No Other Info', 0, 24, '', ''),
(9278, 'TWA188', 2007, 'TWA188', '44.9194790806', '-97.1605847778', 78, 'TWA188', 'No Other Info', 'No Other Info', 0, 22, '', ''),
(9279, 'TWA189', 2007, 'TWA189', '44.9195001722', '-97.1605037556', 78, 'TWA189', 'No Other Info', 'No Other Info', 0, 24, '', ''),
(9280, 'TWA19', 2007, 'TWA19', '44.9220031444', '-97.1655514167', 78, 'TWA19', 'No Other Info', 'No Other Info', 0, 22, '', ''),
(9281, 'TWA190', 2007, 'TWA190', '44.9194854444', '-97.160419975', 78, 'TWA190', 'No Other Info', 'No Other Info', 0, 24, '', ''),
(9282, 'TWA2006', 2007, 'TWA2006', '44.919419175', '-97.1603753056', 78, 'TWA2006', 'No Other Info', 'No Other Info', 0, 40, '', ''),
(9283, 'TWA2007', 2007, 'TWA2007', '44.9193181417', '-97.1594078278', 78, 'TWA2007', 'No Other Info', 'No Other Info', 0, 40, '', ''),
(9284, 'TWA2019', 2007, 'TWA2019', '44.9161755278', '-97.15297545', 78, 'TWA2019', 'No Other Info', 'No Other Info', 0, 41, '', ''),
(9285, 'TWA21', 2007, 'TWA21', '44.9191283194', '-97.1595957056', 78, 'TWA21', 'No Other Info', 'No Other Info', 0, 22, '', ''),
(9286, 'TWA210', 2007, 'TWA210', '44.9187594583', '-97.1583668389', 78, 'TWA210', 'No Other Info', 'No Other Info', 0, 22, '', ''),
(9287, 'TWA2100', 2007, 'TWA2100', '44.9153285417', '-97.1524993861', 78, 'TWA2100', 'No Other Info', 'No Other Info', 0, 25, '', ''),
(9288, 'TWA2101', 2007, 'TWA2101', '44.9151332556', '-97.1525009333', 78, 'TWA2101', 'No Other Info', 'No Other Info', 0, 25, '', ''),
(9289, 'TWA2102', 2007, 'TWA2102', '44.9150742', '-97.1525018611', 78, 'TWA2102', 'No Other Info', 'No Other Info', 0, 25, '', ''),
(9290, 'TWA2103', 2007, 'TWA2103', '44.9149380944', '-97.1525030806', 78, 'TWA2103', 'No Other Info', 'No Other Info', 0, 25, '', ''),
(9291, 'TWA2104', 2007, 'TWA2104', '44.9148003972', '-97.1525042806', 78, 'TWA2104', 'No Other Info', 'No Other Info', 0, 25, '', ''),
(9292, 'TWA2105', 2007, 'TWA2105', '44.9146628222', '-97.1525071583', 78, 'TWA2105', 'No Other Info', 'No Other Info', 0, 25, '', ''),
(9293, 'TWA2106', 2007, 'TWA2106', '44.914525875', '-97.1525083833', 78, 'TWA2106', 'No Other Info', 'No Other Info', 0, 25, '', ''),
(9294, 'TWA2107', 2007, 'TWA2107', '44.914402225', '-97.152510475', 78, 'TWA2107', 'No Other Info', 'No Other Info', 0, 25, '', ''),
(9295, 'TWA2108', 2007, 'TWA2108', '44.9142748111', '-97.1524731', 78, 'TWA2108', 'No Other Info', 'No Other Info', 0, 25, '', ''),
(9296, 'TWA2109', 2007, 'TWA2109', '44.9141550389', '-97.1523850194', 78, 'TWA2109', 'No Other Info', 'No Other Info', 0, 25, '', ''),
(9297, 'TWA211', 2007, 'TWA211', '44.9184584', '-97.157750925', 78, 'TWA211', 'No Other Info', 'No Other Info', 0, 22, '', ''),
(9298, 'TWA2110', 2007, 'TWA2110', '44.914059075', '-97.1522119167', 78, 'TWA2110', 'No Other Info', 'No Other Info', 0, 25, '', ''),
(9299, 'TWA2111', 2007, 'TWA2111', '44.9146916278', '-97.1535057694', 78, 'TWA2111', 'No Other Info', 'No Other Info', 0, 25, '', ''),
(9300, 'TWA2112', 2007, 'TWA2112', '44.9146347111', '-97.153346325', 78, 'TWA2112', 'No Other Info', 'No Other Info', 0, 25, '', ''),
(9301, 'TWA2113', 2007, 'TWA2113', '44.9146393222', '-97.1532077083', 78, 'TWA2113', 'No Other Info', 'No Other Info', 0, 25, '', ''),
(9302, 'TWA2114', 2007, 'TWA2114', '44.9146717667', '-97.1530662861', 78, 'TWA2114', 'No Other Info', 'No Other Info', 0, 25, '', ''),
(9303, 'TWA2115', 2007, 'TWA2115', '44.9147409056', '-97.15294315', 78, 'TWA2115', 'No Other Info', 'No Other Info', 0, 25, '', ''),
(9304, 'TWA2116', 2007, 'TWA2116', '44.9148337194', '-97.15286315', 78, 'TWA2116', 'No Other Info', 'No Other Info', 0, 25, '', ''),
(9305, 'TWA2117', 2007, 'TWA2117', '44.9149409833', '-97.1528331833', 78, 'TWA2117', 'No Other Info', 'No Other Info', 0, 25, '', ''),
(9306, 'TWA2118', 2007, 'TWA2118', '44.9150779417', '-97.1528323278', 78, 'TWA2118', 'No Other Info', 'No Other Info', 0, 25, '', ''),
(9307, 'TWA2119', 2007, 'TWA2119', '44.9151341861', '-97.1528320028', 78, 'TWA2119', 'No Other Info', 'No Other Info', 0, 25, '', ''),
(9308, 'TWA212', 2007, 'TWA212', '44.9181559028', '-97.1571333944', 78, 'TWA212', 'No Other Info', 'No Other Info', 0, 22, '', ''),
(9309, 'TWA2120', 2007, 'TWA2120', '44.9153313194', '-97.1528304944', 78, 'TWA2120', 'No Other Info', 'No Other Info', 0, 25, '', ''),
(9310, 'TWA2121', 2007, 'TWA2121', '44.915388075', '-97.1528303139', 78, 'TWA2121', 'No Other Info', 'No Other Info', 0, 25, '', ''),
(9311, 'TWA2122', 2007, 'TWA2122', '44.9155250417', '-97.1528286167', 78, 'TWA2122', 'No Other Info', 'No Other Info', 0, 25, '', ''),
(9312, 'TWA2123', 2007, 'TWA2123', '44.91564975', '-97.1528314361', 78, 'TWA2123', 'No Other Info', 'No Other Info', 0, 25, '', ''),
(9313, 'TWA2124', 2007, 'TWA2124', '44.9157611528', '-97.1528870806', 78, 'TWA2124', 'No Other Info', 'No Other Info', 0, 25, '', ''),
(9314, 'TWA2125', 2007, 'TWA2125', '44.9158534722', '-97.1530009861', 78, 'TWA2125', 'No Other Info', 'No Other Info', 0, 25, '', ''),
(9315, 'TWA2126', 2007, 'TWA2126', '44.9159373444', '-97.1532408611', 78, 'TWA2126', 'No Other Info', 'No Other Info', 0, 25, '', '');
INSERT INTO `tbl_inventory_sub_e` (`equipment_id`, `equipment_name`, `equipment_modelyear`, `equipment_modelnumber`, `equipment_lat`, `equipment_long`, `equipment_manufac_cb_int`, `equipment_serialnumber_a`, `equipment_serialnumber_b`, `equipment_serialnumber_c`, `equipment_archived_yn`, `equipment_type_cb_int`, `equipment_image_a`, `equipment_image_b`) VALUES
(9316, 'TWA2127', 2007, 'TWA2127', '44.9159371722', '-97.1531531444', 78, 'TWA2127', 'No Other Info', 'No Other Info', 0, 22, '', ''),
(9317, 'TWA2128', 2007, 'TWA2128', '44.9161800722', '-97.1535927333', 78, 'TWA2128', 'No Other Info', 'No Other Info', 0, 22, '', ''),
(9318, 'TWA2129', 2007, 'TWA2129', '44.9164889472', '-97.1541997194', 78, 'TWA2129', 'No Other Info', 'No Other Info', 0, 22, '', ''),
(9319, 'TWA213', 2007, 'TWA213', '44.9178532139', '-97.1565148417', 78, 'TWA213', 'No Other Info', 'No Other Info', 0, 22, '', ''),
(9320, 'TWA2130', 2007, 'TWA2130', '44.9167908222', '-97.1548168917', 78, 'TWA2130', 'No Other Info', 'No Other Info', 0, 22, '', ''),
(9321, 'TWA2131', 2007, 'TWA2131', '44.9170925611', '-97.1554342278', 78, 'TWA2131', 'No Other Info', 'No Other Info', 0, 22, '', ''),
(9322, 'TWA2132', 2007, 'TWA2132', '44.9173949139', '-97.1560517111', 78, 'TWA2132', 'No Other Info', 'No Other Info', 0, 22, '', ''),
(9323, 'TWA2133', 2007, 'TWA2133', '44.9176967278', '-97.1566696222', 78, 'TWA2133', 'No Other Info', 'No Other Info', 0, 22, '', ''),
(9324, 'TWA2134', 2007, 'TWA2134', '44.9179990722', '-97.1572862361', 78, 'TWA2134', 'No Other Info', 'No Other Info', 0, 22, '', ''),
(9325, 'TWA2135', 2007, 'TWA2135', '44.9183003111', '-97.1579040167', 78, 'TWA2135', 'No Other Info', 'No Other Info', 0, 22, '', ''),
(9326, 'TWA2136', 2007, 'TWA2136', '44.9186020556', '-97.1585206972', 78, 'TWA2136', 'No Other Info', 'No Other Info', 0, 22, '', ''),
(9327, 'TWA2137', 2007, 'TWA2137', '44.9189038528', '-97.1591374833', 78, 'TWA2137', 'No Other Info', 'No Other Info', 0, 22, '', ''),
(9328, 'TWA214', 2007, 'TWA214', '44.9175519917', '-97.155898525', 78, 'TWA214', 'No Other Info', 'No Other Info', 0, 22, '', ''),
(9329, 'TWA215', 2007, 'TWA215', '44.917250625', '-97.155282225', 78, 'TWA215', 'No Other Info', 'No Other Info', 0, 22, '', ''),
(9330, 'TWA216', 2007, 'TWA216', '44.9169484833', '-97.154663675', 78, 'TWA216', 'No Other Info', 'No Other Info', 0, 22, '', ''),
(9331, 'TWA217', 2007, 'TWA217', '44.9166474917', '-97.1540486722', 78, 'TWA217', 'No Other Info', 'No Other Info', 0, 22, '', ''),
(9332, 'TWA218', 2007, 'TWA218', '44.9163449417', '-97.1534290139', 78, 'TWA218', 'No Other Info', 'No Other Info', 0, 22, '', ''),
(9333, 'TWA22', 2007, 'TWA22', '44.9192052306', '-97.15975475', 78, 'TWA22', 'No Other Info', 'No Other Info', 0, 22, '', ''),
(9334, 'TWA220', 2007, 'TWA220', '44.9161209222', '-97.1529705333', 78, 'TWA220', 'No Other Info', 'No Other Info', 0, 22, '', ''),
(9335, 'TWA221', 2007, 'TWA221', '44.916043175', '-97.1528116444', 78, 'TWA221', 'No Other Info', 'No Other Info', 0, 22, '', ''),
(9336, 'TWA222', 2007, 'TWA222', '44.9159714333', '-97.1526656389', 78, 'TWA222', 'No Other Info', 'No Other Info', 0, 22, '', ''),
(9337, 'TWA223', 2007, 'TWA223', '44.9159011667', '-97.152521', 78, 'TWA223', 'No Other Info', 'No Other Info', 0, 22, '', ''),
(9338, 'TWA224', 2007, 'TWA224', '44.9158290083', '-97.1523727639', 78, 'TWA224', 'No Other Info', 'No Other Info', 0, 22, '', ''),
(9339, 'TWA225', 2007, 'TWA225', '44.9157568056', '-97.1522257389', 78, 'TWA225', 'No Other Info', 'No Other Info', 0, 22, '', ''),
(9340, 'TWA226', 2007, 'TWA226', '44.9156787056', '-97.1520662833', 78, 'TWA226', 'No Other Info', 'No Other Info', 0, 22, '', ''),
(9341, 'TWA227', 2007, 'TWA227', '44.9155802139', '-97.1518652556', 78, 'TWA227', 'No Other Info', 'No Other Info', 0, 22, '', ''),
(9342, 'TWA228', 2007, 'TWA228', '44.9154819278', '-97.1516655583', 78, 'TWA228', 'No Other Info', 'No Other Info', 0, 22, '', ''),
(9343, 'TWA229', 2007, 'TWA229', '44.9154056111', '-97.1515094056', 78, 'TWA229', 'No Other Info', 'No Other Info', 0, 22, '', ''),
(9344, 'TWA23', 2007, 'TWA23', '44.9192813583', '-97.15990945', 78, 'TWA23', 'No Other Info', 'No Other Info', 0, 22, '', ''),
(9345, 'TWA230', 2007, 'TWA230', '44.9153979833', '-97.1514349306', 78, 'TWA230', 'No Other Info', 'No Other Info', 0, 22, '', ''),
(9346, 'TWA231', 2007, 'TWA231', '44.9154295472', '-97.1513588444', 78, 'TWA231', 'No Other Info', 'No Other Info', 0, 22, '', ''),
(9347, 'TWA232', 2007, 'TWA232', '44.9154916278', '-97.1513329722', 78, 'TWA232', 'No Other Info', 'No Other Info', 0, 22, '', ''),
(9348, 'TWA233', 2007, 'TWA233', '44.9152910361', '-97.1508461111', 78, 'TWA233', 'No Other Info', 'No Other Info', 0, 22, '', ''),
(9349, 'TWA234', 2007, 'TWA234', '44.9151926194', '-97.150834975', 78, 'TWA234', 'No Other Info', 'No Other Info', 0, 22, '', ''),
(9350, 'TWA235', 2007, 'TWA235', '44.9150972167', '-97.1507851389', 78, 'TWA235', 'No Other Info', 'No Other Info', 0, 22, '', ''),
(9351, 'TWA236', 2007, 'TWA236', '44.9150162806', '-97.1507014333', 78, 'TWA236', 'No Other Info', 'No Other Info', 0, 22, '', ''),
(9352, 'TWA237', 2007, 'TWA237', '44.9149552333', '-97.150587675', 78, 'TWA237', 'No Other Info', 'No Other Info', 0, 22, '', ''),
(9353, 'TWA238', 2007, 'TWA238', '44.9149142028', '-97.1505033583', 78, 'TWA238', 'No Other Info', 'No Other Info', 0, 22, '', ''),
(9354, 'TWA239', 2007, 'TWA239', '44.91483715', '-97.1503457278', 78, 'TWA239', 'No Other Info', 'No Other Info', 0, 22, '', ''),
(9355, 'TWA24', 2007, 'TWA24', '44.9193461694', '-97.1600771167', 78, 'TWA24', 'No Other Info', 'No Other Info', 0, 22, '', ''),
(9356, 'TWA240', 2007, 'TWA240', '44.9146566111', '-97.1499774972', 78, 'TWA240', 'No Other Info', 'No Other Info', 0, 22, '', ''),
(9357, 'TWA241', 2007, 'TWA241', '44.9143936889', '-97.1494388667', 78, 'TWA241', 'No Other Info', 'No Other Info', 0, 22, '', ''),
(9358, 'TWA242', 2007, 'TWA242', '44.9141239306', '-97.1488880556', 78, 'TWA242', 'No Other Info', 'No Other Info', 0, 22, '', ''),
(9359, 'TWA243', 2007, 'TWA243', '44.9138597667', '-97.1483467444', 78, 'TWA243', 'No Other Info', 'No Other Info', 0, 22, '', ''),
(9360, 'TWA244', 2007, 'TWA244', '44.9135959417', '-97.14780825', 78, 'TWA244', 'No Other Info', 'No Other Info', 0, 22, '', ''),
(9361, 'TWA245', 2007, 'TWA245', '44.9133279139', '-97.1472612583', 78, 'TWA245', 'No Other Info', 'No Other Info', 0, 22, '', ''),
(9362, 'TWA246', 2007, 'TWA246', '44.9131329611', '-97.1468623833', 78, 'TWA246', 'No Other Info', 'No Other Info', 0, 26, '', ''),
(9363, 'TWA247', 2007, 'TWA247', '44.9130550944', '-97.1467035333', 78, 'TWA247', 'No Other Info', 'No Other Info', 0, 26, '', ''),
(9364, 'TWA248', 2007, 'TWA248', '44.9129681389', '-97.14656125', 78, 'TWA248', 'No Other Info', 'No Other Info', 0, 26, '', ''),
(9365, 'TWA249', 2007, 'TWA249', '44.9128573583', '-97.1464604278', 78, 'TWA249', 'No Other Info', 'No Other Info', 0, 26, '', ''),
(9366, 'TWA25', 2007, 'TWA25', '44.9194123222', '-97.16024045', 78, 'TWA25', 'No Other Info', 'No Other Info', 0, 22, '', ''),
(9367, 'TWA250', 2007, 'TWA250', '44.9127290056', '-97.1464057222', 78, 'TWA250', 'No Other Info', 'No Other Info', 0, 26, '', ''),
(9368, 'TWA251', 2007, 'TWA251', '44.9125979639', '-97.1463933417', 78, 'TWA251', 'No Other Info', 'No Other Info', 0, 26, '', ''),
(9369, 'TWA252', 2007, 'TWA252', '44.91246805', '-97.1464350194', 78, 'TWA252', 'No Other Info', 'No Other Info', 0, 26, '', ''),
(9370, 'TWA253', 2007, 'TWA253', '44.9123513472', '-97.1465226556', 78, 'TWA253', 'No Other Info', 'No Other Info', 0, 26, '', ''),
(9371, 'TWA254', 2007, 'TWA254', '44.9122349778', '-97.1466349667', 78, 'TWA254', 'No Other Info', 'No Other Info', 0, 26, '', ''),
(9372, 'TWA255', 2007, 'TWA255', '44.9121387778', '-97.1467280944', 78, 'TWA255', 'No Other Info', 'No Other Info', 0, 26, '', ''),
(9373, 'TWA256', 2007, 'TWA256', '44.9120386611', '-97.1468253083', 78, 'TWA256', 'No Other Info', 'No Other Info', 0, 26, '', ''),
(9374, 'TWA257', 2007, 'TWA257', '44.9119257083', '-97.1469343917', 78, 'TWA257', 'No Other Info', 'No Other Info', 0, 26, '', ''),
(9375, 'TWA258', 2007, 'TWA258', '44.9118165194', '-97.1470235167', 78, 'TWA258', 'No Other Info', 'No Other Info', 0, 26, '', ''),
(9376, 'TWA259', 2007, 'TWA259', '44.9117694056', '-97.1470635667', 78, 'TWA259', 'No Other Info', 'No Other Info', 0, 26, '', ''),
(9377, 'TWA260', 2007, 'TWA260', '44.9117245444', '-97.1471004778', 78, 'TWA260', 'No Other Info', 'No Other Info', 0, 26, '', ''),
(9378, 'TWA261', 2007, 'TWA261', '44.9116154333', '-97.1471889583', 78, 'TWA261', 'No Other Info', 'No Other Info', 0, 26, '', ''),
(9379, 'TWA262', 2007, 'TWA262', '44.9119819028', '-97.1479683944', 78, 'TWA262', 'No Other Info', 'No Other Info', 0, 26, '', ''),
(9380, 'TWA263', 2007, 'TWA263', '44.9119162694', '-97.1477996722', 78, 'TWA263', 'No Other Info', 'No Other Info', 0, 26, '', ''),
(9381, 'TWA264', 2007, 'TWA264', '44.9119031722', '-97.1476434778', 78, 'TWA264', 'No Other Info', 'No Other Info', 0, 26, '', ''),
(9382, 'TWA265', 2007, 'TWA265', '44.9119223583', '-97.1474753722', 78, 'TWA265', 'No Other Info', 'No Other Info', 0, 26, '', ''),
(9383, 'TWA266', 2007, 'TWA266', '44.9119763194', '-97.1473216444', 78, 'TWA266', 'No Other Info', 'No Other Info', 0, 26, '', ''),
(9384, 'TWA267', 2007, 'TWA267', '44.9120618139', '-97.1472002056', 78, 'TWA267', 'No Other Info', 'No Other Info', 0, 26, '', ''),
(9385, 'TWA268', 2007, 'TWA268', '44.9121712528', '-97.1470958361', 78, 'TWA268', 'No Other Info', 'No Other Info', 0, 26, '', ''),
(9386, 'TWA269', 2007, 'TWA269', '44.9122710194', '-97.1469988861', 78, 'TWA269', 'No Other Info', 'No Other Info', 0, 26, '', ''),
(9387, 'TWA270', 2007, 'TWA270', '44.9123691361', '-97.1469052222', 78, 'TWA270', 'No Other Info', 'No Other Info', 0, 26, '', ''),
(9388, 'TWA271', 2007, 'TWA271', '44.9124813361', '-97.1467970917', 78, 'TWA271', 'No Other Info', 'No Other Info', 0, 26, '', ''),
(9389, 'TWA272', 2007, 'TWA272', '44.9125823472', '-97.14673315', 78, 'TWA272', 'No Other Info', 'No Other Info', 0, 26, '', ''),
(9390, 'TWA273', 2007, 'TWA273', '44.9126920972', '-97.1467336306', 78, 'TWA273', 'No Other Info', 'No Other Info', 0, 26, '', ''),
(9391, 'TWA274', 2007, 'TWA274', '44.9127913222', '-97.1467901167', 78, 'TWA274', 'No Other Info', 'No Other Info', 0, 26, '', ''),
(9392, 'TWA275', 2007, 'TWA275', '44.9128732639', '-97.1469054111', 78, 'TWA275', 'No Other Info', 'No Other Info', 0, 26, '', ''),
(9393, 'TWA276', 2007, 'TWA276', '44.9129525778', '-97.1470480111', 78, 'TWA276', 'No Other Info', 'No Other Info', 0, 26, '', ''),
(9394, 'TWA277', 2007, 'TWA277', '44.9131668083', '-97.1474357306', 78, 'TWA277', 'No Other Info', 'No Other Info', 0, 22, '', ''),
(9395, 'TWA278', 2007, 'TWA278', '44.9134363111', '-97.1479606944', 78, 'TWA278', 'No Other Info', 'No Other Info', 0, 22, '', ''),
(9396, 'TWA279', 2007, 'TWA279', '44.9136991944', '-97.148496925', 78, 'TWA279', 'No Other Info', 'No Other Info', 0, 22, '', ''),
(9397, 'TWA28', 2007, 'TWA28', '44.9192843306', '-97.1594416611', 78, 'TWA28', 'No Other Info', 'No Other Info', 0, 22, '', ''),
(9398, 'TWA280', 2007, 'TWA280', '44.9139665722', '-97.1490415917', 78, 'TWA280', 'No Other Info', 'No Other Info', 0, 22, '', ''),
(9399, 'TWA281', 2007, 'TWA281', '44.9142339028', '-97.1495868806', 78, 'TWA281', 'No Other Info', 'No Other Info', 0, 22, '', ''),
(9400, 'TWA282', 2007, 'TWA282', '44.9145004417', '-97.1501307972', 78, 'TWA282', 'No Other Info', 'No Other Info', 0, 22, '', ''),
(9401, 'TWA283', 2007, 'TWA283', '44.914680125', '-97.1504981028', 78, 'TWA283', 'No Other Info', 'No Other Info', 0, 22, '', ''),
(9402, 'TWA284', 2007, 'TWA284', '44.9147549278', '-97.1506518583', 78, 'TWA284', 'No Other Info', 'No Other Info', 0, 22, '', ''),
(9403, 'TWA285', 2007, 'TWA285', '44.9147725056', '-97.1507196111', 78, 'TWA285', 'No Other Info', 'No Other Info', 0, 22, '', ''),
(9404, 'TWA286', 2007, 'TWA286', '44.9147503417', '-97.150805275', 78, 'TWA286', 'No Other Info', 'No Other Info', 0, 22, '', ''),
(9405, 'TWA287', 2007, 'TWA287', '44.9147027139', '-97.1508451222', 78, 'TWA287', 'No Other Info', 'No Other Info', 0, 22, '', ''),
(9406, 'TWA288', 2007, 'TWA288', '44.914841575', '-97.1513384056', 78, 'TWA288', 'No Other Info', 'No Other Info', 0, 22, '', ''),
(9407, 'TWA289', 2007, 'TWA289', '44.914966425', '-97.1513569306', 78, 'TWA289', 'No Other Info', 'No Other Info', 0, 22, '', ''),
(9408, 'TWA29', 2007, 'TWA29', '44.91906165', '-97.1589859194', 78, 'TWA29', 'No Other Info', 'No Other Info', 0, 22, '', ''),
(9409, 'TWA290', 2007, 'TWA290', '44.915058525', '-97.1514299361', 78, 'TWA290', 'No Other Info', 'No Other Info', 0, 22, '', ''),
(9410, 'TWA291', 2007, 'TWA291', '44.9151376556', '-97.1515403111', 78, 'TWA291', 'No Other Info', 'No Other Info', 0, 22, '', ''),
(9411, 'TWA292', 2007, 'TWA292', '44.9152116111', '-97.1516908722', 78, 'TWA292', 'No Other Info', 'No Other Info', 0, 22, '', ''),
(9412, 'TWA293', 2007, 'TWA293', '44.9152901611', '-97.1518506444', 78, 'TWA293', 'No Other Info', 'No Other Info', 0, 22, '', ''),
(9413, 'TWA294', 2007, 'TWA294', '44.9153890861', '-97.1520520861', 78, 'TWA294', 'No Other Info', 'No Other Info', 0, 22, '', ''),
(9414, 'TWA295', 2007, 'TWA295', '44.9154867167', '-97.1522518083', 78, 'TWA295', 'No Other Info', 'No Other Info', 0, 22, '', ''),
(9415, 'TWA296', 2007, 'TWA296', '44.9155666778', '-97.1524159944', 78, 'TWA296', 'No Other Info', 'No Other Info', 0, 25, '', ''),
(9416, 'TWA297', 2007, 'TWA297', '44.9155662194', '-97.1524698861', 78, 'TWA297', 'No Other Info', 'No Other Info', 0, 25, '', ''),
(9417, 'TWA298', 2007, 'TWA298', '44.9155222111', '-97.1524961389', 78, 'TWA298', 'No Other Info', 'No Other Info', 0, 25, '', ''),
(9418, 'TWA299', 2007, 'TWA299', '44.9153844639', '-97.1524982028', 78, 'TWA299', 'No Other Info', 'No Other Info', 0, 25, '', ''),
(9419, 'TWB012', 2007, 'TWB012', '44.9197363944', '-97.1596318083', 78, 'TWB012', 'No Other Info', 'No Other Info', 0, 40, '', ''),
(9420, 'TWB1', 2007, 'TWB1', '44.9194591472', '-97.1593872167', 78, 'TWB1', 'No Other Info', 'No Other Info', 0, 27, '', ''),
(9421, 'TWB10', 2007, 'TWB10', '44.9196848389', '-97.1597343389', 78, 'TWB10', 'No Other Info', 'No Other Info', 0, 27, '', ''),
(9422, 'TWB11', 2007, 'TWB11', '44.9196953056', '-97.1596250556', 78, 'TWB11', 'No Other Info', 'No Other Info', 0, 27, '', ''),
(9423, 'TWB13', 2007, 'TWB13', '44.919713525', '-97.1594366806', 78, 'TWB13', 'No Other Info', 'No Other Info', 0, 27, '', ''),
(9424, 'TWB14', 2007, 'TWB14', '44.9197621194', '-97.1589278889', 78, 'TWB14', 'No Other Info', 'No Other Info', 0, 27, '', ''),
(9425, 'TWB15', 2007, 'TWB15', '44.9198301167', '-97.1582302667', 78, 'TWB15', 'No Other Info', 'No Other Info', 0, 27, '', ''),
(9426, 'TWB16', 2007, 'TWB16', '44.9198971', '-97.1575331222', 78, 'TWB16', 'No Other Info', 'No Other Info', 0, 27, '', ''),
(9427, 'TWB17', 2007, 'TWB17', '44.9199649167', '-97.1568335667', 78, 'TWB17', 'No Other Info', 'No Other Info', 0, 27, '', ''),
(9428, 'TWB18', 2007, 'TWB18', '44.9200326056', '-97.1561366417', 78, 'TWB18', 'No Other Info', 'No Other Info', 0, 27, '', ''),
(9429, 'TWB19', 2007, 'TWB19', '44.9201000944', '-97.1554374444', 78, 'TWB19', 'No Other Info', 'No Other Info', 0, 27, '', ''),
(9430, 'TWB2', 2007, 'TWB2', '44.9194409167', '-97.1595784556', 78, 'TWB2', 'No Other Info', 'No Other Info', 0, 27, '', ''),
(9431, 'TWB20', 2007, 'TWB20', '44.9201672556', '-97.1547392056', 78, 'TWB20', 'No Other Info', 'No Other Info', 0, 27, '', ''),
(9432, 'TWB21', 2007, 'TWB21', '44.9202346722', '-97.154041875', 78, 'TWB21', 'No Other Info', 'No Other Info', 0, 27, '', ''),
(9433, 'TWB22', 2007, 'TWB22', '44.92030165', '-97.1533427833', 78, 'TWB22', 'No Other Info', 'No Other Info', 0, 27, '', ''),
(9434, 'TWB23', 2007, 'TWB23', '44.9203694139', '-97.152646725', 78, 'TWB23', 'No Other Info', 'No Other Info', 0, 27, '', ''),
(9435, 'TWB24', 2007, 'TWB24', '44.9204186778', '-97.1521365444', 78, 'TWB24', 'No Other Info', 'No Other Info', 0, 27, '', ''),
(9436, 'TWB25', 2007, 'TWB25', '44.920435075', '-97.1519651528', 78, 'TWB25', 'No Other Info', 'No Other Info', 0, 27, '', ''),
(9437, 'TWB26', 2007, 'TWB26', '44.9204524806', '-97.1517778111', 78, 'TWB26', 'No Other Info', 'No Other Info', 0, 27, '', ''),
(9438, 'TWB27', 2007, 'TWB27', '44.9204708667', '-97.1515905556', 78, 'TWB27', 'No Other Info', 'No Other Info', 0, 27, '', ''),
(9439, 'TWB28', 2007, 'TWB28', '44.92048775', '-97.1514088806', 78, 'TWB28', 'No Other Info', 'No Other Info', 0, 27, '', ''),
(9440, 'TWB29', 2007, 'TWB29', '44.9205216278', '-97.1513301194', 78, 'TWB29', 'No Other Info', 'No Other Info', 0, 27, '', ''),
(9441, 'TWB3', 2007, 'TWB3', '44.9194077556', '-97.1596283333', 78, 'TWB3', 'No Other Info', 'No Other Info', 0, 27, '', ''),
(9442, 'TWB30', 2007, 'TWB30', '44.9205866833', '-97.1513023667', 78, 'TWB30', 'No Other Info', 'No Other Info', 0, 27, '', ''),
(9443, 'TWB31', 2007, 'TWB31', '44.9198018917', '-97.1513137611', 78, 'TWB31', 'No Other Info', 'No Other Info', 0, 27, '', ''),
(9444, 'TWB32', 2007, 'TWB32', '44.9199293722', '-97.1513185056', 78, 'TWB32', 'No Other Info', 'No Other Info', 0, 27, '', ''),
(9445, 'TWB33', 2007, 'TWB33', '44.9200321889', '-97.1514141167', 78, 'TWB33', 'No Other Info', 'No Other Info', 0, 27, '', ''),
(9446, 'TWB34', 2007, 'TWB34', '44.9201215556', '-97.1515497667', 78, 'TWB34', 'No Other Info', 'No Other Info', 0, 27, '', ''),
(9447, 'TWB35', 2007, 'TWB35', '44.9201743361', '-97.151717475', 78, 'TWB35', 'No Other Info', 'No Other Info', 0, 27, '', ''),
(9448, 'TWB36', 2007, 'TWB36', '44.9201828639', '-97.1518992306', 78, 'TWB36', 'No Other Info', 'No Other Info', 0, 27, '', ''),
(9449, 'TWB37', 2007, 'TWB37', '44.9201645944', '-97.1520894861', 78, 'TWB37', 'No Other Info', 'No Other Info', 0, 27, '', ''),
(9450, 'TWB38', 2007, 'TWB38', '44.9201152889', '-97.1525988306', 78, 'TWB38', 'No Other Info', 'No Other Info', 0, 27, '', ''),
(9451, 'TWB39', 2007, 'TWB39', '44.9200474528', '-97.1532960444', 78, 'TWB39', 'No Other Info', 'No Other Info', 0, 27, '', ''),
(9452, 'TWB39', 2007, 'TWB39', '44.9199809056', '-97.1539924472', 78, 'TWB39', 'No Other Info', 'No Other Info', 0, 27, '', ''),
(9453, 'TWB4', 2007, 'TWB4', '44.9193635222', '-97.1596024528', 78, 'TWB4', 'No Other Info', 'No Other Info', 0, 22, '', ''),
(9454, 'TWB40', 2007, 'TWB40', '44.9199809194', '-97.1539924361', 78, 'TWB40', 'No Other Info', 'No Other Info', 0, 27, '', ''),
(9455, 'TWB41', 2007, 'TWB41', '44.9199123972', '-97.1546918417', 78, 'TWB41', 'No Other Info', 'No Other Info', 0, 27, '', ''),
(9456, 'TWB42', 2007, 'TWB42', '44.91984515', '-97.1553894028', 78, 'TWB42', 'No Other Info', 'No Other Info', 0, 27, '', ''),
(9457, 'TWB43', 2007, 'TWB43', '44.9197779528', '-97.1560887806', 78, 'TWB43', 'No Other Info', 'No Other Info', 0, 27, '', ''),
(9458, 'TWB44', 2007, 'TWB44', '44.9197106889', '-97.1567856167', 78, 'TWB44', 'No Other Info', 'No Other Info', 0, 27, '', ''),
(9459, 'TWB45', 2007, 'TWB45', '44.9196434889', '-97.1574844306', 78, 'TWB45', 'No Other Info', 'No Other Info', 0, 27, '', ''),
(9460, 'TWB46', 2007, 'TWB46', '44.9195758778', '-97.1581799028', 78, 'TWB46', 'No Other Info', 'No Other Info', 0, 27, '', ''),
(9461, 'TWB47', 2007, 'TWB47', '44.9195079306', '-97.1588800944', 78, 'TWB47', 'No Other Info', 'No Other Info', 0, 27, '', ''),
(9462, 'TWB5', 2007, 'TWB5', '44.9198407361', '-97.1599347056', 78, 'TWB5', 'No Other Info', 'No Other Info', 0, 27, '', ''),
(9463, 'TWB6', 2007, 'TWB6', '44.9198096306', '-97.1599879639', 78, 'TWB6', 'No Other Info', 'No Other Info', 0, 27, '', ''),
(9464, 'TWB7', 2007, 'TWB7', '44.9197658333', '-97.1599873556', 78, 'TWB7', 'No Other Info', 'No Other Info', 0, 27, '', ''),
(9465, 'TWB8', 2007, 'TWB8', '44.9197132444', '-97.1599242111', 78, 'TWB8', 'No Other Info', 'No Other Info', 0, 27, '', ''),
(9466, 'TWB9', 2007, 'TWB9', '44.9196746028', '-97.1598410194', 78, 'TWB9', 'No Other Info', 'No Other Info', 0, 27, '', ''),
(9467, 'TWC017', 2007, 'TWC017', '44.9083887639', '-97.1524852111', 78, 'TWC017', 'No Other Info', 'No Other Info', 0, 41, '', ''),
(9468, 'TWC042', 2007, 'TWC042', '44.9070771778', '-97.1524927', 78, 'TWC042', 'No Other Info', 'No Other Info', 0, 41, '', ''),
(9469, 'TWC085', 2007, 'TWC085', '44.9070820833', '-97.1528644889', 78, 'TWC085', 'No Other Info', 'No Other Info', 0, 41, '', ''),
(9470, 'TWC1', 2007, 'TWC1', '44.9134472833', '-97.1518344389', 78, 'TWC1', 'No Other Info', 'No Other Info', 0, 28, '', ''),
(9471, 'TWC10', 2007, 'TWC10', '44.9116338194', '-97.1525207944', 78, 'TWC10', 'No Other Info', 'No Other Info', 0, 28, '', ''),
(9472, 'TWC100', 2007, 'TWC100', '44.9121528417', '-97.152786475', 78, 'TWC100', 'No Other Info', 'No Other Info', 0, 28, '', ''),
(9473, 'TWC101', 2007, 'TWC101', '44.9126699583', '-97.152783125', 78, 'TWC101', 'No Other Info', 'No Other Info', 0, 28, '', ''),
(9474, 'TWC102', 2007, 'TWC102', '44.9130805944', '-97.1527822833', 78, 'TWC102', 'No Other Info', 'No Other Info', 0, 28, '', ''),
(9475, 'TWC103', 2007, 'TWC103', '44.9132194389', '-97.1527818861', 78, 'TWC103', 'No Other Info', 'No Other Info', 0, 28, '', ''),
(9476, 'TWC104', 2007, 'TWC104', '44.9133549694', '-97.1527798889', 78, 'TWC104', 'No Other Info', 'No Other Info', 0, 28, '', ''),
(9477, 'TWC105', 2007, 'TWC105', '44.9134496306', '-97.1527781667', 78, 'TWC105', 'No Other Info', 'No Other Info', 0, 28, '', ''),
(9478, 'TWC106', 2007, 'TWC106', '44.9135390444', '-97.1527765111', 78, 'TWC106', 'No Other Info', 'No Other Info', 0, 28, '', ''),
(9479, 'TWC107', 2007, 'TWC107', '44.913674375', '-97.1527754972', 78, 'TWC107', 'No Other Info', 'No Other Info', 0, 28, '', ''),
(9480, 'TWC108', 2007, 'TWC108', '44.9137998389', '-97.1527988667', 78, 'TWC108', 'No Other Info', 'No Other Info', 0, 28, '', ''),
(9481, 'TWC109', 2007, 'TWC109', '44.9139203083', '-97.15287545', 78, 'TWC109', 'No Other Info', 'No Other Info', 0, 28, '', ''),
(9482, 'TWC11', 2007, 'TWC11', '44.9111153528', '-97.1525240833', 78, 'TWC11', 'No Other Info', 'No Other Info', 0, 28, '', ''),
(9483, 'TWC110', 2007, 'TWC110', '44.9140113611', '-97.1529784389', 78, 'TWC110', 'No Other Info', 'No Other Info', 0, 28, '', ''),
(9484, 'TWC12', 2007, 'TWC12', '44.9105973639', '-97.1525265444', 78, 'TWC12', 'No Other Info', 'No Other Info', 0, 28, '', ''),
(9485, 'TWC13', 2007, 'TWC13', '44.9100797778', '-97.1525298917', 78, 'TWC13', 'No Other Info', 'No Other Info', 0, 28, '', ''),
(9486, 'TWC14', 2007, 'TWC14', '44.9095616611', '-97.1525329639', 78, 'TWC14', 'No Other Info', 'No Other Info', 0, 28, '', ''),
(9487, 'TWC15', 2007, 'TWC15', '44.9090447167', '-97.1525359806', 78, 'TWC15', 'No Other Info', 'No Other Info', 0, 28, '', ''),
(9488, 'TWC16', 2007, 'TWC16', '44.9085271583', '-97.1525390917', 78, 'TWC16', 'No Other Info', 'No Other Info', 0, 28, '', ''),
(9489, 'TWC18', 2007, 'TWC18', '44.9081457861', '-97.1524986528', 78, 'TWC18', 'No Other Info', 'No Other Info', 0, 30, '', ''),
(9490, 'TWC19', 2007, 'TWC19', '44.9080111944', '-97.15248495', 78, 'TWC19', 'No Other Info', 'No Other Info', 0, 30, '', ''),
(9491, 'TWC2', 2007, 'TWC2', '44.9135028361', '-97.1519936056', 78, 'TWC2', 'No Other Info', 'No Other Info', 0, 28, '', ''),
(9492, 'TWC20', 2007, 'TWC20', '44.9079417028', '-97.1524526167', 78, 'TWC20', 'No Other Info', 'No Other Info', 0, 30, '', ''),
(9493, 'TWC21', 2007, 'TWC21', '44.9078873417', '-97.1523722194', 78, 'TWC21', 'No Other Info', 'No Other Info', 0, 30, '', ''),
(9494, 'TWC22', 2007, 'TWC22', '44.9078722611', '-97.1522967028', 78, 'TWC22', 'No Other Info', 'No Other Info', 0, 30, '', ''),
(9495, 'TWC23', 2007, 'TWC23', '44.9078721278', '-97.1522030556', 78, 'TWC23', 'No Other Info', 'No Other Info', 0, 30, '', ''),
(9496, 'TWC24', 2007, 'TWC24', '44.9078711278', '-97.1520992806', 78, 'TWC24', 'No Other Info', 'No Other Info', 0, 30, '', ''),
(9497, 'TWC25', 2007, 'TWC25', '44.9078861833', '-97.1518760167', 78, 'TWC25', 'No Other Info', 'No Other Info', 0, 30, '', ''),
(9498, 'TWC26', 2007, 'TWC26', '44.9079545028', '-97.1516784028', 78, 'TWC26', 'No Other Info', 'No Other Info', 0, 30, '', ''),
(9499, 'TWC27', 2007, 'TWC27', '44.9080583833', '-97.1515212944', 78, 'TWC27', 'No Other Info', 'No Other Info', 0, 30, '', ''),
(9500, 'TWC28', 2007, 'TWC28', '44.9081910528', '-97.1514139083', 78, 'TWC28', 'No Other Info', 'No Other Info', 0, 30, '', ''),
(9501, 'TWC29', 2007, 'TWC29', '44.9083467056', '-97.1513796222', 78, 'TWC29', 'No Other Info', 'No Other Info', 0, 30, '', ''),
(9502, 'TWC3', 2007, 'TWC3', '44.9134912833', '-97.1521807083', 78, 'TWC3', 'No Other Info', 'No Other Info', 0, 28, '', ''),
(9503, 'TWC30', 2007, 'TWC30', '44.9070918278', '-97.1513838139', 78, 'TWC30', 'No Other Info', 'No Other Info', 0, 30, '', ''),
(9504, 'TWC31', 2007, 'TWC31', '44.90727165', '-97.1514245972', 78, 'TWC31', 'No Other Info', 'No Other Info', 0, 30, '', ''),
(9505, 'TWC32', 2007, 'TWC32', '44.9074047861', '-97.1515259083', 78, 'TWC32', 'No Other Info', 'No Other Info', 0, 30, '', ''),
(9506, 'TWC33', 2007, 'TWC33', '44.9075107111', '-97.1516900333', 78, 'TWC33', 'No Other Info', 'No Other Info', 0, 30, '', ''),
(9507, 'TWC34', 2007, 'TWC34', '44.9075780389', '-97.1518827333', 78, 'TWC34', 'No Other Info', 'No Other Info', 0, 30, '', ''),
(9508, 'TWC35', 2007, 'TWC35', '44.9075953111', '-97.1521004528', 78, 'TWC35', 'No Other Info', 'No Other Info', 0, 30, '', ''),
(9509, 'TWC36', 2007, 'TWC36', '44.9075955778', '-97.15220295', 78, 'TWC36', 'No Other Info', 'No Other Info', 0, 30, '', ''),
(9510, 'TWC37', 2007, 'TWC37', '44.9075951667', '-97.1523054111', 78, 'TWC37', 'No Other Info', 'No Other Info', 0, 30, '', ''),
(9511, 'TWC38', 2007, 'TWC38', '44.9075833167', '-97.1523754611', 78, 'TWC38', 'No Other Info', 'No Other Info', 0, 30, '', ''),
(9512, 'TWC39', 2007, 'TWC39', '44.90752915', '-97.1524605667', 78, 'TWC39', 'No Other Info', 'No Other Info', 0, 30, '', ''),
(9513, 'TWC4', 2007, 'TWC4', '44.9134315778', '-97.1523458417', 78, 'TWC4', 'No Other Info', 'No Other Info', 0, 28, '', ''),
(9514, 'TWC40', 2007, 'TWC40', '44.9074612639', '-97.1524885194', 78, 'TWC40', 'No Other Info', 'No Other Info', 0, 30, '', ''),
(9515, 'TWC41', 2007, 'TWC41', '44.9073240028', '-97.1525041944', 78, 'TWC41', 'No Other Info', 'No Other Info', 0, 30, '', ''),
(9516, 'TWC43', 2007, 'TWC43', '44.9069174194', '-97.1525484944', 78, 'TWC43', 'No Other Info', 'No Other Info', 0, 28, '', ''),
(9517, 'TWC44', 2007, 'TWC44', '44.9063745028', '-97.1525515194', 78, 'TWC44', 'No Other Info', 'No Other Info', 0, 28, '', ''),
(9518, 'TWC45', 2007, 'TWC45', '44.9058311833', '-97.1525548583', 78, 'TWC45', 'No Other Info', 'No Other Info', 0, 28, '', ''),
(9519, 'TWC46', 2007, 'TWC46', '44.90528965', '-97.1525581611', 78, 'TWC46', 'No Other Info', 'No Other Info', 0, 28, '', ''),
(9520, 'TWC47', 2007, 'TWC47', '44.904747325', '-97.1525616889', 78, 'TWC47', 'No Other Info', 'No Other Info', 0, 28, '', ''),
(9521, 'TWC48', 2007, 'TWC48', '44.9042053139', '-97.1525641333', 78, 'TWC48', 'No Other Info', 'No Other Info', 0, 28, '', ''),
(9522, 'TWC49', 2007, 'TWC49', '44.9036629944', '-97.1525677667', 78, 'TWC49', 'No Other Info', 'No Other Info', 0, 28, '', ''),
(9523, 'TWC5', 2007, 'TWC5', '44.9133336472', '-97.1524611778', 78, 'TWC5', 'No Other Info', 'No Other Info', 0, 28, '', ''),
(9524, 'TWC50', 2007, 'TWC50', '44.9031191278', '-97.1525710222', 78, 'TWC50', 'No Other Info', 'No Other Info', 0, 28, '', ''),
(9525, 'TWC51', 2007, 'TWC51', '44.9025779417', '-97.1525742167', 78, 'TWC51', 'No Other Info', 'No Other Info', 0, 28, '', ''),
(9526, 'TWC52', 2007, 'TWC52', '44.9021811056', '-97.1525399639', 78, 'TWC52', 'No Other Info', 'No Other Info', 0, 29, '', ''),
(9527, 'TWC53', 2007, 'TWC53', '44.9020454028', '-97.1525281167', 78, 'TWC53', 'No Other Info', 'No Other Info', 0, 29, '', ''),
(9528, 'TWC54', 2007, 'TWC54', '44.9019713444', '-97.1524957306', 78, 'TWC54', 'No Other Info', 'No Other Info', 0, 29, '', ''),
(9529, 'TWC55', 2007, 'TWC55', '44.9019173639', '-97.1524271444', 78, 'TWC55', 'No Other Info', 'No Other Info', 0, 29, '', ''),
(9530, 'TWC56', 2007, 'TWC56', '44.9018960417', '-97.1523270417', 78, 'TWC56', 'No Other Info', 'No Other Info', 0, 29, '', ''),
(9531, 'TWC57', 2007, 'TWC57', '44.9018953389', '-97.1521588444', 78, 'TWC57', 'No Other Info', 'No Other Info', 0, 29, '', ''),
(9532, 'TWC58', 2007, 'TWC58', '44.90189385', '-97.1519866472', 78, 'TWC58', 'No Other Info', 'No Other Info', 0, 29, '', ''),
(9533, 'TWC59', 2007, 'TWC59', '44.9019114444', '-97.1518170639', 78, 'TWC59', 'No Other Info', 'No Other Info', 0, 29, '', ''),
(9534, 'TWC6', 2007, 'TWC6', '44.913211275', '-97.1525059222', 78, 'TWC6', 'No Other Info', 'No Other Info', 0, 28, '', ''),
(9535, 'TWC60', 2007, 'TWC60', '44.9019696167', '-97.1516441139', 78, 'TWC60', 'No Other Info', 'No Other Info', 0, 29, '', ''),
(9536, 'TWC61', 2007, 'TWC61', '44.9020646056', '-97.1515111139', 78, 'TWC61', 'No Other Info', 'No Other Info', 0, 29, '', ''),
(9537, 'TWC62', 2007, 'TWC62', '44.9021580278', '-97.1514316611', 78, 'TWC62', 'No Other Info', 'No Other Info', 0, 29, '', ''),
(9538, 'TWC63', 2007, 'TWC63', '44.9023160389', '-97.1514127028', 78, 'TWC63', 'No Other Info', 'No Other Info', 0, 29, '', ''),
(9539, 'TWC64', 2007, 'TWC64', '44.9016254528', '-97.1514147778', 78, 'TWC64', 'No Other Info', 'No Other Info', 0, 29, '', ''),
(9540, 'TWC67', 2007, 'TWC67', '44.9016239111', '-97.1517948167', 78, 'TWC67', 'No Other Info', 'No Other Info', 0, 30, '', ''),
(9541, 'TWC68', 2007, 'TWC68', '44.9016236', '-97.1519890194', 78, 'TWC68', 'No Other Info', 'No Other Info', 0, 29, '', ''),
(9542, 'TWC69', 2007, 'TWC69', '44.9016233583', '-97.1521671556', 78, 'TWC69', 'No Other Info', 'No Other Info', 0, 29, '', ''),
(9543, 'TWC7', 2007, 'TWC7', '44.9130695111', '-97.1525069972', 78, 'TWC7', 'No Other Info', 'No Other Info', 0, 28, '', ''),
(9544, 'TWC70', 2007, 'TWC70', '44.9016228639', '-97.1523500389', 78, 'TWC70', 'No Other Info', 'No Other Info', 0, 29, '', ''),
(9545, 'TWC71', 2007, 'TWC71', '44.9016508472', '-97.1525634611', 78, 'TWC71', 'No Other Info', 'No Other Info', 0, 29, '', ''),
(9546, 'TWC72', 2007, 'TWC72', '44.9017423833', '-97.1527321222', 78, 'TWC72', 'No Other Info', 'No Other Info', 0, 29, '', ''),
(9547, 'TWC73', 2007, 'TWC73', '44.9018961944', '-97.1528424111', 78, 'TWC73', 'No Other Info', 'No Other Info', 0, 29, '', ''),
(9548, 'TWC74', 2007, 'TWC74', '44.9020367833', '-97.1528465944', 78, 'TWC74', 'No Other Info', 'No Other Info', 0, 29, '', ''),
(9549, 'TWC75', 2007, 'TWC75', '44.9021729361', '-97.1528449833', 78, 'TWC75', 'No Other Info', 'No Other Info', 0, 29, '', ''),
(9550, 'TWC76', 2007, 'TWC76', '44.9025784694', '-97.1528433722', 78, 'TWC76', 'No Other Info', 'No Other Info', 0, 28, '', ''),
(9551, 'TWC77', 2007, 'TWC77', '44.9031219361', '-97.1528405833', 78, 'TWC77', 'No Other Info', 'No Other Info', 0, 28, '', ''),
(9552, 'TWC78', 2007, 'TWC78', '44.9036633694', '-97.1528360583', 78, 'TWC78', 'No Other Info', 'No Other Info', 0, 28, '', ''),
(9553, 'TWC79', 2007, 'TWC79', '44.9042068139', '-97.1528332222', 78, 'TWC79', 'No Other Info', 'No Other Info', 0, 28, '', ''),
(9554, 'TWC8', 2007, 'TWC8', '44.9126668944', '-97.1525147778', 78, 'TWC8', 'No Other Info', 'No Other Info', 0, 28, '', ''),
(9555, 'TWC80', 2007, 'TWC80', '44.9047489056', '-97.1528294556', 78, 'TWC80', 'No Other Info', 'No Other Info', 0, 28, '', ''),
(9556, 'TWC81', 2007, 'TWC81', '44.9052916611', '-97.1528262861', 78, 'TWC81', 'No Other Info', 'No Other Info', 0, 28, '', ''),
(9557, 'TWC82', 2007, 'TWC82', '44.9058343528', '-97.1528245833', 78, 'TWC82', 'No Other Info', 'No Other Info', 0, 28, '', ''),
(9558, 'TWC83', 2007, 'TWC83', '44.9063747083', '-97.1528202194', 78, 'TWC83', 'No Other Info', 'No Other Info', 0, 28, '', ''),
(9559, 'TWC84', 2007, 'TWC84', '44.9069196889', '-97.1528168722', 78, 'TWC84', 'No Other Info', 'No Other Info', 0, 28, '', ''),
(9560, 'TWC86', 2007, 'TWC86', '44.9073241056', '-97.1528149944', 78, 'TWC86', 'No Other Info', 'No Other Info', 0, 30, '', ''),
(9561, 'TWC87', 2007, 'TWC87', '44.9074618833', '-97.1528147889', 78, 'TWC87', 'No Other Info', 'No Other Info', 0, 30, '', ''),
(9562, 'TWC88', 2007, 'TWC88', '44.9076005722', '-97.1528137333', 78, 'TWC88', 'No Other Info', 'No Other Info', 0, 30, '', ''),
(9563, 'TWC89', 2007, 'TWC89', '44.9077344333', '-97.1528127917', 78, 'TWC89', 'No Other Info', 'No Other Info', 0, 30, '', ''),
(9564, 'TWC9', 2007, 'TWC9', '44.9121508083', '-97.1525169861', 78, 'TWC9', 'No Other Info', 'No Other Info', 0, 28, '', ''),
(9565, 'TWC90', 2007, 'TWC90', '44.9078729333', '-97.1528120083', 78, 'TWC90', 'No Other Info', 'No Other Info', 0, 30, '', ''),
(9566, 'TWC91', 2007, 'TWC91', '44.9080094722', '-97.1528108806', 78, 'TWC91', 'No Other Info', 'No Other Info', 0, 30, '', ''),
(9567, 'TWC92', 2007, 'TWC92', '44.908147975', '-97.1528102694', 78, 'TWC92', 'No Other Info', 'No Other Info', 0, 30, '', ''),
(9568, 'TWC93', 2007, 'TWC93', '44.9085281583', '-97.1528080417', 78, 'TWC93', 'No Other Info', 'No Other Info', 0, 28, '', ''),
(9569, 'TWC94', 2007, 'TWC94', '44.9090462639', '-97.1528042611', 78, 'TWC94', 'No Other Info', 'No Other Info', 0, 28, '', ''),
(9570, 'TWC95', 2007, 'TWC95', '44.9095646139', '-97.1528012639', 78, 'TWC95', 'No Other Info', 'No Other Info', 0, 28, '', ''),
(9571, 'TWC96', 2007, 'TWC96', '44.9100814278', '-97.1527986639', 78, 'TWC96', 'No Other Info', 'No Other Info', 0, 28, '', ''),
(9572, 'TWC97', 2007, 'TWC97', '44.9105987889', '-97.1527955917', 78, 'TWC97', 'No Other Info', 'No Other Info', 0, 28, '', ''),
(9573, 'TWC98', 2007, 'TWC98', '44.9111166639', '-97.1527919333', 78, 'TWC98', 'No Other Info', 'No Other Info', 0, 28, '', ''),
(9574, 'TWC99', 2007, 'TWC99', '44.9116362389', '-97.1527901556', 78, 'TWC99', 'No Other Info', 'No Other Info', 0, 28, '', ''),
(9576, 'REIL 17b2', 2007, 'REIL 17b2', '44.92068056', '-97.15154722', 78, 'RIEL', 'No Other Info', 'No Other Info', 0, 21, '', ''),
(9579, 'MALSR 35b1', 2007, 'Threshold Bar Lights', '', '', 78, 'MALSR', 'UseME', 'No Other Info', 0, 33, '', ''),
(9580, 'MALSR 35b2', 2007, 'Steadyburn Lights', '', '', 78, 'MALSR', 'UseME', 'No Other Info', 0, 34, '', ''),
(9581, 'MALSR 35b3', 2007, 'Sequence Flasher Lights', '', '', 78, 'MALSR', 'UseME', 'No Other Info', 0, 35, '', '');

-- --------------------------------------------------------

--
-- Table structure for table `tbl_inventory_sub_e_link_p_to_t`
--

CREATE TABLE IF NOT EXISTS `tbl_inventory_sub_e_link_p_to_t` (
  `inv_e_link_p2t_id` int(11) NOT NULL AUTO_INCREMENT COMMENT 'ID of this Record',
  `inv_e_link_p2t_name` text NOT NULL COMMENT 'Name of this Record',
  `inv_e_link_p2t_part_id` int(11) NOT NULL COMMENT 'ID of Part to Link Type to',
  `inv_e_link_p2t_type_id` int(11) NOT NULL COMMENT 'ID to Type to Link to Part',
  `inv_e_link_p2t_hidden_yn` int(11) NOT NULL DEFAULT '0' COMMENT 'Hidden 0: No | 1: Yes',
  PRIMARY KEY (`inv_e_link_p2t_id`),
  KEY `inv_e_link_p2t_part_id` (`inv_e_link_p2t_part_id`,`inv_e_link_p2t_type_id`),
  KEY `inv_e_link_p2t_type_id` (`inv_e_link_p2t_type_id`)
) ENGINE=InnoDB  DEFAULT CHARSET=latin1 COMMENT='Table to store relationship between Equipment Type and Part' AUTO_INCREMENT=29 ;

--
-- Dumping data for table `tbl_inventory_sub_e_link_p_to_t`
--

INSERT INTO `tbl_inventory_sub_e_link_p_to_t` (`inv_e_link_p2t_id`, `inv_e_link_p2t_name`, `inv_e_link_p2t_part_id`, `inv_e_link_p2t_type_id`, `inv_e_link_p2t_hidden_yn`) VALUES
(1, 'One Light Used per Fixture', 9, 32, 0),
(3, 'Two Lights Used per Fixture', 11, 36, 0),
(4, 'One LED Light Fixture used per Light', 12, 13, 0),
(5, 'Two Lights Used per Fixture', 5, 15, 0),
(6, 'Three Lights are used in each PAPI box', 4, 37, 0),
(7, 'One light Used per Fixture', 1, 16, 0),
(8, 'One light used per fixture', 14, 20, 0),
(9, 'One Light Used per Fixture', 3, 17, 0),
(10, 'Four Lights are used per Fixture', 4, 18, 0),
(11, 'Three Lights are used per Fixture', 4, 38, 0),
(12, 'One Light Used per Fixture', 14, 21, 0),
(13, 'One Light Used per Fixture', 2, 19, 0),
(14, 'The number of bulbs needed per fixture depends on the size of the size. ', 7, 41, 0),
(15, 'The number of bulbs needed per fixture depends on the size of the size. ', 6, 40, 0),
(16, 'Three Lights Used per Fixture', 8, 31, 0),
(17, 'One Light Used per Fixture', 9, 31, 0),
(18, 'One Light Used per Fixture', 12, 22, 0),
(19, 'One Light Used per Fixture', 12, 23, 0),
(20, 'One Light Used per Fixture', 12, 24, 0),
(21, 'One Light Used per Fixture', 12, 25, 0),
(22, 'One Light Used per Fixture', 12, 26, 0),
(23, 'One Light Used per Fixture', 12, 27, 0),
(24, 'One Light Used per Fixture', 12, 28, 0),
(25, 'One Light Used per Fixture', 12, 29, 0),
(26, 'One Light Used per Fixture', 12, 30, 0),
(27, 'Five Light Used per Fixture', 16, 34, 0),
(28, 'One Light Used per Fixture', 15, 35, 0);

-- --------------------------------------------------------

--
-- Table structure for table `tbl_inventory_sub_e_sub_p`
--

CREATE TABLE IF NOT EXISTS `tbl_inventory_sub_e_sub_p` (
  `inv_e_sub_t_p_id` int(11) NOT NULL AUTO_INCREMENT COMMENT 'Primary ID of this Record',
  `inv_e_sub_t_p_name` text NOT NULL COMMENT 'Name of this Part',
  `inv_e_sub_t_p_link` text NOT NULL COMMENT 'HTML Link to website',
  `inv_e_sub_t_p_hidden_id` int(11) NOT NULL DEFAULT '0' COMMENT 'Hidden 0: No | 1: Yes',
  PRIMARY KEY (`inv_e_sub_t_p_id`)
) ENGINE=InnoDB  DEFAULT CHARSET=latin1 AUTO_INCREMENT=17 ;

--
-- Dumping data for table `tbl_inventory_sub_e_sub_p`
--

INSERT INTO `tbl_inventory_sub_e_sub_p` (`inv_e_sub_t_p_id`, `inv_e_sub_t_p_name`, `inv_e_sub_t_p_link`, `inv_e_sub_t_p_hidden_id`) VALUES
(0, 'NO PARTS', 'NO LINK', 0),
(1, 'LAMP EXM 45W 6.6A QUARTZ - GE BRAND', 'http://www.rwylites.com/partphotos/EXLlamp.jpg', 0),
(2, 'LAMP EZL 200W 6.6A QUARTZ BIPIN - GE BRAND', 'http://www.rwylites.com/partphotos/FlatFil.jpg', 0),
(3, 'LAMP EWR 150W 6.6A QUARTZ - GE BRAND', 'http://www.rwylites.com/partphotos/FlatFil.jpg', 0),
(4, 'LAMP Q200T4CL 200W 6.6A QUARTZ BI-PIN - GE BRAND', 'http://www.rwylites.com/partphotos/T4-CC.jpg', 0),
(5, 'LAMP OS-64337A48-15 48W 6.6A MR16, WITH (2) FEMALE CONNECTORS', 'http://www.rwylites.com/partphotos/OS-64337A48.jpg', 0),
(6, 'LAMP 40T10P 40W 120V T10 INCAND', 'http://www.rwylites.com/partphotos/T10lamp.jpg', 0),
(7, 'LAMP XTL 20W Quartz Lamp', 'http://www.lumacurve.com/pdf/Parts-Electrical_XTL.pdf.pdf', 0),
(8, 'LAMP 35-Watt GY8.6 Capsule Dimmable Halogen Light Bulb - Philips Brand', 'http://www.homedepot.com/catalog/productImages/300/ba/ba3ce428-970b-4e2e-80fd-d0b8671c4d3a_300.jpg', 0),
(9, 'LAMP 150W Household Bulb', '', 0),
(11, 'Temporary Hold Record for Rotating Beacon Light', '', 0),
(12, 'LED Taxiway Light Fixture - CROOSE HINDS BRAND', '', 0),
(13, 'Temporary Record for Threshold MALSR Lights', '', 0),
(14, 'Temporary Record for Runway End Alignment Indicator Light Bulbs', '', 0),
(15, 'Temporary Record for Sequencal Falsher MALSR Lights', '', 0),
(16, 'Temporary Record for Steady Burn MALSR Lights', '', 0);

-- --------------------------------------------------------

--
-- Table structure for table `tbl_inventory_sub_e_sub_t`
--

CREATE TABLE IF NOT EXISTS `tbl_inventory_sub_e_sub_t` (
  `equipment_sub_type_id` int(11) NOT NULL AUTO_INCREMENT,
  `equipment_sub_type_name` text,
  `equipment_sub_type_icon` text NOT NULL COMMENT 'Name of Icon to display',
  `equipment_sub_type_slaved_id` int(11) NOT NULL DEFAULT '0' COMMENT 'ID of the Equipment Type this Equipment Type belongs to',
  `equipment_sub_type_archived_yn` tinyint(1) NOT NULL DEFAULT '0',
  PRIMARY KEY (`equipment_sub_type_id`),
  KEY `equipment_sub_type_slaved_id` (`equipment_sub_type_slaved_id`)
) ENGINE=InnoDB  DEFAULT CHARSET=latin1 AUTO_INCREMENT=42 ;

--
-- Dumping data for table `tbl_inventory_sub_e_sub_t`
--

INSERT INTO `tbl_inventory_sub_e_sub_t` (`equipment_sub_type_id`, `equipment_sub_type_name`, `equipment_sub_type_icon`, `equipment_sub_type_slaved_id`, `equipment_sub_type_archived_yn`) VALUES
(0, 'NO EQUIPMENT SUB TYPE', 'icon_unknown', 0, 0),
(3, 'Runway Survey Markers', 'icon_e_runway', 0, 0),
(8, 'Ramp', 'icon_e_ramp', 0, 0),
(11, 'Ceiling Light', 'icon_e_cl', 0, 0),
(12, 'Global Position Marker', 'icon_e_gps', 0, 0),
(13, 'Rwy 12/30 - Edge Lights', 'icon_e_rlight', 0, 0),
(15, 'Rwy 12/30 - Inset Light', 'icon_e_rlight', 0, 0),
(16, 'Rwy 12/30 - Threshold Lights', 'icon_e_rlight', 0, 0),
(17, 'Rwy 17/35 - Edge Lights', 'icon_e_rlight', 0, 0),
(18, 'Rwy 17/35 - Inset Lights', 'icon_e_rlight', 0, 0),
(19, 'Rwy 17/35 - Threshold Lights', 'icon_e_rlight', 0, 0),
(20, 'Rwy 12/30 - Runway End Ident Light', 'icon_e_reil', 0, 0),
(21, 'Rwy 17/35 - Runway End Ident Light', 'icon_e_reil', 0, 0),
(22, 'Twy A - Edge Light', 'icon_e_tlight', 0, 0),
(23, 'Twy A/1 - Edge Light', 'icon_e_tlight', 0, 0),
(24, 'Twy A/2 - Edge Light', 'icon_e_tlight', 0, 0),
(25, 'Twy A/3 - Edge Light', 'icon_e_tlight', 0, 0),
(26, 'Twy A/4 - Edge Light', 'icon_e_tlight', 0, 0),
(27, 'Twy B - Edge Light', 'icon_e_tlight', 0, 0),
(28, 'Twy C - Edge Light', 'icon_e_tlight', 0, 0),
(29, 'Twy C/1 - Edge Light', 'icon_e_tlight', 0, 0),
(30, 'Twy C/2 - Edge Light', 'icon_e_tlight', 0, 0),
(31, 'Wind Cone - Lights', 'icon_e_unknown', 0, 0),
(32, 'Obstruction - Light', 'icon_e_unknown', 0, 0),
(33, 'MALSR - Threshold Bar', 'icon_e_malsr', 0, 0),
(34, 'MASLR - Steady Burn Lights', 'icon_e_malsr', 0, 0),
(35, 'MALSR - Sequencal Flashers', 'icon_e_malsr', 0, 0),
(36, 'Rotating Beacon', 'icon_e_unknown', 0, 0),
(37, 'Rwy 12/30 - PAPI', 'icon_e_papi', 0, 0),
(38, 'Rwy 17/35 - PAPI', 'icon_e_papi', 0, 0),
(40, 'Sign - Siemens (ADB)', 'icon_e_sign', 0, 0),
(41, 'Sign - Lumicurve', 'icon_e_sign', 0, 0);

-- --------------------------------------------------------

--
-- Table structure for table `tbl_inventory_sub_p_link_p_to_t`
--

CREATE TABLE IF NOT EXISTS `tbl_inventory_sub_p_link_p_to_t` (
  `inv_p_link_p2t_id` int(11) NOT NULL AUTO_INCREMENT COMMENT 'ID of this Record',
  `inv_p_link_p2t_name` text NOT NULL COMMENT 'Name of this Record',
  `inv_p_link_p2t_part_id` int(11) NOT NULL COMMENT 'ID of Part to Link Type to',
  `inv_p_link_p2t_type_id` int(11) NOT NULL COMMENT 'ID to Type to Link to Part',
  `inv_p_link_p2t_hidden_yn` int(11) NOT NULL DEFAULT '0' COMMENT 'Hidden 0: No | 1: Yes',
  PRIMARY KEY (`inv_p_link_p2t_id`),
  KEY `inv_p_link_p2t_part_id` (`inv_p_link_p2t_part_id`),
  KEY `inv_p_link_p2t_type_id` (`inv_p_link_p2t_type_id`)
) ENGINE=InnoDB  DEFAULT CHARSET=latin1 COMMENT='Table to store relationship between Equipment Type and Part' AUTO_INCREMENT=17 ;

--
-- Dumping data for table `tbl_inventory_sub_p_link_p_to_t`
--

INSERT INTO `tbl_inventory_sub_p_link_p_to_t` (`inv_p_link_p2t_id`, `inv_p_link_p2t_name`, `inv_p_link_p2t_part_id`, `inv_p_link_p2t_type_id`, `inv_p_link_p2t_hidden_yn`) VALUES
(1, '', 0, 19, 0),
(2, '', 0, 20, 0),
(3, '', 0, 17, 0),
(4, '', 0, 4, 0),
(5, '', 0, 3, 0),
(6, '', 0, 18, 0),
(7, '', 0, 5, 0),
(8, '', 0, 8, 0),
(10, '', 0, 9, 0),
(11, '', 0, 10, 0),
(12, '', 0, 11, 0),
(13, '', 0, 6, 0),
(14, '', 0, 7, 0),
(15, '', 0, 12, 0),
(16, '', 0, 13, 0);

-- --------------------------------------------------------

--
-- Table structure for table `tbl_inventory_sub_p_sub_p`
--

CREATE TABLE IF NOT EXISTS `tbl_inventory_sub_p_sub_p` (
  `inv_p_sub_t_p_id` int(11) NOT NULL AUTO_INCREMENT COMMENT 'Primary ID of this Record',
  `inv_p_sub_t_p_name` text NOT NULL COMMENT 'Name of this Part',
  `inv_p_sub_t_p_link` text NOT NULL COMMENT 'HTML Link to website',
  `inv_p_sub_t_p_hidden_id` int(11) NOT NULL DEFAULT '0' COMMENT 'Hidden 0: No | 1: Yes',
  PRIMARY KEY (`inv_p_sub_t_p_id`)
) ENGINE=InnoDB DEFAULT CHARSET=latin1 AUTO_INCREMENT=1 ;

--
-- Dumping data for table `tbl_inventory_sub_p_sub_p`
--

INSERT INTO `tbl_inventory_sub_p_sub_p` (`inv_p_sub_t_p_id`, `inv_p_sub_t_p_name`, `inv_p_sub_t_p_link`, `inv_p_sub_t_p_hidden_id`) VALUES
(0, 'NO PARTS', '', 0);

-- --------------------------------------------------------

--
-- Table structure for table `tbl_navigational_control`
--

CREATE TABLE IF NOT EXISTS `tbl_navigational_control` (
  `menu_item_id` int(10) NOT NULL AUTO_INCREMENT,
  `menu_item_location` longtext,
  `menu_item_name_long` longtext,
  `menu_item_name_short` longtext,
  `menu_item_purpose` longtext,
  `menu_item_slaved_to_id` int(10) DEFAULT NULL,
  `menu_item_root_yn` int(1) DEFAULT '0',
  `menu_item_icon` text,
  `menu_item_archived_yn` tinyint(1) DEFAULT '0',
  KEY `menu_item_id` (`menu_item_id`),
  KEY `menu_item_slaved_to_id` (`menu_item_slaved_to_id`)
) ENGINE=InnoDB  DEFAULT CHARSET=latin1 AUTO_INCREMENT=46 ;

--
-- Dumping data for table `tbl_navigational_control`
--

INSERT INTO `tbl_navigational_control` (`menu_item_id`, `menu_item_location`, `menu_item_name_long`, `menu_item_name_short`, `menu_item_purpose`, `menu_item_slaved_to_id`, `menu_item_root_yn`, `menu_item_icon`, `menu_item_archived_yn`) VALUES
(3, NULL, '14 CFR Part 139.301 Records', '301', 'Menu Root Item', NULL, 1, NULL, 0),
(4, NULL, '14 CFR Part 139.303 Personnel', '303', 'Menu Root Item', NULL, 1, 'icons_people.png', 0),
(5, NULL, '14 CFR Part 139.305 Paved Areas', '305', 'Menu Root Item', NULL, 1, NULL, 0),
(6, NULL, '14 CFR Part 139.307 Unpaved Areas', '307', 'Menu Root Item', NULL, 1, NULL, 0),
(7, NULL, '14 CFR Part 139.309 Safety Areas', '309', 'Menu Root Item', NULL, 1, NULL, 0),
(8, NULL, '14 CFR Part 139.311 Marking, Signs, and Lighting', '311', 'Menu Root Item', NULL, 1, NULL, 0),
(9, NULL, '14 CFR Part 139.313 Snow and Ice Control', '313', 'Menu Root Item', NULL, 1, NULL, 0),
(10, NULL, '14 CFR Part 139.315 Aircraft Rescue and Firefighting: Index Determination', '315', 'Menu Root Item', NULL, 1, NULL, 0),
(11, NULL, '14 CFR Part 139.317 Aircraft Rescue and Firefighting: Equipment and agents', '317', 'Menu Root Item', NULL, 1, NULL, 0),
(12, NULL, '14 CFR Part 139.319 Aircraft Rescue and Firefighting: Operational Requirements', '319', 'Menu Root Item', NULL, 1, NULL, 0),
(13, NULL, '14 CFR Part 139.321 Handling and storing of hazardous substances and materials', '321', 'Menu Root Item', NULL, 1, NULL, 0),
(14, NULL, '14 CFR Part 139.323 Traffic and Wind Direction Indicators', '323', 'Menu Root Item', NULL, 1, NULL, 0),
(15, NULL, '14 CFR Part 139.325 Airport Emergency Plan', '325', 'Menu Root Item', NULL, 1, NULL, 0),
(16, NULL, '14 CFR Part 139.327 Self-Inspection Program', '327', 'Menu Root Item', NULL, 1, 'icons_magglass.png', 0),
(17, NULL, '14 CFR Part 139.329 Pedestrians and ground vehicles', '329', 'Menu Root Item', NULL, 1, NULL, 0),
(18, NULL, '14 CFR Part 139.331 Obstructions', '331', 'Menu Root Item', NULL, 1, NULL, 0),
(19, NULL, '14 CFR Part 139.333 Protection of NAVAIDS', '333', 'Menu Root Item', NULL, 1, 'icons_light.png', 0),
(20, NULL, '14 CFR Part 139.335 Public Protection', '335', 'Menu Root Item', NULL, 1, NULL, 0),
(21, NULL, '14 CFR Part 139.337 Wildlife Hazard Management', '337', 'Menu Root Item', NULL, 1, 'icons_hat.png', 0),
(22, NULL, '14 CFR Part 139.339 Airport Condition Reporting', '339', 'Menu Root Item', NULL, 1, 'icons_paperplane.png', 0),
(23, NULL, '14 CFR Part 139.341 Identifying, marking, and lighting construction and other unservicable areas', '341', 'Menu Root Item', NULL, 1, NULL, 0),
(24, NULL, '14 CFR Part 139.343 Noncomplying conditions', '343', 'Menu Root Item', NULL, 1, NULL, 0),
(25, 'part139303_c_report_browse.php', '14 CFR Part 139.303 Personnel (c) - Browse Records', '303.c Browse', 'Browse Part 139.303 Personnel (c) Records', 37, 0, 'icons_magglass.png', 0),
(26, 'part139303_c_report_enter_new.php', '14 CFR Part 139.303 Personnel (c) - Enter New Records', '303.c New', '14 CFR Part 139.303 Personnel (c) - Enter New Records', 37, 0, 'icons_add.png', 0),
(27, 'part139327_report_browse.php', '14 CFR Part 139.327 Self-Inspection Program - Browse Records', '327 Browse', '14 CFR Part 139.327 Self-Inspection Program - Browse Records', 16, 0, 'icons_magglass.png', 0),
(28, 'part139327_report_enter_new.php', '14 CFR Part 139.327 Self-Inspection Program - Enter New Record', '327 New', '14 CFR Part 139.327 Self-Inspection Program - Enter New Record', 16, 0, 'icons_add.png', 0),
(29, 'part139327_discrepancy_report_browse.php', '14 CFR Part 139.327 Self-Inspection Program - Monitor Discrepancies', '327 Monitor', 'View Discrepancies (Active and Inactive)', 16, 0, 'icons_monitor.png', 0),
(30, 'part139337_report_browse.php', '14 CFR Part 139.337 Wildlife Hazard Management - Browse Reports', '337 Browse', 'View WLHM Reports', 21, 0, 'icons_magglass.png', 0),
(31, 'part139337_report_enter_new.php', '14 CFR Part 139.337 Wildlife Hazard Management - Enter New Record', '337 New', 'Used to enter new WLHM Actions', 21, 0, 'icons_add.png', 0),
(32, 'part139333_report_enter_new.php', '14 CFR Part 139.333 Navaids - Enter New Records', '333 New', 'The purpose of this entry is to enter new Part 139.333 Navaid Inspections', 19, 0, 'icons_add.png', 0),
(33, 'part139333_report_browse.php', '14 CFR Part 139.333 Navaid - Browse Records', '333 Browse', 'Browse Part 139.333 Navaid Inspection Reports', 19, 0, 'icons_magglass.png', 0),
(34, 'NULL', 'NULL', 'NULL', 'NULL', NULL, 0, NULL, 0),
(35, 'part139303_a_report_browse.php', '14 CFR Part 139.303 Personnel (a) - Browse Personnel Records', '303.a Browse', 'List all 14 CFR Part 139.303 (a) Personnel', 36, 0, 'icons_magglass.png', 0),
(36, NULL, '14 CFR Part 139.303 Personnel (a)', '303 (a)', 'Menu Structure for 14 CFR Part 139.303 Personnel (a) Options', 4, 0, NULL, 0),
(37, NULL, '14 CFR Part 139.303 Personnel (c)', '303 (c)', 'Menu Structure for 14 CFR Part 139.303 Personnel (c) Options', 4, 0, NULL, 0),
(38, 'part139303_a_report_enter_new.php', '14 CFR Part 139.303 Personnel (a) - Enter New Record', '303.a New', 'The purpose of this option is to add a new 14 CFR PArt 139.303 Personnel (c) Personnel Record', 36, 0, 'icons_add.png', 0),
(39, NULL, '14 CFR Part 139.339 (b) Airport condition reporting', '339 (b)', 'Menu Structure for 14 CFR Part 139.303 (b) Airport condition reporting - Options', 22, 0, NULL, 0),
(40, NULL, '14 CFR Part 139.339 (c) Airport condition reporting', '339 (c)', 'Menu Structure for 14 CFR Part 139.339 (c) Airport condition reporting - Options', 22, 0, NULL, 0),
(41, 'part139339_b_report_enter_new.php', '14 CFR Part 139.339 (b) Airport Condition Reporting - Enter New Records', '339.b New', 'The purpose of this entry is to enter new Part 139.339 (b) ', 39, 0, 'icons_add.png', 0),
(42, 'part139339_b_report_browse.php', '14 CFR Part 139.339 (b) Airport Condition Reporting - Browse Records', '339.b Browse', 'The purpose of this browse Part 139.339 (b) ', 39, 0, 'icons_magglass.png', 0),
(43, 'part139339_c_report_enter_new.php', '14 CFR Part 139.339 (c) Airport Condition Reporting - Enter New Records', '339.c New', 'The purpose of this entry is to enter new Part 139.339 (c) ', 40, 0, 'icons_add.png', 0),
(44, 'part139339_c_report_browse.php', '14 CFR Part 139.339 (c) Airport Condition Reporting - Browse Records', '339.c Browse', 'The purpose of this browse Part 139.339 (b) ', 40, 0, 'icons_magglass.png', 0),
(45, 'part139339_c_discrepancy_report_browse.php', '14 CFR Part 139.339 (c) Airport Condition Reporting - Monitor Anomalies', '339.c Monitor', 'View Anomalies', 40, 0, 'icons_monitor.png', 0);

-- --------------------------------------------------------

--
-- Table structure for table `tbl_navigational_control_g`
--

CREATE TABLE IF NOT EXISTS `tbl_navigational_control_g` (
  `navigational_groups_id` int(10) NOT NULL AUTO_INCREMENT,
  `navigational_groups_name` varchar(255) DEFAULT NULL,
  `navigational_groups_archived_yn` tinyint(1) NOT NULL DEFAULT '0' COMMENT 'is record archived?',
  PRIMARY KEY (`navigational_groups_id`)
) ENGINE=InnoDB  DEFAULT CHARSET=latin1 AUTO_INCREMENT=3 ;

--
-- Dumping data for table `tbl_navigational_control_g`
--

INSERT INTO `tbl_navigational_control_g` (`navigational_groups_id`, `navigational_groups_name`, `navigational_groups_archived_yn`) VALUES
(1, 'System Administrator', 0),
(2, 'Airport FTE', 0);

-- --------------------------------------------------------

--
-- Table structure for table `tbl_navigational_control_g_a`
--

CREATE TABLE IF NOT EXISTS `tbl_navigational_control_g_a` (
  `navigational_access_id` int(10) NOT NULL AUTO_INCREMENT,
  `navigational_groups_id_cb_int` int(10) DEFAULT NULL,
  `navigational_groups_id_cb_txt` varchar(50) DEFAULT NULL,
  `navigational_control_id_cb_int` int(10) DEFAULT NULL,
  `navigational_control_id_cb_txt` longtext,
  `navigational_archived_yn` tinyint(1) NOT NULL DEFAULT '0' COMMENT 'is record archived?',
  PRIMARY KEY (`navigational_access_id`),
  KEY `navigational_groups_id_cb_int_2` (`navigational_groups_id_cb_int`),
  KEY `navigational_control_id_cb_int` (`navigational_control_id_cb_int`)
) ENGINE=InnoDB  DEFAULT CHARSET=latin1 AUTO_INCREMENT=50 ;

--
-- Dumping data for table `tbl_navigational_control_g_a`
--

INSERT INTO `tbl_navigational_control_g_a` (`navigational_access_id`, `navigational_groups_id_cb_int`, `navigational_groups_id_cb_txt`, `navigational_control_id_cb_int`, `navigational_control_id_cb_txt`, `navigational_archived_yn`) VALUES
(1, 1, NULL, 3, NULL, 0),
(2, 1, NULL, 4, NULL, 0),
(3, 1, NULL, 5, NULL, 0),
(4, 1, NULL, 6, NULL, 0),
(5, 1, NULL, 7, NULL, 0),
(6, 1, NULL, 8, NULL, 0),
(8, 1, NULL, 9, NULL, 0),
(9, 1, NULL, 10, NULL, 0),
(10, 1, NULL, 11, NULL, 0),
(11, 1, NULL, 12, NULL, 0),
(12, 1, NULL, 13, NULL, 0),
(13, 1, NULL, 14, NULL, 0),
(14, 1, NULL, 15, NULL, 0),
(15, 1, NULL, 16, NULL, 0),
(16, 1, NULL, 17, NULL, 0),
(17, 1, NULL, 18, NULL, 0),
(18, 1, NULL, 19, NULL, 0),
(19, 1, NULL, 20, NULL, 0),
(20, 1, NULL, 21, NULL, 0),
(21, 1, NULL, 22, NULL, 0),
(22, 1, NULL, 23, NULL, 0),
(23, 1, NULL, 24, NULL, 0),
(24, 1, NULL, 25, NULL, 0),
(25, 1, NULL, 26, NULL, 0),
(26, 1, NULL, 27, NULL, 0),
(27, 1, NULL, 28, NULL, 0),
(29, 1, NULL, 30, NULL, 0),
(30, 1, NULL, 31, NULL, 0),
(31, 1, NULL, 33, NULL, 0),
(32, 1, NULL, 32, NULL, 0),
(33, 1, NULL, 36, NULL, 0),
(34, 1, NULL, 35, NULL, 0),
(35, 1, NULL, 37, NULL, 0),
(36, 1, NULL, 38, NULL, 0),
(40, 1, NULL, 39, NULL, 0),
(41, 1, NULL, 40, NULL, 0),
(42, 1, NULL, 41, NULL, 0),
(43, 1, NULL, 42, NULL, 0),
(44, 1, NULL, 43, NULL, 0),
(47, 1, NULL, 45, NULL, 0),
(48, 1, NULL, 44, NULL, 0),
(49, 1, NULL, 29, NULL, 0);

-- --------------------------------------------------------

--
-- Table structure for table `tbl_organization_main`
--

CREATE TABLE IF NOT EXISTS `tbl_organization_main` (
  `Organizations_id` int(10) NOT NULL AUTO_INCREMENT,
  `org_name` varchar(50) DEFAULT NULL,
  `org_type_cb_int` int(10) DEFAULT NULL,
  `org_type_cb_text` varchar(50) DEFAULT NULL,
  `org_address` longtext,
  `org_image` varchar(255) DEFAULT NULL,
  `org_archieved_yn` tinyint(1) NOT NULL DEFAULT '0',
  `org_phonenumber` text,
  `org_faxnumber` text,
  `org_email` text,
  PRIMARY KEY (`Organizations_id`),
  KEY `org_type_cb_int` (`org_type_cb_int`)
) ENGINE=InnoDB  DEFAULT CHARSET=latin1 AUTO_INCREMENT=102 ;

--
-- Dumping data for table `tbl_organization_main`
--

INSERT INTO `tbl_organization_main` (`Organizations_id`, `org_name`, `org_type_cb_int`, `org_type_cb_text`, `org_address`, `org_image`, `org_archieved_yn`, `org_phonenumber`, `org_faxnumber`, `org_email`) VALUES
(0, 'NO ORGANIZATION', NULL, NULL, NULL, NULL, 0, NULL, NULL, NULL),
(1, 'Mesaba Airlines - ATY', 1, NULL, NULL, NULL, 0, NULL, NULL, NULL),
(2, 'Priority Air', 7, NULL, NULL, NULL, 0, NULL, NULL, NULL),
(3, 'Business Aviation Couriers', 2, NULL, '3501 N Aviation Ave * Joe Foss Field * Sioux Falls, South Dakota 57104-0197', 'http://www.busav.com/BAC/images/logo.gif', 0, '', '', ''),
(4, 'City of Watertown - Airport Department', 3, NULL, '2416 Boeing Ave * Watertown * SD * 57201', NULL, 0, NULL, NULL, NULL),
(5, 'Federal Aviation Administration', 6, NULL, NULL, NULL, 0, NULL, NULL, NULL),
(6, 'Guest Account', 5, NULL, NULL, NULL, 0, NULL, NULL, NULL),
(7, 'Jerriy''s Aviation', 2, NULL, NULL, NULL, 0, NULL, NULL, NULL),
(8, 'Transportation Security Administration', 6, NULL, NULL, NULL, 0, NULL, NULL, NULL),
(9, 'City of Watertown - Fire Department', 3, NULL, NULL, NULL, 0, NULL, NULL, NULL),
(10, 'Mesaba Airlines - PIR', 1, NULL, NULL, NULL, 0, NULL, NULL, NULL),
(11, 'O''Day Equipment', 8, NULL, 'unknown', NULL, 0, NULL, NULL, NULL),
(12, 'Home Brew', 9, NULL, '2416 Boeing Ave. * Watertown * SD * 57201', NULL, 0, NULL, NULL, NULL),
(13, 'Sioux Valley Co-Op (Cenex)', 10, NULL, 'unknown', NULL, 0, NULL, NULL, NULL),
(14, 'Woods', 8, NULL, '2606 South Illinois Route 2 * Post Office Box 1000 * Oregon, Illinois 61061', NULL, 0, NULL, NULL, NULL),
(15, 'Sweepster', 8, NULL, '', NULL, 0, NULL, NULL, NULL),
(16, 'Western', 8, NULL, '', NULL, 0, NULL, NULL, NULL),
(17, 'Oshkosh', 8, NULL, '', NULL, 0, NULL, NULL, NULL),
(18, 'New Holland', 8, NULL, '', NULL, 0, NULL, NULL, NULL),
(19, 'John Deere', 8, NULL, '', NULL, 0, NULL, NULL, NULL),
(20, 'Grass Hopper', 8, NULL, '', NULL, 0, NULL, NULL, NULL),
(21, 'FWD', 8, NULL, '', NULL, 0, NULL, NULL, NULL),
(22, 'Chevrolet', 8, NULL, '', NULL, 0, NULL, NULL, NULL),
(23, 'Ford', 8, NULL, '', NULL, 0, NULL, NULL, NULL),
(24, 'Titian', 8, NULL, '', NULL, 0, NULL, NULL, NULL),
(25, 'Wausau', 8, NULL, '', NULL, 0, NULL, NULL, NULL),
(26, 'Stocky', 8, NULL, '', NULL, 0, NULL, NULL, NULL),
(27, 'Broyhill', 8, NULL, '', NULL, 0, NULL, NULL, NULL),
(28, 'General Motors Company', 8, NULL, '', NULL, 0, NULL, NULL, NULL),
(29, 'Idaho Norland', 8, NULL, '', NULL, 0, NULL, NULL, NULL),
(30, 'Jamie''s Welding', 8, NULL, '', NULL, 0, NULL, NULL, NULL),
(31, 'Kubota', 8, NULL, '', NULL, 0, NULL, NULL, NULL),
(33, 'Falls', 8, NULL, '', NULL, 0, NULL, NULL, NULL),
(34, 'Swenson', 8, NULL, '', NULL, 0, NULL, NULL, NULL),
(35, 'Heil', 8, NULL, '', NULL, 0, NULL, NULL, NULL),
(36, 'Glendhily', 8, NULL, '', NULL, 0, NULL, NULL, NULL),
(37, 'Monro', 8, NULL, '', NULL, 0, NULL, NULL, NULL),
(38, 'Normen - Harrington', 8, NULL, '', NULL, 0, NULL, NULL, NULL),
(39, 'Determan Brownie', 8, NULL, '', NULL, 0, NULL, NULL, NULL),
(46, 'Alan Henricks', 11, NULL, '45673 166th St. Watertown, SD 57201', 'images/org_photos/Alan_Henricks/', 0, '605-882-1618', '', ''),
(47, 'Angus  Palm', 8, NULL, '315 Airport Drive, Watertown, SD, 57201', 'images/org_photos/Angus__Palm/anguspalm.GIF', 0, '605-886-5681', '605-886-6179', 'info@angus-palm.com'),
(48, 'Billy Davis', 11, NULL, '11230 Montaubon Way, San Diego, CA, 92131', 'images/org_photos/Billy_Davis/', 0, '', '', ''),
(49, 'Bob Schmidt', 11, NULL, '19042 427th Ave, Willow Lake, SD, 57278', 'images/org_photos/Bob_Schmidt/', 0, '', '', ''),
(50, 'Bruce Duba', 11, NULL, '17 17th Ave SW, Watertown, SD, 57201', 'images/org_photos/Bruce_Duba/', 0, '605-730-2244', '', 'frankiebr549@msn.com'),
(51, 'Bryan Brost', 11, NULL, '16641 450th Ave, Watertown, SD, 57201', 'images/org_photos/Bryan_Brost/', 0, '605-868-4291', '', ''),
(52, 'Codington County Search and Dive Rescue', 8, NULL, '', 'images/org_photos/Codington_County_Search_and_Dive_Rescue/', 0, '', '', ''),
(53, 'Gayle Small', 11, NULL, '1410 13th NE, Watertown, SD, 57201', 'images/org_photos/Gayle_Small/', 0, '', '', ''),
(54, 'Gerald  Kasuske', 11, NULL, '474 South Lake Dr, Watertown, SD, 57201-5433', 'images/org_photos/Gerald__Kasuske/', 0, '605-886-7577', '', ''),
(55, 'Gordon  Little', 11, NULL, '45676 176 St, Watertown, SD, 57201', 'images/org_photos/Gordon__Little/', 0, '605-882-1262', '', ''),
(56, 'Harvey Spieker', 11, NULL, '529 South Lake Drive, Watertown, SD, 57201', 'images/org_photos/Harvey_Spieker/', 0, '605-886-5048', '', ''),
(57, 'Joseph  Amendt', 11, NULL, 'Watertown, SD, 57201', 'images/org_photos/Joseph__Amendt/', 0, '605-886-3661', '', ''),
(58, 'Lake City Cab Co Inc', 8, NULL, '', 'images/org_photos/Lake_City_Cab_Co_Inc/', 0, '605-886-0080', '', ''),
(59, 'Lake Area echnical Institute', 8, NULL, '230 11th St NE, PO BOX 730, Watertown, SD, 57201', 'images/org_photos/Lake_Area_echnical_Institute/lati.GIF', 0, '800-657-4344', '', 'rehderh@lakeareatech.edu'),
(60, 'Larry Gantvoort', 11, NULL, 'PO BOX 683, Clear Lake, SD, 57226', 'images/org_photos/Larry_Gantvoort/', 0, '417-532-8112', '', 'transamcontracting@earthlink.net'),
(61, 'Lonnie Davis', 11, NULL, 'PO BOX 175, Watertown, SD, 57201', 'images/org_photos/Lonnie_Davis/', 0, '605-882-1060', '', 'ldavis@datatruck.com'),
(62, 'McKeevers Full Service Vending', 8, NULL, '807 Oakwood Rd, Watertown, SD, 57201', '', 0, '605-886-7677', '', ''),
(63, 'Ronald Whitlock', 11, NULL, '1500 3rd Ave SW #24, Watertown, SD, 57201', 'images/org_photos/Ronald_Whitlock/', 0, '', '', ''),
(64, 'Ronald Madsen', 11, NULL, '428 28th Ave NE, Watertown, SD, 57201', 'images/org_photos/Ronald_Madsen/', 0, '605-886-39058', '', 'rcmadsen@dailypost.com'),
(65, 'Sandy Theye', 11, NULL, '', 'images/org_photos/Sandy_Theye/', 0, '', '', ''),
(66, 'Scott Campbell', 11, NULL, 'Wedding Ln, Garden City, SD, 57236', 'images/org_photos/Scott_Campbell/', 0, '605-532-5277', '', 'dakchip@itetel.com'),
(67, 'Scott Simon', 11, NULL, '717 9th St NW, Watertown, SD, 57201', 'images/org_photos/Scott_Simon/', 0, '605-886-1901', '', ''),
(68, 'Super 8 Hotel', 8, NULL, '503 14th Ave SE, Watertown, SD, 57201', 'images/org_photos/Super_8_Hotel/', 0, '605-882-1900', '', ''),
(69, 'Thomas Burns', 11, NULL, 'PO BOX 903, Watertown, SD, 57201', 'images/org_photos/Thomas_Burns/', 0, '', '', ''),
(70, 'Tim Peterson', 11, NULL, '1209 Ave SE, Watertown, SD, 57201', 'images/org_photos/Tim_Peterson/', 0, '605-882-3990', '', 'tim@petersonmotors.net'),
(71, 'Tom Arbach', 11, NULL, '317 Summerwood Dr, Watertown, SD, 57201', 'images/org_photos/Tom_Arbach/', 0, '', '', ''),
(72, 'Gray Construction', 8, NULL, '', NULL, 0, '', '', ''),
(73, 'Wes Wilkens', 11, NULL, '44574 US Highway 212, Watertown, SD 57201', 'images/org_photos/Wes_Wilkens/', 0, '605-881-0661', '', 'wilkens@dailypost.com'),
(74, 'Lynn Hoitsma', 11, NULL, 'Castlewood, SD', 'images/org_photos/Lynn_Hoitsma/', 0, '605-793-2341', '', 'lHoitsma@itctel.com'),
(75, 'B&L Trucking', 11, NULL, '16323 456th Ave. Watertown, SD, 57201', 'images/org_photos/B&L_Trucking/', 0, '605-520-1587', '', 'bob@designconcrete4u.com'),
(76, 'Jim Aesoph', 11, NULL, '45826 169th St., Watertown, SD, 57201', 'images/org_photos/Jim_Aesoph/', 0, '605-882-3351', '', 'JBA@tnics.com'),
(77, 'Billion Automotive', 8, NULL, 'Salem, SD', 'images/org_photos/Billion_Automotive/', 0, '', '', ''),
(78, 'Crouse-Hinds', 8, NULL, 'P.O. Box 4999, Syracuse, NY 13221\r\n', 'http://www.crouse-hinds.com/images/cooperHeaderCHLogo_big.gif', 0, '(315) 477-5531', '(315) 477-5179', 'crouse.customerctr@crouse-hinds.com'),
(79, 'Roy Schuchard', 11, NULL, 'unknown', 'images/org_photos/Roy_Schuchard/', 0, 'unknown', 'unknown', 'unknown'),
(80, 'Julius Larson', 11, NULL, '1205 w 16th, Yankton, SD, 57078', 'images/org_photos/Julius_Larson/', 0, '605-760-3368', '', 'bclars@iw.net'),
(82, 'Donald G Nogelmeier', 11, NULL, '6025 4 Ave. SW', 'images/org_photos/Donald_G_Nogelmeier/', 0, '605-886-3724', '', ''),
(83, 'Tim Winters', 11, NULL, '3233 S. Campbell Ave., Springfield, MO 65807', 'images/org_photos/Tim_Winters/', 0, '', '', ''),
(84, 'Ralph Kliegle', 11, NULL, '818 N. Lake Drive, Watertown, SD, 57201', 'images/org_photos/Ralph_Kliegle/', 0, '', '', ''),
(85, 'American Fence Co.', 8, NULL, '', 'images/org_photos/American_Fence_Co./', 0, '', '', ''),
(86, 'City of Watertown - Police Department', 3, NULL, NULL, NULL, 0, NULL, NULL, NULL),
(87, 'Erick Dahl', 11, NULL, '521 11th St. NW, Watertown, SD 57201', 'images/org_photos/Erick_Dahl/', 0, '605-882-8878', '605-882-5285', 'airport@watertownsd.us'),
(88, 'The System', 5, NULL, 'The System', 'images/org_photos/The_System/', 0, '', '', ''),
(89, 'William Campbell', 11, NULL, '308 1st St NW, Huron, SD, 57350', 'images/org_photos/William_Campbell/', 0, '605-352-54.89', '605-350-3151 (cell)', 'william.a.campbell@hur.midco.net'),
(90, 'Marc Skipper', 11, NULL, 'Huron, SD, 57350', 'images/org_photos/Marc_Skipper/', 0, '605-352-4784', '', 'marc.skipper@faa.gov'),
(91, 'Emilee Sehr', 11, NULL, '738 4th Ave., Sioux Falls, SD, 57104', 'images/org_photos/Emilee_Sehr/', 0, '605-759-3284', '', 'emilee@sio.midco.net'),
(92, 'Jean Kwasniewki', 11, NULL, '14871 SD Hwy 35, Webster, SD, 57274', 'images/org_photos/Jean_Kwasniewki/', 0, '605-345-4540', '605-880-5120 (cell)', ''),
(93, 'Shirley Pauli', 11, NULL, '107 8th Ave. SW #11, Watertown, SD, 57201', 'images/org_photos/Shirley_Pauli/', 0, '605-520-2774', '', 'spauli@yahoo.com'),
(94, 'Dave Vanderweide', 11, NULL, '16583 Sioux Conifer Rd, Watertown, SD 57201', 'images/org_photos/Dave_Vanderweide/', 0, '605-882-2121', '605-520-7917', ''),
(95, 'David Vanderiede', 11, NULL, '16583 Sioux Conifer Rd, Watertown, SD 57201', 'images/org_photos/David_Vanderiede/', 0, '605-882-2121', '605-520-7917', ''),
(96, 'Sharon Determan', 11, NULL, '308 15th St. NW., Huron, SD 57350', 'images/org_photos/Sharon_Determan/', 0, '605-352-4784', '605-354-0745', ''),
(97, 'Brady Klocker', 11, NULL, '1117 2nd St. NW, Watertown, SD, 57201', 'images/org_photos/Brady_Klocker/', 0, '605-886-0568', '605-880-0699', 'brady.klocker@sdstate.edu'),
(98, 'Bob Wangler', 11, NULL, '704 N Park, Watertown, SD, 57201', 'images/org_photos/Bob_Wangler/', 0, '605-882-5757', '', 'bob@aircoaviation.com'),
(99, 'Bradley Kirby', 11, NULL, '14 1/2 6th St. SE, Watertown, SD, 57201', 'images/org_photos/Bradley_Kirby/', 0, '605-882-5757', '', 'brad@aircoaviation.com'),
(100, 'Biran Ambuehl', 11, NULL, '824 County Rd. 14S. Aberdeen, SD, 57401', 'images/org_photos/Biran_Ambuehl/', 0, '605-225-0519', '', 'brian.ambuehl.noaa.gov'),
(101, 'Bush Hog', 1, NULL, NULL, NULL, 0, NULL, NULL, NULL);

-- --------------------------------------------------------

--
-- Table structure for table `tbl_organization_sub_p`
--

CREATE TABLE IF NOT EXISTS `tbl_organization_sub_p` (
  `org_payroll_id` int(10) NOT NULL AUTO_INCREMENT,
  `org_payroll_org_cb_int` int(11) NOT NULL,
  `org_payroll_org_cb_txt` text,
  `org_payroll_costcenter` text,
  `org_payroll_archived_yn` tinyint(1) NOT NULL DEFAULT '0' COMMENT 'is record archived?',
  PRIMARY KEY (`org_payroll_id`),
  KEY `org_payroll_org_cb_int` (`org_payroll_org_cb_int`)
) ENGINE=InnoDB  DEFAULT CHARSET=latin1 AUTO_INCREMENT=13 ;

--
-- Dumping data for table `tbl_organization_sub_p`
--

INSERT INTO `tbl_organization_sub_p` (`org_payroll_id`, `org_payroll_org_cb_int`, `org_payroll_org_cb_txt`, `org_payroll_costcenter`, `org_payroll_archived_yn`) VALUES
(12, 4, NULL, '435', 0);

-- --------------------------------------------------------

--
-- Table structure for table `tbl_organization_sub_t`
--

CREATE TABLE IF NOT EXISTS `tbl_organization_sub_t` (
  `org_types_id` int(10) NOT NULL AUTO_INCREMENT,
  `org_types_name` varchar(50) DEFAULT NULL,
  `org_types_archived_yn` tinyint(1) NOT NULL DEFAULT '0' COMMENT 'is record archived?',
  PRIMARY KEY (`org_types_id`)
) ENGINE=InnoDB  DEFAULT CHARSET=latin1 AUTO_INCREMENT=12 ;

--
-- Dumping data for table `tbl_organization_sub_t`
--

INSERT INTO `tbl_organization_sub_t` (`org_types_id`, `org_types_name`, `org_types_archived_yn`) VALUES
(1, 'Part 121', 0),
(2, 'Part 135', 0),
(3, 'Municipality', 0),
(4, 'Cargo Operator', 0),
(5, 'Guest', 0),
(6, 'Federal Government', 0),
(7, 'Fixed Base Operator (F.B.O.)', 0),
(8, 'Retailer', 0),
(9, 'Home Built', 0),
(10, 'Gas Station', 0),
(11, 'Individual', 0);

-- --------------------------------------------------------

--
-- Table structure for table `tbl_quickaccess_control`
--

CREATE TABLE IF NOT EXISTS `tbl_quickaccess_control` (
  `tbl_qac_id` int(11) NOT NULL AUTO_INCREMENT,
  `tbl_qac_systemuser_id` int(11) NOT NULL,
  `tbl_qac_navigation_id` int(11) NOT NULL,
  `tbl_qac_hidden_yn` int(11) NOT NULL,
  PRIMARY KEY (`tbl_qac_id`),
  KEY `tbl_qac_systemuser_id` (`tbl_qac_systemuser_id`),
  KEY `tbl_qac_navigation_id` (`tbl_qac_navigation_id`)
) ENGINE=InnoDB  DEFAULT CHARSET=latin1 AUTO_INCREMENT=32 ;

--
-- Dumping data for table `tbl_quickaccess_control`
--

INSERT INTO `tbl_quickaccess_control` (`tbl_qac_id`, `tbl_qac_systemuser_id`, `tbl_qac_navigation_id`, `tbl_qac_hidden_yn`) VALUES
(1, 1, 35, 0),
(7, 1, 25, 0),
(14, 1, 27, 0),
(15, 1, 29, 0),
(16, 1, 33, 0),
(17, 1, 30, 0),
(18, 1, 42, 0),
(19, 1, 44, 0),
(20, 1, 45, 0),
(21, 1, 38, 0),
(26, 1, 26, 0),
(27, 1, 28, 0),
(28, 1, 32, 0),
(29, 1, 31, 0),
(30, 1, 41, 0),
(31, 1, 43, 0);

-- --------------------------------------------------------

--
-- Table structure for table `tbl_systemusers`
--

CREATE TABLE IF NOT EXISTS `tbl_systemusers` (
  `emp_record_id` int(10) NOT NULL AUTO_INCREMENT,
  `emp_firstname` varchar(50) DEFAULT NULL,
  `emp_lastname` varchar(50) DEFAULT NULL,
  `emp_initials` varchar(50) DEFAULT NULL,
  `emp_username` varchar(50) DEFAULT NULL,
  `emp_password` varchar(50) DEFAULT NULL,
  `emp_organiation_cb_int` int(10) DEFAULT NULL,
  `emp_emails` longtext NOT NULL COMMENT 'emails to contact with',
  `emp_added_by_int` int(11) NOT NULL DEFAULT '1' COMMENT 'Who added this system user',
  `emp_addedon_date` date NOT NULL DEFAULT '2011-01-01' COMMENT 'Date Record was added',
  `emp_addon_time` time NOT NULL DEFAULT '00:00:01' COMMENT 'Record Time',
  `emp_archieved_yn` tinyint(1) NOT NULL DEFAULT '0',
  PRIMARY KEY (`emp_record_id`),
  KEY `emp_organiation_cb_int` (`emp_organiation_cb_int`),
  KEY `emp_added_by_int` (`emp_added_by_int`)
) ENGINE=InnoDB  DEFAULT CHARSET=latin1 AUTO_INCREMENT=97 ;

--
-- Dumping data for table `tbl_systemusers`
--

INSERT INTO `tbl_systemusers` (`emp_record_id`, `emp_firstname`, `emp_lastname`, `emp_initials`, `emp_username`, `emp_password`, `emp_organiation_cb_int`, `emp_emails`, `emp_added_by_int`, `emp_addedon_date`, `emp_addon_time`, `emp_archieved_yn`) VALUES
(1, 'Erick', 'Dahl', 'ED', 'edahl', 'airport', 4, 'erick_dahl@hotmail.com,16058689179@messaging.sprintpcs.com', 1, '2011-01-01', '00:00:01', 0),
(2, 'Rick', 'Meyer', 'RM', '', '', 4, '', 1, '2011-01-01', '00:00:01', 0),
(3, 'Brady', 'Klocker', 'BK', 'bklocker', 'priorityair', 2, '', 1, '2011-01-01', '00:00:01', -1),
(4, 'Bryan', 'Crocker', 'BC', '', '', 2, '', 1, '2011-01-01', '00:00:01', 0),
(5, 'Bob', 'Wangler', 'BW', 'bwangler', 'priorityair', 2, '', 1, '2011-01-01', '00:00:01', 0),
(6, 'Brad', 'Russell', 'BR', 'brussell', 'priorityair', 2, '', 1, '2011-01-01', '00:00:01', 0),
(7, 'Carl', 'Fisher', 'CF', '', '', 2, '', 1, '2011-01-01', '00:00:01', 0),
(8, 'Chris', 'Hill', 'CH', 'chill', 'priorityair', 2, '', 1, '2011-01-01', '00:00:01', 0),
(9, 'Janet', 'Crocker', 'JC', 'jcrocker', 'priorityair', 2, '', 1, '2011-01-01', '00:00:01', 0),
(10, 'Robert', 'Dula', 'RD', 'rdula', 'priorityair', 2, '', 1, '2011-01-01', '00:00:01', 0),
(11, 'Wayne', 'Zimmy', 'WZ', 'wzimmy', 'priorityair', 2, '', 1, '2011-01-01', '00:00:01', 0),
(12, 'Birke', 'Rhodes', 'FAA', 'brhodes', 'ASI001', 5, '', 1, '2011-01-01', '00:00:01', -1),
(14, 'Cathy', 'Stricker', 'CS', 'cstricker', 'mesaba', 1, '', 1, '2011-01-01', '00:00:01', 0),
(15, 'Levi', 'Fawcett', 'LF', 'lfawcett', 'priorityair', 2, '', 1, '2011-01-01', '00:00:01', 0),
(16, 'Mark', 'Riehe', 'MR', 'mriehe', 'priorityair', 2, '', 1, '2011-01-01', '00:00:01', 0),
(17, 'Donna', 'Thornton', 'DT', 'dthornton', 'dufa', 3, '', 1, '2011-01-01', '00:00:01', 0),
(18, 'Chester', 'Park', 'CP', 'cpark', 'airport', 4, '', 1, '2011-01-01', '00:00:01', 0),
(19, 'Ryan', 'Foreman', 'RF', 'rforeman', 'priorityair', 2, '', 1, '2011-01-01', '00:00:01', 0),
(20, 'Inge', 'Richter', 'FSD', 'irichter', 'rockyou', 8, '', 1, '2011-01-01', '00:00:01', 0),
(21, 'Larry', 'Anderson', 'LA', 'landerson', 'firewfd', 9, '', 1, '2011-01-01', '00:00:01', -1),
(22, 'Scott', 'Jongloed', 'LA', 'sjongbloed', 'firewfd', 9, '', 1, '2011-01-01', '00:00:01', 0),
(23, 'Gary', 'Langerock', 'GL', 'glangerock', 'firewfd', 9, '', 1, '2011-01-01', '00:00:01', 0),
(24, 'Tyler', 'Mcelhany', 'TM', 'tmcelhany', 'firewfd', 9, '', 1, '2011-01-01', '00:00:01', 0),
(25, 'Chris', 'Noeldner', 'CN', 'cnoeldner', 'firewfd', 9, '', 1, '2011-01-01', '00:00:01', 0),
(26, 'Erick', 'Weinjtes', 'EW', 'eweinjtes', 'firewfd', 9, '', 1, '2011-01-01', '00:00:01', 0),
(27, 'Lonnie', 'Heuer', 'LH', 'lheuer', 'firewfd', 9, '', 1, '2011-01-01', '00:00:01', 0),
(28, 'Steve', 'Meyerink', 'SM', 'smeyerink', 'firewfd', 9, '', 1, '2011-01-01', '00:00:01', 0),
(29, 'Don', 'Rowland', 'DR', 'drowland', 'firewfd', 9, '', 1, '2011-01-01', '00:00:01', 0),
(30, 'Henry', 'Johnson', 'HJ', 'hjohnson', 'firewfd', 9, '', 1, '2011-01-01', '00:00:01', 0),
(31, 'Brenda', 'Barger', 'BB', 'bbarger', 'cityhall', 4, '', 1, '2011-01-01', '00:00:01', 0),
(32, 'Walter', 'Adney', 'WA', 'William5208', 'walter', 8, '', 1, '2011-01-01', '00:00:01', 0),
(33, 'Pat', 'Slater', 'PS', 'pslater', 's310h59t', 8, '', 1, '2011-01-01', '00:00:01', 0),
(34, 'Vern', 'Pederson', 'VP', 'vpederson', 'airport', 4, '', 1, '2011-01-01', '00:00:01', 0),
(35, 'Pat', 'Smith', 'PS', 'psmith', 'firewfd', 9, '', 1, '2011-01-01', '00:00:01', 0),
(36, 'Gregg', 'Noeldner', 'GN', 'gnoelder', 'firewfd', 9, '', 1, '2011-01-01', '00:00:01', 0),
(37, 'Mike', 'Oletze', 'MO', 'moletze', 'firewfd', 9, '', 1, '2011-01-01', '00:00:01', 0),
(38, 'Alan', 'York', 'AY', 'ayork', 'firewfd', 9, '', 1, '2011-01-01', '00:00:01', 0),
(39, 'Graig', 'Kruse', 'GK', 'gkruse', 'firewfd', 9, '', 1, '2011-01-01', '00:00:01', 0),
(40, 'Matt', 'Schell', 'MS', 'mschell', 'firewfd', 9, '', 1, '2011-01-01', '00:00:01', 0),
(41, 'Doug', 'Dahl', 'DD', 'ddahl', 'firewfd', 9, '', 1, '2011-01-01', '00:00:01', 0),
(42, 'Mike', 'Junjeman', 'MJ', 'mjunjeman', 'firewfd', 9, '', 1, '2011-01-01', '00:00:01', 0),
(43, 'Tom', 'Olson', 'TO', 'tolson', 'firewfd', 9, '', 1, '2011-01-01', '00:00:01', 0),
(44, 'Troy', 'Breitag', 'TB', 'tbreitag', 'firewfd', 9, '', 1, '2011-01-01', '00:00:01', 0),
(45, 'Chad', 'Fischer', 'CF', 'cfischer', 'firewfd', 9, '', 1, '2011-01-01', '00:00:01', 0),
(46, 'Justin', 'Pietz', 'JP', 'jpietz', 'firewfd', 9, '', 1, '2011-01-01', '00:00:01', 0),
(47, 'Al', 'Hansen', 'AH', 'ahansen', 'firewfd', 9, '', 1, '2011-01-01', '00:00:01', 0),
(48, 'Doug', 'Kranz', 'DK', 'dkranz', 'firewfd', 9, '', 1, '2011-01-01', '00:00:01', 0),
(49, 'Tom', 'Petrick', 'TP', 'tpetrick', 'firewfd', 9, '', 1, '2011-01-01', '00:00:01', -1),
(50, 'Duane', 'Dohman', 'DD', 'ddohman', 'firewfd', 9, '', 1, '2011-01-01', '00:00:01', 0),
(51, 'Greg', 'Hall', 'GH', 'ghall', 'firewfd', 9, '', 1, '2011-01-01', '00:00:01', 0),
(52, 'Chris', 'Premus', 'CP', 'cpremus', 'firewfd', 9, '', 1, '2011-01-01', '00:00:01', 0),
(53, 'Shelly', 'Ebbers', 'SE', 'sebbers', 'fo', 4, '', 1, '2011-01-01', '00:00:01', 0),
(54, 'Harlan', 'Siegfried', 'HS', 'hsig', 'airport', 4, '', 1, '2011-01-01', '00:00:01', 0),
(55, 'Charlie', 'Thompson', 'CT', 'cthompson', 'priorityair', 2, '', 1, '2011-01-01', '00:00:01', 0),
(56, 'Justin', 'Urbonski', 'JU', 'jurbonski', 'priorityair', 2, '', 1, '2011-01-01', '00:00:01', 0),
(57, 'Rick', 'Audette', 'RA', 'raudette', 'gfk', 12, '', 1, '2011-01-01', '00:00:01', 0),
(58, 'System', 'Monitor', 'SM', NULL, NULL, 4, '', 1, '2011-01-01', '00:00:01', 0),
(59, 'Jesse', 'Carriger', 'JC', 'jcarriger', 'FAA', 5, '', 1, '2011-01-01', '00:00:01', 0),
(60, 'LeRoy', 'Schliesman', 'LS', 'lschliesman', 'airport', 4, '', 1, '2011-01-01', '00:00:01', 0),
(61, 'Herb', 'Blomquist', 'HB', 'hblom', 'airport', 4, '', 1, '2011-01-01', '00:00:01', 0),
(65, 'The System', 'is Watching You', 'Sysop', 'thesystemiswatchingyou', 'wouldyouliketoknow', 4, '', 1, '2011-01-01', '00:00:01', 0),
(66, 'Tyler', 'Scott', 'TS', 'tscott', 'priorityair', 2, '', 1, '2011-01-01', '00:00:01', 0),
(67, 'Chris', 'Fieber', 'CF', 'cfieber', 'airco', 2, '', 1, '2011-01-01', '00:00:01', 0),
(68, 'Tyler', 'Larson', 'TL', 'tlarson', 'priorityair', 2, '', 1, '2011-01-01', '00:00:01', 0),
(69, 'Ryan', 'Herrick', 'RH', 'rherrick', 'airport', 4, '', 1, '2011-01-01', '00:00:01', 0),
(70, 'Judy', 'Snow', 'JS', 'jsnow', 'mesaba', 1, '', 1, '2011-01-01', '00:00:01', 0),
(71, 'Tammy', 'Mitthun', 'YM', 'tmitthun', 'mesaba', 1, '', 1, '2011-01-01', '00:00:01', 0),
(72, 'Cecil', 'Martinez', 'CM', 'cmartinez', 'mesaba', 1, '', 1, '2011-01-01', '00:00:01', 0),
(73, 'Gary', 'Langerock', 'GL', 'glangerock', 'mesaba', 1, '', 1, '2011-01-01', '00:00:01', 0),
(74, 'Doug', 'Mills', 'DM', 'dmills', 'mesaba', 1, '', 1, '2011-01-01', '00:00:01', 0),
(75, 'Kathie', 'Manzey', 'KM', 'kmanzey', 'mesaba', 1, '', 1, '2011-01-01', '00:00:01', 0),
(76, 'Bob', 'Bohn', 'BB', 'bbohn', 'mesaba', 1, '', 1, '2011-01-01', '00:00:01', 0),
(77, 'Robert', 'Bohn', 'RB', 'rbohn', 'mesaba', 1, '', 1, '2011-01-01', '00:00:01', 0),
(79, 'Robert', 'Weidner', 'RW', 'rweidner', 'mesaba', 1, '', 1, '2011-01-01', '00:00:01', 0),
(80, 'Bob', 'Nichols', 'BN', 'bnichols', 'airport', 4, '', 1, '2011-01-01', '00:00:01', 0),
(81, 'Peter', 'Boyle', 'PB', 'pboyle', 'airport', 4, '', 1, '2011-01-01', '00:00:01', 0),
(82, 'Bob', 'Kalmbach', 'BK', 'bkalmbach', 'priorityair', 2, '', 1, '2011-01-01', '00:00:01', 0),
(83, 'Eric', 'Carleton', 'EC', 'ecarleton', 'priorityair', 2, '', 1, '2011-01-01', '00:00:01', 0),
(84, 'Dave', 'Curtis', 'DC', 'dcurtis', 'mesaba', 1, '', 1, '2011-01-01', '00:00:01', 0),
(85, 'Chad', 'Gamber', 'CG', 'cgamber', 'priorityair', 2, '', 1, '2011-01-01', '00:00:01', 0),
(86, 'Ernest', 'Nisich', 'EN', 'enisich', 'airport', 4, '', 1, '2011-01-01', '00:00:01', 0),
(87, 'Greg', 'Meyer', 'GM', 'gmeyer', 'airport', 4, '', 1, '2011-01-01', '00:00:01', 0),
(88, 'Pamela', 'Bundy', 'PB', 'pbundy', 'airport', 4, '', 1, '2011-01-01', '00:00:01', 0),
(89, 'Lloyd', 'Poppem', 'LP', 'lpoppem', 'airport', 4, '', 1, '2011-01-01', '00:00:01', 0),
(90, 'Don', 'Jackson', 'DJ', 'djackson', 'priorityair', 1, '', 1, '2011-01-01', '00:00:01', 0),
(91, 'Sharon', 'Hemiller-Finstad', 'SF', 'sfin', 'airport', 4, '', 1, '2011-01-01', '00:00:01', 0),
(92, 'Todd', 'Syhre', 'TS', 'tsyhre', 'airport', 4, '', 1, '2011-01-01', '00:00:01', 0),
(93, 'Laron', 'Johnson', 'LJ', 'ljohnson', 'priorityair', 1, '', 1, '2011-01-01', '00:00:01', 0),
(94, 'Andrew', 'Fokken', 'AK', 'afokken', 'priorityair', 2, '', 1, '2011-01-01', '00:00:01', 0),
(96, 'test2', 'test2', 'test2', 'test2', 'test2', 9, '', 1, '2011-12-23', '16:32:20', 0);

-- --------------------------------------------------------

--
-- Table structure for table `tbl_systemusers_ncga`
--

CREATE TABLE IF NOT EXISTS `tbl_systemusers_ncga` (
  `navigational_access_id` int(10) NOT NULL AUTO_INCREMENT,
  `navigational_user_id_cb_int` int(10) DEFAULT NULL,
  `navigational_user_id_cb_txt` varchar(50) DEFAULT NULL,
  `navigational_group_id_cb_int` int(10) DEFAULT NULL,
  `navigational_group_id_cb_txt` varchar(50) DEFAULT NULL,
  `navigational_groups_archived_yn` tinyint(1) NOT NULL DEFAULT '0',
  PRIMARY KEY (`navigational_access_id`),
  KEY `navigational_group_id_cb_int` (`navigational_group_id_cb_int`),
  KEY `navigational_user_id_cb_int` (`navigational_user_id_cb_int`)
) ENGINE=InnoDB  DEFAULT CHARSET=latin1 AUTO_INCREMENT=4 ;

--
-- Dumping data for table `tbl_systemusers_ncga`
--

INSERT INTO `tbl_systemusers_ncga` (`navigational_access_id`, `navigational_user_id_cb_int`, `navigational_user_id_cb_txt`, `navigational_group_id_cb_int`, `navigational_group_id_cb_txt`, `navigational_groups_archived_yn`) VALUES
(1, 1, NULL, 1, NULL, 0),
(3, 96, NULL, 2, NULL, 0);

-- --------------------------------------------------------

--
-- Table structure for table `tbl_systemusers_sub_p`
--

CREATE TABLE IF NOT EXISTS `tbl_systemusers_sub_p` (
  `systemuser_hr_id` int(10) NOT NULL AUTO_INCREMENT,
  `systemuser_hr_su_id_cb_int` int(10) DEFAULT NULL,
  `systemuser_hr_su_id_cb_txt` varchar(50) DEFAULT NULL,
  `systemuser_hr_archived_yn` tinyint(1) NOT NULL DEFAULT '0',
  `systemuser_hr_payroll_id` text,
  PRIMARY KEY (`systemuser_hr_id`),
  KEY `systemuser_hr_su_id_cb_int` (`systemuser_hr_su_id_cb_int`)
) ENGINE=InnoDB  DEFAULT CHARSET=latin1 AUTO_INCREMENT=17 ;

--
-- Dumping data for table `tbl_systemusers_sub_p`
--

INSERT INTO `tbl_systemusers_sub_p` (`systemuser_hr_id`, `systemuser_hr_su_id_cb_int`, `systemuser_hr_su_id_cb_txt`, `systemuser_hr_archived_yn`, `systemuser_hr_payroll_id`) VALUES
(4, 1, NULL, 0, '01-0387'),
(5, 2, NULL, 0, '01-1101'),
(6, 69, NULL, 0, '01-2200'),
(7, 18, NULL, 0, '01-1228'),
(8, 80, NULL, 0, '01-2360'),
(9, 81, NULL, 0, '01-2366'),
(10, 86, NULL, 0, '01-2434'),
(11, 87, NULL, 0, '01-2511'),
(12, 88, NULL, 0, '01-2554'),
(13, 89, NULL, 0, '01-2560'),
(14, 54, NULL, 0, '01-1467'),
(15, 91, NULL, 0, '01-xxxx'),
(16, 92, NULL, 0, '????');

-- --------------------------------------------------------

--
-- Table structure for table `tbl_timesheets_main`
--

CREATE TABLE IF NOT EXISTS `tbl_timesheets_main` (
  `timesheet_id` int(11) NOT NULL AUTO_INCREMENT,
  `timesheet_systemuser_id_cb_int` int(11) NOT NULL,
  `timesheet_systemuser_id_cb_txt` text,
  `timesheet_month_cb_int` int(11) NOT NULL,
  `timesheet_month_cb_txt` text,
  `timesheet_archived_yn` tinyint(1) NOT NULL DEFAULT '0',
  PRIMARY KEY (`timesheet_id`),
  KEY `timesheet_month_cb_int` (`timesheet_month_cb_int`),
  KEY `timesheet_systemuser_id_cb_int` (`timesheet_systemuser_id_cb_int`)
) ENGINE=InnoDB  DEFAULT CHARSET=latin1 AUTO_INCREMENT=158 ;

--
-- Dumping data for table `tbl_timesheets_main`
--

INSERT INTO `tbl_timesheets_main` (`timesheet_id`, `timesheet_systemuser_id_cb_int`, `timesheet_systemuser_id_cb_txt`, `timesheet_month_cb_int`, `timesheet_month_cb_txt`, `timesheet_archived_yn`) VALUES
(1, 2, NULL, 33, NULL, 0),
(2, 2, NULL, 33, NULL, 0),
(3, 1, NULL, 33, NULL, 0),
(4, 69, NULL, 33, NULL, 0),
(5, 1, NULL, 32, NULL, 0),
(6, 18, NULL, 33, NULL, 0),
(7, 1, NULL, 34, NULL, 0),
(8, 2, NULL, 34, NULL, 0),
(9, 69, NULL, 34, NULL, 0),
(10, 18, NULL, 34, NULL, 0),
(11, 1, NULL, 35, NULL, 0),
(12, 2, NULL, 35, NULL, 0),
(13, 2, NULL, 36, NULL, 0),
(14, 1, NULL, 36, NULL, 0),
(15, 1, NULL, 36, NULL, 0),
(16, 18, NULL, 36, NULL, 0),
(17, 2, NULL, 37, NULL, 0),
(18, 18, NULL, 37, NULL, 0),
(19, 2, NULL, 37, NULL, 0),
(20, 1, NULL, 37, NULL, 0),
(21, 1, NULL, 38, NULL, 0),
(22, 1, NULL, 37, NULL, 0),
(23, 18, NULL, 37, NULL, 0),
(24, 2, NULL, 38, NULL, 0),
(25, 80, NULL, 38, NULL, 0),
(26, 18, NULL, 38, NULL, 0),
(27, 80, NULL, 38, NULL, 0),
(28, 81, NULL, 39, NULL, 0),
(29, 2, NULL, 39, NULL, 0),
(30, 80, NULL, 39, NULL, 0),
(31, 18, NULL, 39, NULL, 0),
(32, 1, NULL, 39, NULL, 0),
(33, 2, NULL, 40, NULL, 0),
(34, 80, NULL, 40, NULL, 0),
(35, 18, NULL, 40, NULL, 0),
(36, 81, NULL, 40, NULL, 0),
(37, 1, NULL, 40, NULL, 0),
(38, 2, NULL, 41, NULL, 0),
(39, 80, NULL, 41, NULL, 0),
(40, 18, NULL, 41, NULL, 0),
(41, 81, NULL, 41, NULL, 0),
(42, 1, NULL, 41, NULL, 0),
(43, 2, NULL, 42, NULL, 0),
(44, 18, NULL, 42, NULL, 0),
(45, 80, NULL, 42, NULL, 0),
(46, 86, NULL, 42, NULL, 0),
(47, 1, NULL, 42, NULL, 0),
(48, 2, NULL, 43, NULL, 0),
(49, 80, NULL, 43, NULL, 0),
(50, 86, NULL, 43, NULL, 0),
(51, 1, NULL, 43, NULL, 0),
(52, 2, NULL, 44, NULL, 0),
(53, 86, NULL, 44, NULL, 0),
(54, 1, NULL, 44, NULL, 0),
(55, 2, NULL, 45, NULL, 0),
(56, 86, NULL, 45, NULL, 0),
(57, 86, NULL, 46, NULL, 0),
(58, 2, NULL, 46, NULL, 0),
(59, 1, NULL, 45, NULL, 0),
(60, 1, NULL, 46, NULL, 0),
(61, 2, NULL, 47, NULL, 0),
(62, 86, NULL, 47, NULL, 0),
(63, 2, NULL, 48, NULL, 0),
(64, 86, NULL, 48, NULL, 0),
(65, 1, NULL, 47, NULL, 0),
(66, 2, NULL, 49, NULL, 0),
(67, 86, NULL, 49, NULL, 0),
(68, 1, NULL, 48, NULL, 0),
(69, 1, NULL, 49, NULL, 0),
(70, 2, NULL, 50, NULL, 0),
(71, 86, NULL, 50, NULL, 0),
(72, 87, NULL, 51, NULL, 0),
(73, 2, NULL, 51, NULL, 0),
(74, 86, NULL, 51, NULL, 0),
(75, 1, NULL, 50, NULL, 0),
(76, 88, NULL, 51, NULL, 0),
(77, 1, NULL, 51, NULL, 0),
(78, 87, NULL, 52, NULL, 0),
(79, 88, NULL, 52, NULL, 0),
(80, 2, NULL, 52, NULL, 0),
(81, 86, NULL, 52, NULL, 0),
(82, 89, NULL, 52, NULL, 0),
(83, 54, NULL, 52, NULL, 0),
(84, 2, NULL, 53, NULL, 0),
(85, 1, NULL, 52, NULL, 0),
(86, 88, NULL, 53, NULL, 0),
(87, 86, NULL, 53, NULL, 0),
(88, 54, NULL, 53, NULL, 0),
(89, 89, NULL, 53, NULL, 0),
(90, 2, NULL, 54, NULL, 0),
(91, 86, NULL, 54, NULL, 0),
(92, 54, NULL, 54, NULL, 0),
(93, 89, NULL, 54, NULL, 0),
(94, 1, NULL, 53, NULL, 0),
(95, 1, NULL, 54, NULL, 0),
(96, 88, NULL, 54, NULL, 0),
(97, 54, NULL, 55, NULL, 0),
(98, 89, NULL, 55, NULL, 0),
(99, 2, NULL, 55, NULL, 0),
(100, 88, NULL, 55, NULL, 0),
(101, 1, NULL, 55, NULL, 0),
(102, 2, NULL, 56, NULL, 0),
(103, 1, NULL, 56, NULL, 0),
(104, 88, NULL, 56, NULL, 0),
(105, 1, NULL, 57, NULL, 0),
(106, 2, NULL, 57, NULL, 0),
(107, 86, NULL, 57, NULL, 0),
(108, 88, NULL, 57, NULL, 0),
(109, 86, NULL, 58, NULL, 0),
(110, 2, NULL, 58, NULL, 0),
(111, 88, NULL, 57, NULL, 0),
(112, 88, NULL, 58, NULL, 0),
(113, 1, NULL, 58, NULL, 0),
(114, 1, NULL, 59, NULL, 0),
(115, 91, NULL, 58, NULL, 0),
(116, 91, NULL, 59, NULL, 0),
(117, 2, NULL, 59, NULL, 0),
(118, 86, NULL, 59, NULL, 0),
(119, 86, NULL, 60, NULL, 0),
(120, 2, NULL, 60, NULL, 0),
(121, 92, NULL, 60, NULL, 0),
(122, 91, NULL, 60, NULL, 0),
(123, 1, NULL, 60, NULL, 0),
(124, 2, NULL, 61, NULL, 0),
(125, 92, NULL, 61, NULL, 0),
(126, 91, NULL, 61, NULL, 0),
(127, 92, NULL, 62, NULL, 0),
(128, 1, NULL, 61, NULL, 0),
(129, 2, NULL, 62, NULL, 0),
(130, 91, NULL, 62, NULL, 0),
(131, 54, NULL, 62, NULL, 0),
(132, 86, NULL, 62, NULL, 0),
(133, 92, NULL, 63, NULL, 0),
(134, 91, NULL, 63, NULL, 0),
(135, 1, NULL, 62, NULL, 0),
(136, 54, NULL, 63, NULL, 0),
(137, 2, NULL, 63, NULL, 0),
(138, 1, NULL, 63, NULL, 0),
(139, 86, NULL, 63, NULL, 0),
(140, 2, NULL, 64, NULL, 0),
(141, 92, NULL, 64, NULL, 0),
(142, 91, NULL, 64, NULL, 0),
(143, 54, NULL, 64, NULL, 0),
(144, 86, NULL, 64, NULL, 0),
(145, 1, NULL, 64, NULL, 0),
(146, 1, NULL, 65, NULL, 0),
(147, 92, NULL, 65, NULL, 0),
(148, 54, NULL, 65, NULL, 0),
(149, 91, NULL, 65, NULL, 0),
(150, 2, NULL, 65, NULL, 0),
(151, 86, NULL, 65, NULL, 0),
(152, 92, NULL, 66, NULL, 0),
(153, 91, NULL, 66, NULL, 0),
(154, 1, NULL, 66, NULL, 0),
(155, 54, NULL, 66, NULL, 0),
(156, 2, NULL, 66, NULL, 0),
(157, 86, NULL, 66, NULL, 0);

-- --------------------------------------------------------

--
-- Table structure for table `tbl_timesheets_sub_h`
--

CREATE TABLE IF NOT EXISTS `tbl_timesheets_sub_h` (
  `holiday_id` int(11) NOT NULL AUTO_INCREMENT,
  `holiday_name` text,
  `holiday_name_short` text,
  `holiday_month_cb_int` int(11) NOT NULL,
  `holiday_month_cb_txt` text,
  `holiday_day` int(11) NOT NULL,
  `holiday_archived` tinyint(1) NOT NULL DEFAULT '0',
  PRIMARY KEY (`holiday_id`),
  KEY `holiday_month_cb_int` (`holiday_month_cb_int`)
) ENGINE=InnoDB  DEFAULT CHARSET=latin1 AUTO_INCREMENT=11 ;

--
-- Dumping data for table `tbl_timesheets_sub_h`
--

INSERT INTO `tbl_timesheets_sub_h` (`holiday_id`, `holiday_name`, `holiday_name_short`, `holiday_month_cb_int`, `holiday_month_cb_txt`, `holiday_day`, `holiday_archived`) VALUES
(1, 'New Years Day', 'NYD', 1, NULL, 1, 0),
(2, 'Martin Luther King Day', 'MLKD', 1, NULL, 21, 0),
(3, 'Washington''s Birthday', 'WBD', 2, NULL, 18, 0),
(4, 'Memorial Day', 'MD', 5, NULL, 26, 0),
(5, 'Independence Day', 'ID', 7, NULL, 4, 0),
(6, 'Labor Day', 'LD', 9, NULL, 6, 0),
(7, 'Columbus Day', 'CD', 10, NULL, 10, 0),
(8, 'Veterns Day', 'VD', 11, NULL, 11, 0),
(9, 'Thanksgiving', 'TD', 11, NULL, 22, 0),
(10, 'Christmas Day', 'Xmas', 12, '', 25, 0);

-- --------------------------------------------------------

--
-- Table structure for table `tbl_timesheets_sub_m`
--

CREATE TABLE IF NOT EXISTS `tbl_timesheets_sub_m` (
  `timesheetmonth_id` int(11) NOT NULL AUTO_INCREMENT,
  `timesheetmonth_month_cb_int` int(11) NOT NULL,
  `timesheetmonth_month_cb_txt` text,
  `timesheetmonth_year` int(11) NOT NULL,
  `timesheetmonth_paystart` int(11) NOT NULL,
  `timesheetmonth_payend` int(11) NOT NULL,
  `timesheetmonth_has_5_weeks` tinyint(1) NOT NULL DEFAULT '0',
  `timesheetmonth_archived_yn` tinyint(1) NOT NULL DEFAULT '0',
  PRIMARY KEY (`timesheetmonth_id`),
  KEY `timesheetmonth_month_cb_int` (`timesheetmonth_month_cb_int`)
) ENGINE=InnoDB  DEFAULT CHARSET=latin1 AUTO_INCREMENT=71 ;

--
-- Dumping data for table `tbl_timesheets_sub_m`
--

INSERT INTO `tbl_timesheets_sub_m` (`timesheetmonth_id`, `timesheetmonth_month_cb_int`, `timesheetmonth_month_cb_txt`, `timesheetmonth_year`, `timesheetmonth_paystart`, `timesheetmonth_payend`, `timesheetmonth_has_5_weeks`, `timesheetmonth_archived_yn`) VALUES
(11, 1, NULL, 2006, 9, 13, 1, 0),
(12, 2, NULL, 2006, 13, 12, 0, 0),
(13, 3, NULL, 2006, 13, 12, 0, 0),
(14, 4, NULL, 2006, 10, 14, 1, 0),
(15, 5, NULL, 2006, 15, 9, 0, 0),
(16, 6, NULL, 2006, 12, 7, 0, 0),
(17, 7, NULL, 2006, 10, 11, 1, 0),
(18, 8, NULL, 2006, 14, 8, 0, 0),
(19, 9, NULL, 2006, 11, 6, 0, 0),
(20, 10, NULL, 2006, 9, 10, 1, 0),
(21, 11, NULL, 2006, 13, 8, 0, 0),
(22, 12, NULL, 2006, 11, 10, 0, 0),
(23, 1, NULL, 2007, 8, 11, 1, 0),
(24, 2, NULL, 2007, 12, 11, 0, 0),
(25, 3, NULL, 2007, 12, 8, 0, 0),
(26, 4, NULL, 2007, 9, 13, 1, 0),
(27, 5, NULL, 2007, 14, 10, 0, 0),
(28, 6, NULL, 2007, 11, 8, 0, 0),
(29, 7, NULL, 2007, 9, 12, 0, 0),
(30, 8, NULL, 2007, 13, 9, 0, 0),
(31, 9, NULL, 2007, 10, 7, 0, 0),
(32, 10, NULL, 2007, 8, 11, 1, 0),
(33, 11, NULL, 2007, 12, 9, 0, 0),
(34, 12, NULL, 2007, 10, 10, 0, 0),
(35, 1, NULL, 2008, 14, 10, 0, 0),
(36, 2, NULL, 2008, 11, 9, 0, 0),
(37, 3, NULL, 2008, 10, 13, 1, 0),
(38, 4, NULL, 2008, 14, 11, 0, 0),
(39, 5, NULL, 2008, 12, 8, 0, 0),
(40, 6, NULL, 2008, 9, 13, 1, 0),
(41, 7, NULL, 2008, 14, 10, 0, 0),
(42, 8, NULL, 2008, 11, 7, 0, 0),
(43, 9, NULL, 2008, 8, 12, 1, 0),
(44, 10, NULL, 2008, 13, 9, 0, 0),
(45, 11, NULL, 2008, 10, 7, 0, 0),
(46, 12, NULL, 2008, 8, 11, 1, 0),
(47, 1, NULL, 2009, 12, 8, 0, 0),
(48, 2, NULL, 2009, 9, 8, 0, 0),
(49, 3, NULL, 2009, 9, 12, 1, 0),
(50, 4, NULL, 2009, 13, 10, 0, 0),
(51, 5, NULL, 2009, 11, 7, 0, 0),
(52, 6, NULL, 2009, 8, 12, 1, 0),
(53, 7, NULL, 2009, 13, 9, 0, 0),
(54, 8, NULL, 2009, 10, 13, 1, 0),
(55, 9, NULL, 2009, 14, 11, 0, 0),
(56, 10, NULL, 2009, 12, 8, 0, 0),
(57, 11, NULL, 2009, 9, 13, 1, 0),
(58, 12, NULL, 2009, 14, 10, 0, 0),
(59, 1, NULL, 2010, 11, 5, 0, 0),
(60, 2, NULL, 2010, 8, 5, 0, 0),
(61, 3, NULL, 2010, 8, 9, 1, 0),
(62, 4, NULL, 2010, 12, 7, 0, 0),
(63, 5, NULL, 2010, 10, 11, 1, 0),
(64, 6, NULL, 2010, 14, 9, 0, 0),
(65, 7, NULL, 2010, 12, 6, 0, 0),
(66, 8, NULL, 2010, 9, 10, 1, 0),
(67, 9, NULL, 2010, 13, 8, 0, 0),
(68, 10, NULL, 2010, 11, 5, 0, 0),
(69, 11, NULL, 2010, 8, 10, 1, 0),
(70, 12, NULL, 2010, 13, 20, 0, 0);

-- --------------------------------------------------------

--
-- Table structure for table `tbl_timesheets_sub_w`
--

CREATE TABLE IF NOT EXISTS `tbl_timesheets_sub_w` (
  `week_id` int(11) NOT NULL AUTO_INCREMENT,
  `time_sheet_parent` int(11) NOT NULL,
  `week1_stringname` text,
  `week1_day` text,
  `week1_date` text,
  `week1_notes` text,
  `week1_reg_hours` double DEFAULT NULL,
  `week1_hol_hours` double DEFAULT NULL,
  `week1_hol_pay` double DEFAULT NULL,
  `week1_ot` double DEFAULT NULL,
  `week1_dt` double DEFAULT NULL,
  `week1_vl` double DEFAULT NULL,
  `week1_sl` double DEFAULT NULL,
  `week1_ce` double DEFAULT NULL,
  `week1_ct` double DEFAULT NULL,
  PRIMARY KEY (`week_id`),
  KEY `time_sheet_parent` (`time_sheet_parent`)
) ENGINE=InnoDB  DEFAULT CHARSET=latin1 AUTO_INCREMENT=4757 ;

--
-- Dumping data for table `tbl_timesheets_sub_w`
--

INSERT INTO `tbl_timesheets_sub_w` (`week_id`, `time_sheet_parent`, `week1_stringname`, `week1_day`, `week1_date`, `week1_notes`, `week1_reg_hours`, `week1_hol_hours`, `week1_hol_pay`, `week1_ot`, `week1_dt`, `week1_vl`, `week1_sl`, `week1_ce`, `week1_ct`) VALUES
(1, 1, 'set1week1', 'Monday', '11 / 12', '', 8, 0, 0, 0, 0, 0, 0, 0, 0),
(2, 1, 'set1week2', 'Tuesday', '11 / 13', '', 8, 0, 0, 0, 0, 0, 0, 0, 0),
(3, 1, 'set1week3', 'Wednesday', '11 / 14', '', 8, 0, 0, 0, 0, 0, 0, 0, 0),
(4, 1, 'set1week4', 'Thursday', '11 / 15', '', 0, 0, 0, 0, 0, 0, 0, 0, 0),
(5, 1, 'set1week5', 'Friday', '11 / 16', '', 0, 0, 0, 0, 0, 0, 0, 0, 0),
(6, 1, 'set1week6', 'Saturday', '11 / 17', '', 0, 0, 0, 0, 0, 0, 0, 0, 0),
(7, 1, 'set1week7', 'Sunday', '11 / 18', '', 0, 0, 0, 0, 0, 0, 0, 0, 0),
(8, 1, 'set2week1', 'Monday', '11 / 19', '', 0, 0, 0, 0, 0, 0, 0, 0, 0),
(9, 1, 'set2week2', 'Tuesday', '11 / 20', '', 0, 0, 0, 0, 0, 0, 0, 0, 0),
(10, 1, 'set2week3', 'Wednesday', '11 / 21', '', 0, 0, 0, 0, 0, 0, 0, 0, 0),
(11, 1, 'set2week4', 'Thursday', '11 / 22', '', 0, 0, 0, 0, 0, 0, 0, 0, 0),
(12, 1, 'set2week5', 'Friday', '11 / 23', '', 0, 0, 0, 0, 0, 0, 0, 0, 0),
(13, 1, 'set2week6', 'Saturday', '11 / 24', '', 0, 0, 0, 0, 0, 0, 0, 0, 0),
(14, 1, 'set2week7', 'Sunday', '11 / 25', '', 0, 0, 0, 0, 0, 0, 0, 0, 0),
(15, 1, 'set3week1', 'Monday', '11 / 26', '', 0, 0, 0, 0, 0, 0, 0, 0, 0),
(16, 1, 'set3week2', 'Tuesday', '11 / 27', '', 0, 0, 0, 0, 0, 0, 0, 0, 0),
(17, 1, 'set3week3', 'Wednesday', '11 / 28', '', 0, 0, 0, 0, 0, 0, 0, 0, 0),
(18, 1, 'set3week4', 'Thursday', '11 / 29', '', 0, 0, 0, 0, 0, 0, 0, 0, 0),
(19, 1, 'set3week5', 'Friday', '11 / 30', '', 0, 0, 0, 0, 0, 0, 0, 0, 0),
(20, 1, 'set3week6', 'Saturday', '12 / 1', '', 0, 0, 0, 0, 0, 0, 0, 0, 0),
(21, 1, 'set3week7', 'Sunday', '12 / 2', '', 0, 0, 0, 0, 0, 0, 0, 0, 0),
(22, 1, 'set4week1', 'Monday', '12 / 3', '', 0, 0, 0, 0, 0, 0, 0, 0, 0),
(23, 1, 'set4week2', 'Tuesday', '12 / 4', '', 0, 0, 0, 0, 0, 0, 0, 0, 0),
(24, 1, 'set4week3', 'Wednesday', '12 / 5', '', 0, 0, 0, 0, 0, 0, 0, 0, 0),
(25, 1, 'set4week4', 'Thursday', '12 / 6', '', 0, 0, 0, 0, 0, 0, 0, 0, 0),
(26, 1, 'set4week5', 'Friday', '12 / 7', '', 0, 0, 0, 0, 0, 0, 0, 0, 0),
(27, 1, 'set4week6', 'Saturday', '12 / 8', '', 0, 0, 0, 0, 0, 0, 0, 0, 0),
(28, 1, 'set4week7', 'Sunday', '12 / 9', '', 0, 0, 0, 0, 0, 0, 0, 0, 0),
(29, 2, 'set1week1', 'Monday', '11 / 12', '', 8, 0, 0, 0, 0, 0, 0, 0, 0),
(30, 2, 'set1week2', 'Tuesday', '11 / 13', '', 8, 0, 0, 0, 0, 0, 0, 0, 0),
(31, 2, 'set1week3', 'Wednesday', '11 / 14', '', 8, 0, 0, 0, 0, 0, 0, 0, 0),
(32, 2, 'set1week4', 'Thursday', '11 / 15', '', 8, 0, 0, 0, 0, 0, 0, 0, 0),
(33, 2, 'set1week5', 'Friday', '11 / 16', '', 4, 0, 0, 0, 0, 0, 4, 0, 0),
(34, 2, 'set1week6', 'Saturday', '11 / 17', '', 0, 0, 0, 0, 0, 0, 0, 0, 0),
(35, 2, 'set1week7', 'Sunday', '11 / 18', '', 0, 0, 0, 0, 0, 0, 0, 0, 0),
(36, 2, 'set2week1', 'Monday', '11 / 19', '', 8, 0, 0, 0, 0, 0, 0, 0, 0),
(37, 2, 'set2week2', 'Tuesday', '11 / 20', '', 8, 0, 0, 0, 0, 0, 0, 0, 0),
(38, 2, 'set2week3', 'Wednesday', '11 / 21', '', 0, 0, 0, 0, 0, 0, 8, 0, 0),
(39, 2, 'set2week4', 'Thursday', '11 / 22', '', 0, 8, 0, 0, 0, 0, 0, 0, 0),
(40, 2, 'set2week5', 'Friday', '11 / 23', '', 8, 0, 0, 0, 0, 0, 0, 0, 0),
(41, 2, 'set2week6', 'Saturday', '11 / 24', '', 0, 0, 0, 0, 0, 0, 0, 0, 0),
(42, 2, 'set2week7', 'Sunday', '11 / 25', '', 0, 0, 0, 0, 0, 0, 0, 0, 0),
(43, 2, 'set3week1', 'Monday', '11 / 26', '', 2, 0, 0, 0, 0, 0, 6, 0, 0),
(44, 2, 'set3week2', 'Tuesday', '11 / 27', '', 8, 0, 0, 0, 0, 0, 0, 0, 0),
(45, 2, 'set3week3', 'Wednesday', '11 / 28', '', 8, 0, 0, 0, 0, 0, 0, 0, 0),
(46, 2, 'set3week4', 'Thursday', '11 / 29', '', 8, 0, 0, 0, 0, 0, 0, 0, 0),
(47, 2, 'set3week5', 'Friday', '11 / 30', '', 8, 0, 0, 0, 0, 0, 0, 0, 0),
(48, 2, 'set3week6', 'Saturday', '12 / 1', '', 0, 0, 0, 5, 0, 0, 0, 0, 0),
(49, 2, 'set3week7', 'Sunday', '12 / 2', '', 0, 0, 0, 0, 6, 0, 0, 0, 0),
(50, 2, 'set4week1', 'Monday', '12 / 3', '', 8, 0, 0, 0, 0, 0, 0, 0, 0),
(51, 2, 'set4week2', 'Tuesday', '12 / 4', '', 8, 0, 0, 0, 0, 0, 0, 0, 0),
(52, 2, 'set4week3', 'Wednesday', '12 / 5', '', 8, 0, 0, 0, 0, 0, 0, 0, 0),
(53, 2, 'set4week4', 'Thursday', '12 / 6', '', 8, 0, 0, 0, 0, 0, 0, 0, 0),
(54, 2, 'set4week5', 'Friday', '12 / 7', '', 8, 0, 0, 0, 0, 0, 0, 0, 0),
(55, 2, 'set4week6', 'Saturday', '12 / 8', '', 0, 0, 0, 0, 0, 0, 0, 0, 0),
(56, 2, 'set4week7', 'Sunday', '12 / 9', '', 0, 0, 0, 0, 0, 0, 0, 0, 0),
(57, 3, 'set1week1', 'Monday', '11 / 12', '', 8, 0, 0, 0, 0, 0, 0, 0, 0),
(58, 3, 'set1week2', 'Tuesday', '11 / 13', '', 8, 0, 0, 0, 0, 0, 0, 0, 0),
(59, 3, 'set1week3', 'Wednesday', '11 / 14', '', 8, 0, 0, 0, 0, 0, 0, 0, 0),
(60, 3, 'set1week4', 'Thursday', '11 / 15', '', 8, 0, 0, 0, 0, 0, 0, 0, 0),
(61, 3, 'set1week5', 'Friday', '11 / 16', '', 8, 0, 0, 0, 0, 0, 0, 0, 0),
(62, 3, 'set1week6', 'Saturday', '11 / 17', '', 0, 0, 0, 0, 0, 0, 0, 0, 0),
(63, 3, 'set1week7', 'Sunday', '11 / 18', '', 0, 0, 0, 0, 0, 0, 0, 0, 0),
(64, 3, 'set2week1', 'Monday', '11 / 19', '', 8, 0, 0, 0, 0, 0, 0, 0, 0),
(65, 3, 'set2week2', 'Tuesday', '11 / 20', '', 8, 0, 0, 0, 0, 0, 0, 0, 0),
(66, 3, 'set2week3', 'Wednesday', '11 / 21', '', 8, 0, 0, 0, 0, 0, 0, 0, 0),
(67, 3, 'set2week4', 'Thursday', '11 / 22', '', 0, 8, 0, 0, 0, 0, 0, 0, 0),
(68, 3, 'set2week5', 'Friday', '11 / 23', '', 8, 0, 0, 0, 0, 0, 0, 0, 0),
(69, 3, 'set2week6', 'Saturday', '11 / 24', '', 0, 0, 0, 0, 0, 0, 0, 0, 0),
(70, 3, 'set2week7', 'Sunday', '11 / 25', '', 0, 0, 0, 0, 0, 0, 0, 0, 0),
(71, 3, 'set3week1', 'Monday', '11 / 26', '', 8, 0, 0, 0, 0, 0, 0, 0, 0),
(72, 3, 'set3week2', 'Tuesday', '11 / 27', '', 8, 0, 0, 0, 0, 0, 0, 0, 0),
(73, 3, 'set3week3', 'Wednesday', '11 / 28', '', 8, 0, 0, 0, 0, 0, 0, 0, 0),
(74, 3, 'set3week4', 'Thursday', '11 / 29', '', 8, 0, 0, 0, 0, 0, 0, 0, 0),
(75, 3, 'set3week5', 'Friday', '11 / 30', '', 8, 0, 0, 0, 0, 0, 0, 0, 0),
(76, 3, 'set3week6', 'Saturday', '12 / 1', '', 0, 0, 0, 0, 0, 0, 0, 0, 0),
(77, 3, 'set3week7', 'Sunday', '12 / 2', '', 0, 0, 0, 0, 0, 0, 0, 0, 0),
(78, 3, 'set4week1', 'Monday', '12 / 3', '', 8, 0, 0, 0, 0, 0, 0, 0, 0),
(79, 3, 'set4week2', 'Tuesday', '12 / 4', '', 8, 0, 0, 0, 0, 0, 0, 0, 0),
(80, 3, 'set4week3', 'Wednesday', '12 / 5', '', 8, 0, 0, 0, 0, 0, 0, 0, 0),
(81, 3, 'set4week4', 'Thursday', '12 / 6', '', 8, 0, 0, 0, 0, 0, 0, 0, 0),
(82, 3, 'set4week5', 'Friday', '12 / 7', '', 8, 0, 0, 0, 0, 0, 0, 0, 0),
(83, 3, 'set4week6', 'Saturday', '12 / 8', '', 0, 0, 0, 0, 0, 0, 0, 0, 0),
(84, 3, 'set4week7', 'Sunday', '12 / 9', '', 0, 0, 0, 0, 0, 0, 0, 0, 0),
(85, 4, 'set1week1', 'Monday', '11 / 12', '', 8, 0, 0, 0, 0, 0, 0, 0, 0),
(86, 4, 'set1week2', 'Tuesday', '11 / 13', '', 8, 0, 0, 0, 0, 0, 0, 0, 0),
(87, 4, 'set1week3', 'Wednesday', '11 / 14', '', 8, 0, 0, 0, 0, 0, 0, 0, 0),
(88, 4, 'set1week4', 'Thursday', '11 / 15', '', 8, 0, 0, 0, 0, 0, 0, 0, 0),
(89, 4, 'set1week5', 'Friday', '11 / 16', '', 8, 0, 0, 0, 0, 0, 0, 0, 0),
(90, 4, 'set1week6', 'Saturday', '11 / 17', '', 0, 0, 0, 0, 0, 0, 0, 0, 0),
(91, 4, 'set1week7', 'Sunday', '11 / 18', '', 0, 0, 0, 0, 0, 0, 0, 0, 0),
(92, 4, 'set2week1', 'Monday', '11 / 19', '', 8, 0, 0, 0, 0, 0, 0, 0, 0),
(93, 4, 'set2week2', 'Tuesday', '11 / 20', '', 8, 0, 0, 0, 0, 0, 0, 0, 0),
(94, 4, 'set2week3', 'Wednesday', '11 / 21', '', 8, 0, 0, 0, 0, 0, 0, 0, 0),
(95, 4, 'set2week4', 'Thursday', '11 / 22', '', 0, 0, 0, 0, 0, 0, 0, 0, 0),
(96, 4, 'set2week5', 'Friday', '11 / 23', '', 0, 0, 0, 0, 0, 0, 0, 0, 0),
(97, 4, 'set2week6', 'Saturday', '11 / 24', '', 0, 0, 0, 0, 0, 0, 0, 0, 0),
(98, 4, 'set2week7', 'Sunday', '11 / 25', '', 0, 0, 0, 0, 0, 0, 0, 0, 0),
(99, 4, 'set3week1', 'Monday', '11 / 26', '', 8, 0, 0, 0, 0, 0, 0, 0, 0),
(100, 4, 'set3week2', 'Tuesday', '11 / 27', '', 8, 0, 0, 0, 0, 0, 0, 0, 0),
(101, 4, 'set3week3', 'Wednesday', '11 / 28', '', 8, 0, 0, 0, 0, 0, 0, 0, 0),
(102, 4, 'set3week4', 'Thursday', '11 / 29', '', 8, 0, 0, 0, 0, 0, 0, 0, 0),
(103, 4, 'set3week5', 'Friday', '11 / 30', '', 8, 0, 0, 0, 0, 0, 0, 0, 0),
(104, 4, 'set3week6', 'Saturday', '12 / 1', 'snow removal', 0, 0, 0, 3, 0, 0, 0, 0, 0),
(105, 4, 'set3week7', 'Sunday', '12 / 2', 'snow removal', 0, 0, 0, 3, 0, 0, 0, 0, 0),
(106, 4, 'set4week1', 'Monday', '12 / 3', '', 8, 0, 0, 0, 0, 0, 0, 0, 0),
(107, 4, 'set4week2', 'Tuesday', '12 / 4', '', 8, 0, 0, 0, 0, 0, 0, 0, 0),
(108, 4, 'set4week3', 'Wednesday', '12 / 5', '', 8, 0, 0, 0, 0, 0, 0, 0, 0),
(109, 4, 'set4week4', 'Thursday', '12 / 6', '', 8, 0, 0, 0, 0, 0, 0, 0, 0),
(110, 4, 'set4week5', 'Friday', '12 / 7', '', 8, 0, 0, 0, 0, 0, 0, 0, 0),
(111, 4, 'set4week6', 'Saturday', '12 / 8', '', 0, 0, 0, 0, 0, 0, 0, 0, 0),
(112, 4, 'set4week7', 'Sunday', '12 / 9', '', 0, 0, 0, 0, 0, 0, 0, 0, 0),
(113, 5, 'set1week1', 'Monday', '10 / 8', '', 8, 0, 0, 0, 0, 0, 0, 0, 0),
(114, 5, 'set1week2', 'Tuesday', '10 / 9', '', 8, 0, 0, 0, 0, 0, 0, 0, 0),
(115, 5, 'set1week3', 'Wednesday', '10 / 10', '', 0, 8, 0, 0, 0, 0, 0, 0, 0),
(116, 5, 'set1week4', 'Thursday', '10 / 11', '', 8, 0, 0, 0, 0, 0, 0, 0, 0),
(117, 5, 'set1week5', 'Friday', '10 / 12', '', 8, 0, 0, 0, 0, 0, 0, 0, 0),
(118, 5, 'set1week6', 'Saturday', '10 / 13', '', 0, 0, 0, 0, 0, 0, 0, 0, 0),
(119, 5, 'set1week7', 'Sunday', '10 / 14', '', 0, 0, 0, 0, 0, 0, 0, 0, 0),
(120, 5, 'set2week1', 'Monday', '10 / 15', '', 8, 0, 0, 0, 0, 0, 0, 0, 0),
(121, 5, 'set2week2', 'Tuesday', '10 / 16', '', 8, 0, 0, 0, 0, 0, 0, 0, 0),
(122, 5, 'set2week3', 'Wednesday', '10 / 17', '', 8, 0, 0, 0, 0, 0, 0, 0, 0),
(123, 5, 'set2week4', 'Thursday', '10 / 18', '', 8, 0, 0, 0, 0, 0, 0, 0, 0),
(124, 5, 'set2week5', 'Friday', '10 / 19', '', 8, 0, 0, 0, 0, 0, 0, 0, 0),
(125, 5, 'set2week6', 'Saturday', '10 / 20', '', 0, 0, 0, 0, 0, 0, 0, 0, 0),
(126, 5, 'set2week7', 'Sunday', '10 / 21', '', 0, 0, 0, 0, 0, 0, 0, 0, 0),
(127, 5, 'set3week1', 'Monday', '10 / 22', '', 8, 0, 0, 0, 0, 0, 0, 0, 0),
(128, 5, 'set3week2', 'Tuesday', '10 / 23', '', 8, 0, 0, 0, 0, 0, 0, 0, 0),
(129, 5, 'set3week3', 'Wednesday', '10 / 24', 'On Business Trip', 8, 0, 0, 0, 0, 0, 0, 0, 0),
(130, 5, 'set3week4', 'Thursday', '10 / 25', 'On Business Trip', 8, 0, 0, 0, 0, 0, 0, 0, 0),
(131, 5, 'set3week5', 'Friday', '10 / 26', 'On Business Trip', 8, 0, 0, 0, 0, 0, 0, 0, 0),
(132, 5, 'set3week6', 'Saturday', '10 / 27', '', 0, 0, 0, 0, 0, 0, 0, 0, 0),
(133, 5, 'set3week7', 'Sunday', '10 / 28', '', 0, 0, 0, 0, 0, 0, 0, 0, 0),
(134, 5, 'set4week1', 'Monday', '10 / 29', '', 8, 0, 0, 0, 0, 0, 0, 0, 0),
(135, 5, 'set4week2', 'Tuesday', '10 / 30', 'City Council Mtg.', 8, 0, 0, 0, 0, 0, 0, 2, 0),
(136, 5, 'set4week3', 'Wednesday', '10 / 31', '', 8, 0, 0, 0, 0, 0, 0, 0, 0),
(137, 5, 'set4week4', 'Thursday', '11 / 1', '', 8, 0, 0, 0, 0, 0, 0, 0, 0),
(138, 5, 'set4week5', 'Friday', '11 / 2', '', 8, 0, 0, 0, 0, 0, 0, 0, 0),
(139, 5, 'set4week6', 'Saturday', '11 / 3', '', 0, 0, 0, 0, 0, 0, 0, 0, 0),
(140, 5, 'set4week7', 'Sunday', '11 / 4', '', 0, 0, 0, 0, 0, 0, 0, 0, 0),
(141, 5, 'set5week1', 'Monday', '11 / 5', '', 8, 0, 0, 0, 0, 0, 0, 0, 0),
(142, 5, 'set5week2', 'Tuesday', '11 / 6', 'Public Works Mtg', 8, 0, 0, 0, 0, 0, 0, 2, 0),
(143, 5, 'set5week3', 'Wednesday', '11 / 7', '', 8, 0, 0, 0, 0, 0, 0, 0, 0),
(144, 5, 'set5week4', 'Thursday', '11 / 8', '', 8, 0, 0, 0, 0, 0, 0, 0, 0),
(145, 5, 'set5week5', 'Friday', '11 / 9', '', 8, 0, 0, 0, 0, 0, 0, 0, 0),
(146, 5, 'set5week6', 'Saturday', '11 / 10', '', 0, 0, 0, 0, 0, 0, 0, 0, 0),
(147, 5, 'set5week7', 'Sunday', '11 / 11', '', 0, 0, 0, 0, 0, 0, 0, 0, 0),
(148, 6, 'set1week1', 'Monday', '11 / 12', '', 0, 0, 0, 0, 0, 0, 0, 0, 0),
(149, 6, 'set1week2', 'Tuesday', '11 / 13', '', 0, 0, 0, 0, 0, 0, 0, 0, 0),
(150, 6, 'set1week3', 'Wednesday', '11 / 14', '', 0, 0, 0, 0, 0, 0, 0, 0, 0),
(151, 6, 'set1week4', 'Thursday', '11 / 15', '', 0, 0, 0, 0, 0, 0, 0, 0, 0),
(152, 6, 'set1week5', 'Friday', '11 / 16', '', 0, 0, 0, 0, 0, 0, 0, 0, 0),
(153, 6, 'set1week6', 'Saturday', '11 / 17', '', 0, 0, 0, 0, 0, 0, 0, 0, 0),
(154, 6, 'set1week7', 'Sunday', '11 / 18', '', 0, 0, 0, 0, 0, 0, 0, 0, 0),
(155, 6, 'set2week1', 'Monday', '11 / 19', '', 0, 0, 0, 0, 0, 0, 0, 0, 0),
(156, 6, 'set2week2', 'Tuesday', '11 / 20', '', 0, 0, 0, 0, 0, 0, 0, 0, 0),
(157, 6, 'set2week3', 'Wednesday', '11 / 21', '', 0, 0, 0, 0, 0, 0, 0, 0, 0),
(158, 6, 'set2week4', 'Thursday', '11 / 22', '', 0, 0, 0, 0, 0, 0, 0, 0, 0),
(159, 6, 'set2week5', 'Friday', '11 / 23', '', 0, 0, 0, 0, 0, 0, 0, 0, 0),
(160, 6, 'set2week6', 'Saturday', '11 / 24', '', 0, 0, 0, 0, 0, 0, 0, 0, 0),
(161, 6, 'set2week7', 'Sunday', '11 / 25', '', 0, 0, 0, 0, 0, 0, 0, 0, 0),
(162, 6, 'set3week1', 'Monday', '11 / 26', '', 0, 0, 0, 0, 0, 0, 0, 0, 0),
(163, 6, 'set3week2', 'Tuesday', '11 / 27', '', 0, 0, 0, 0, 0, 0, 0, 0, 0),
(164, 6, 'set3week3', 'Wednesday', '11 / 28', '', 0, 0, 0, 0, 0, 0, 0, 0, 0),
(165, 6, 'set3week4', 'Thursday', '11 / 29', '', 0, 0, 0, 0, 0, 0, 0, 0, 0),
(166, 6, 'set3week5', 'Friday', '11 / 30', '', 0, 0, 0, 0, 0, 0, 0, 0, 0),
(167, 6, 'set3week6', 'Saturday', '12 / 1', '', 0, 0, 0, 0, 0, 0, 0, 0, 0),
(168, 6, 'set3week7', 'Sunday', '12 / 2', '', 0, 0, 0, 0, 0, 0, 0, 0, 0),
(169, 6, 'set4week1', 'Monday', '12 / 3', '', 8, 0, 0, 0, 0, 0, 0, 0, 0),
(170, 6, 'set4week2', 'Tuesday', '12 / 4', '', 8, 0, 0, 0, 0, 0, 0, 0, 0),
(171, 6, 'set4week3', 'Wednesday', '12 / 5', '', 4, 0, 0, 0, 0, 0, 0, 0, 0),
(172, 6, 'set4week4', 'Thursday', '12 / 6', '', 0, 0, 0, 0, 0, 0, 0, 0, 0),
(173, 6, 'set4week5', 'Friday', '12 / 7', '', 0, 0, 0, 0, 0, 0, 0, 0, 0),
(174, 6, 'set4week6', 'Saturday', '12 / 8', '', 0, 0, 0, 0, 0, 0, 0, 0, 0),
(175, 6, 'set4week7', 'Sunday', '12 / 9', '', 0, 0, 0, 0, 0, 0, 0, 0, 0),
(176, 7, 'set1week1', 'Monday', '12 / 10', '', 8, 0, 0, 0, 0, 0, 0, 0, 0),
(177, 7, 'set1week2', 'Tuesday', '12 / 11', '', 8, 0, 0, 0, 0, 0, 0, 0, 0),
(178, 7, 'set1week3', 'Wednesday', '12 / 12', '', 8, 0, 0, 0, 0, 0, 0, 0, 0),
(179, 7, 'set1week4', 'Thursday', '12 / 13', '', 8, 0, 0, 0, 0, 0, 0, 0, 0),
(180, 7, 'set1week5', 'Friday', '12 / 14', '', 8, 0, 0, 0, 0, 0, 0, 0, 0),
(181, 7, 'set1week6', 'Saturday', '12 / 15', '', 0, 0, 0, 0, 0, 0, 0, 0, 0),
(182, 7, 'set1week7', 'Sunday', '12 / 16', '', 0, 0, 0, 0, 0, 0, 0, 0, 0),
(183, 7, 'set2week1', 'Monday', '12 / 17', '', 8, 0, 0, 0, 0, 0, 0, 0, 0),
(184, 7, 'set2week2', 'Tuesday', '12 / 18', '', 8, 0, 0, 0, 0, 0, 0, 0, 0),
(185, 7, 'set2week3', 'Wednesday', '12 / 19', '', 8, 0, 0, 0, 0, 0, 0, 0, 0),
(186, 7, 'set2week4', 'Thursday', '12 / 20', '', 8, 0, 0, 0, 0, 0, 0, 0, 0),
(187, 7, 'set2week5', 'Friday', '12 / 21', '', 8, 0, 0, 0, 0, 0, 0, 0, 0),
(188, 7, 'set2week6', 'Saturday', '12 / 22', '', 0, 0, 0, 0, 0, 0, 0, 0, 0),
(189, 7, 'set2week7', 'Sunday', '12 / 23', '', 0, 0, 0, 0, 0, 0, 0, 0, 0),
(190, 7, 'set3week1', 'Monday', '12 / 24', '', 0, 0, 0, 0, 0, 0, 0, 8, 0),
(191, 7, 'set3week2', 'Tuesday', '12 / 25', '', 0, 0, 0, 0, 0, 0, 0, 8, 0),
(192, 7, 'set3week3', 'Wednesday', '12 / 26', '', 8, 0, 0, 0, 0, 0, 0, 0, 0),
(193, 7, 'set3week4', 'Thursday', '12 / 27', '', 8, 0, 0, 0, 0, 0, 0, 0, 0),
(194, 7, 'set3week5', 'Friday', '12 / 28', '', 8, 0, 0, 0, 0, 0, 0, 2, 0),
(195, 7, 'set3week6', 'Saturday', '12 / 29', '', 0, 0, 0, 0, 0, 0, 0, 0, 0),
(196, 7, 'set3week7', 'Sunday', '12 / 30', '', 0, 0, 0, 0, 0, 0, 0, 0, 0),
(197, 7, 'set4week1', 'Monday', '12 / 31', '', 8, 0, 0, 0, 0, 0, 0, 0, 0),
(198, 7, 'set4week2', 'Tuesday', '1 / 1', '', 0, 8, 0, 0, 0, 0, 0, 2, 0),
(199, 7, 'set4week3', 'Wednesday', '1 / 2', '', 8, 0, 0, 0, 0, 0, 0, 0, 0),
(200, 7, 'set4week4', 'Thursday', '1 / 3', '', 8, 0, 0, 0, 0, 0, 0, 0, 0),
(201, 7, 'set4week5', 'Friday', '1 / 4', '', 8, 0, 0, 0, 0, 0, 0, 0, 0),
(202, 7, 'set4week6', 'Saturday', '1 / 5', '', 0, 0, 0, 0, 0, 0, 0, 0, 0),
(203, 7, 'set4week7', 'Sunday', '1 / 6', '', 0, 0, 0, 0, 0, 0, 0, 0, 0),
(204, 8, 'set1week1', 'Monday', '12 / 10', '', 8, 0, 0, 0, 0, 0, 0, 0, 0),
(205, 8, 'set1week2', 'Tuesday', '12 / 11', '', 8, 0, 0, 0, 0, 0, 0, 0, 0),
(206, 8, 'set1week3', 'Wednesday', '12 / 12', '', 8, 0, 0, 0, 0, 0, 0, 0, 0),
(207, 8, 'set1week4', 'Thursday', '12 / 13', '', 8, 0, 0, 0, 0, 0, 0, 0, 0),
(208, 8, 'set1week5', 'Friday', '12 / 14', '', 8, 0, 0, 0, 0, 0, 0, 0, 0),
(209, 8, 'set1week6', 'Saturday', '12 / 15', '', 0, 0, 0, 0, 0, 0, 0, 0, 0),
(210, 8, 'set1week7', 'Sunday', '12 / 16', '', 0, 0, 0, 0, 0, 0, 0, 0, 0),
(211, 8, 'set2week1', 'Monday', '12 / 17', '', 8, 0, 0, 0, 0, 0, 0, 0, 0),
(212, 8, 'set2week2', 'Tuesday', '12 / 18', '', 8, 0, 0, 0, 0, 0, 0, 0, 0),
(213, 8, 'set2week3', 'Wednesday', '12 / 19', '', 8, 0, 0, 0, 0, 0, 0, 0, 0),
(214, 8, 'set2week4', 'Thursday', '12 / 20', '', 8, 0, 0, 0, 0, 0, 0, 0, 0),
(215, 8, 'set2week5', 'Friday', '12 / 21', '', 8, 0, 0, 0, 0, 0, 0, 0, 0),
(216, 8, 'set2week6', 'Saturday', '12 / 22', '', 0, 0, 0, 0, 0, 0, 0, 0, 0),
(217, 8, 'set2week7', 'Sunday', '12 / 23', '', 0, 0, 0, 0, 0, 0, 0, 0, 0),
(218, 8, 'set3week1', 'Monday', '12 / 24', '', 4, 0, 0, 0, 0, 0, 0, 4, 0),
(219, 8, 'set3week2', 'Tuesday', '12 / 25', '', 0, 8, 0, 0, 0, 0, 0, 0, 0),
(220, 8, 'set3week3', 'Wednesday', '12 / 26', '', 8, 0, 0, 0, 0, 0, 0, 0, 0),
(221, 8, 'set3week4', 'Thursday', '12 / 27', '', 8, 0, 0, 0, 0, 0, 0, 0, 0),
(222, 8, 'set3week5', 'Friday', '12 / 28', '', 8, 0, 0, 2, 0, 0, 0, 0, 0),
(223, 8, 'set3week6', 'Saturday', '12 / 29', '', 0, 0, 0, 0, 0, 0, 0, 0, 0),
(224, 8, 'set3week7', 'Sunday', '12 / 30', '', 0, 0, 0, 0, 0, 0, 0, 0, 0),
(225, 8, 'set4week1', 'Monday', '12 / 31', '', 8, 0, 0, 0, 0, 0, 0, 0, 0),
(226, 8, 'set4week2', 'Tuesday', '1 / 1', '', 0, 8, 0, 2, 0, 0, 0, 0, 0),
(227, 8, 'set4week3', 'Wednesday', '1 / 2', '', 8, 0, 0, 0, 0, 0, 0, 0, 0),
(228, 8, 'set4week4', 'Thursday', '1 / 3', '', 8, 0, 0, 0, 0, 0, 0, 0, 0),
(229, 8, 'set4week5', 'Friday', '1 / 4', '', 8, 0, 0, 0, 0, 0, 0, 0, 0),
(230, 8, 'set4week6', 'Saturday', '1 / 5', '', 0, 0, 0, 0, 0, 0, 0, 0, 0),
(231, 8, 'set4week7', 'Sunday', '1 / 6', '', 0, 0, 0, 0, 0, 0, 0, 0, 0),
(232, 9, 'set1week1', 'Monday', '12 / 10', '', 8, 0, 0, 0, 0, 0, 0, 0, 0),
(233, 9, 'set1week2', 'Tuesday', '12 / 11', '', 8, 0, 0, 0, 0, 0, 0, 0, 0),
(234, 9, 'set1week3', 'Wednesday', '12 / 12', '', 8, 0, 0, 0, 0, 0, 0, 0, 0),
(235, 9, 'set1week4', 'Thursday', '12 / 13', '', 8, 0, 0, 0, 0, 0, 0, 0, 0),
(236, 9, 'set1week5', 'Friday', '12 / 14', '', 6, 0, 0, 0, 0, 0, 0, 0, 0),
(237, 9, 'set1week6', 'Saturday', '12 / 15', '', 0, 0, 0, 0, 0, 0, 0, 0, 0),
(238, 9, 'set1week7', 'Sunday', '12 / 16', '', 0, 0, 0, 0, 0, 0, 0, 0, 0),
(239, 9, 'set2week1', 'Monday', '12 / 17', '', 4, 0, 0, 0, 0, 0, 0, 0, 0),
(240, 9, 'set2week2', 'Tuesday', '12 / 18', '', 4, 0, 0, 0, 0, 0, 0, 0, 0),
(241, 9, 'set2week3', 'Wednesday', '12 / 19', '', 4, 0, 0, 0, 0, 0, 0, 0, 0),
(242, 9, 'set2week4', 'Thursday', '12 / 20', '', 4, 0, 0, 0, 0, 0, 0, 0, 0),
(243, 9, 'set2week5', 'Friday', '12 / 21', '', 4, 0, 0, 0, 0, 0, 0, 0, 0),
(244, 9, 'set2week6', 'Saturday', '12 / 22', '', 0, 0, 0, 0, 0, 0, 0, 0, 0),
(245, 9, 'set2week7', 'Sunday', '12 / 23', '', 0, 0, 0, 0, 0, 0, 0, 0, 0),
(246, 9, 'set3week1', 'Monday', '12 / 24', '', 0, 0, 0, 0, 0, 0, 0, 0, 0),
(247, 9, 'set3week2', 'Tuesday', '12 / 25', '', 0, 0, 0, 0, 0, 0, 0, 0, 0),
(248, 9, 'set3week3', 'Wednesday', '12 / 26', '', 0, 0, 0, 0, 0, 0, 0, 0, 0),
(249, 9, 'set3week4', 'Thursday', '12 / 27', '', 0, 0, 0, 0, 0, 0, 0, 0, 0),
(250, 9, 'set3week5', 'Friday', '12 / 28', '', 0, 0, 0, 0, 0, 0, 0, 0, 0),
(251, 9, 'set3week6', 'Saturday', '12 / 29', '', 0, 0, 0, 0, 0, 0, 0, 0, 0),
(252, 9, 'set3week7', 'Sunday', '12 / 30', '', 0, 0, 0, 0, 0, 0, 0, 0, 0),
(253, 9, 'set4week1', 'Monday', '12 / 31', '', 0, 0, 0, 0, 0, 0, 0, 0, 0),
(254, 9, 'set4week2', 'Tuesday', '1 / 1', '', 0, 0, 0, 0, 0, 0, 0, 0, 0),
(255, 9, 'set4week3', 'Wednesday', '1 / 2', '', 0, 0, 0, 0, 0, 0, 0, 0, 0),
(256, 9, 'set4week4', 'Thursday', '1 / 3', '', 0, 0, 0, 0, 0, 0, 0, 0, 0),
(257, 9, 'set4week5', 'Friday', '1 / 4', '', 0, 0, 0, 0, 0, 0, 0, 0, 0),
(258, 9, 'set4week6', 'Saturday', '1 / 5', '', 0, 0, 0, 0, 0, 0, 0, 0, 0),
(259, 9, 'set4week7', 'Sunday', '1 / 6', '', 0, 0, 0, 0, 0, 0, 0, 0, 0),
(260, 10, 'set1week1', 'Monday', '12 / 10', '', 0, 0, 0, 0, 0, 0, 0, 0, 0),
(261, 10, 'set1week2', 'Tuesday', '12 / 11', '', 0, 0, 0, 0, 0, 0, 0, 0, 0),
(262, 10, 'set1week3', 'Wednesday', '12 / 12', '', 0, 0, 0, 0, 0, 0, 0, 0, 0),
(263, 10, 'set1week4', 'Thursday', '12 / 13', '', 0, 0, 0, 0, 0, 0, 0, 0, 0),
(264, 10, 'set1week5', 'Friday', '12 / 14', '', 0, 0, 0, 0, 0, 0, 0, 0, 0),
(265, 10, 'set1week6', 'Saturday', '12 / 15', '', 0, 0, 0, 0, 0, 0, 0, 0, 0),
(266, 10, 'set1week7', 'Sunday', '12 / 16', '', 0, 0, 0, 0, 0, 0, 0, 0, 0),
(267, 10, 'set2week1', 'Monday', '12 / 17', '', 0, 0, 0, 0, 0, 0, 0, 0, 0),
(268, 10, 'set2week2', 'Tuesday', '12 / 18', '', 0, 0, 0, 0, 0, 0, 0, 0, 0),
(269, 10, 'set2week3', 'Wednesday', '12 / 19', '', 0, 0, 0, 0, 0, 0, 0, 0, 0),
(270, 10, 'set2week4', 'Thursday', '12 / 20', '', 0, 0, 0, 0, 0, 0, 0, 0, 0),
(271, 10, 'set2week5', 'Friday', '12 / 21', '', 0, 0, 0, 0, 0, 0, 0, 0, 0),
(272, 10, 'set2week6', 'Saturday', '12 / 22', '', 0, 0, 0, 0, 0, 0, 0, 0, 0),
(273, 10, 'set2week7', 'Sunday', '12 / 23', '', 0, 0, 0, 0, 0, 0, 0, 0, 0),
(274, 10, 'set3week1', 'Monday', '12 / 24', '', 0, 0, 0, 0, 0, 0, 0, 0, 0),
(275, 10, 'set3week2', 'Tuesday', '12 / 25', '', 0, 0, 0, 0, 0, 0, 0, 0, 0),
(276, 10, 'set3week3', 'Wednesday', '12 / 26', '', 0, 0, 0, 0, 0, 0, 0, 0, 0),
(277, 10, 'set3week4', 'Thursday', '12 / 27', '', 0, 0, 0, 0, 0, 0, 0, 0, 0),
(278, 10, 'set3week5', 'Friday', '12 / 28', '', 9, 0, 0, 0, 0, 0, 0, 0, 0),
(279, 10, 'set3week6', 'Saturday', '12 / 29', '', 0, 0, 0, 0, 0, 0, 0, 0, 0),
(280, 10, 'set3week7', 'Sunday', '12 / 30', '', 0, 0, 0, 0, 0, 0, 0, 0, 0),
(281, 10, 'set4week1', 'Monday', '12 / 31', '', 0, 0, 0, 0, 0, 0, 0, 0, 0),
(282, 10, 'set4week2', 'Tuesday', '1 / 1', '', 0, 0, 0, 0, 0, 0, 0, 0, 0),
(283, 10, 'set4week3', 'Wednesday', '1 / 2', '', 0, 0, 0, 0, 0, 0, 0, 0, 0),
(284, 10, 'set4week4', 'Thursday', '1 / 3', '', 0, 0, 0, 0, 0, 0, 0, 0, 0),
(285, 10, 'set4week5', 'Friday', '1 / 4', '', 0, 0, 0, 0, 0, 0, 0, 0, 0),
(286, 10, 'set4week6', 'Saturday', '1 / 5', '', 0, 0, 0, 0, 0, 0, 0, 0, 0),
(287, 10, 'set4week7', 'Sunday', '1 / 6', '', 0, 0, 0, 0, 0, 0, 0, 0, 0),
(288, 11, 'set1week1', 'Monday', '1 / 14', '', 8, 0, 0, 0, 0, 0, 0, 0, 0),
(289, 11, 'set1week2', 'Tuesday', '1 / 15', '', 8, 0, 0, 0, 0, 0, 0, 0, 0),
(290, 11, 'set1week3', 'Wednesday', '1 / 16', '', 8, 0, 0, 0, 0, 0, 0, 0, 0),
(291, 11, 'set1week4', 'Thursday', '1 / 17', '', 8, 0, 0, 0, 0, 0, 0, 0, 0),
(292, 11, 'set1week5', 'Friday', '1 / 18', '', 8, 0, 0, 0, 0, 0, 0, 0, 0),
(293, 11, 'set1week6', 'Saturday', '1 / 19', '', 0, 0, 0, 0, 0, 0, 0, 0, 0),
(294, 11, 'set1week7', 'Sunday', '1 / 20', '', 0, 0, 0, 0, 0, 0, 0, 0, 0),
(295, 11, 'set2week1', 'Monday', '1 / 21', 'City Council', 0, 8, 0, 0, 0, 0, 0, 1.5, 0),
(296, 11, 'set2week2', 'Tuesday', '1 / 22', 'Public Works', 8, 0, 0, 0, 0, 0, 0, 1, 0),
(297, 11, 'set2week3', 'Wednesday', '1 / 23', '', 8, 0, 0, 0, 0, 0, 0, 0, 0),
(298, 11, 'set2week4', 'Thursday', '1 / 24', '', 8, 0, 0, 0, 0, 0, 0, 0, 0),
(299, 11, 'set2week5', 'Friday', '1 / 25', '', 8, 0, 0, 0, 0, 0, 0, 0, 0),
(300, 11, 'set2week6', 'Saturday', '1 / 26', '', 0, 0, 0, 0, 0, 0, 0, 0, 0),
(301, 11, 'set2week7', 'Sunday', '1 / 27', '', 0, 0, 0, 0, 0, 0, 0, 0, 0),
(302, 11, 'set3week1', 'Monday', '1 / 28', '', 8, 0, 0, 0, 0, 0, 0, 0, 0),
(303, 11, 'set3week2', 'Tuesday', '1 / 29', '', 8, 0, 0, 0, 0, 0, 0, 0, 0),
(304, 11, 'set3week3', 'Wednesday', '1 / 30', '', 8, 0, 0, 0, 0, 0, 0, 0, 0),
(305, 11, 'set3week4', 'Thursday', '1 / 31', '', 8, 0, 0, 0, 0, 0, 0, 0, 0),
(306, 11, 'set3week5', 'Friday', '2 / 1', '', 8, 0, 0, 0, 0, 0, 0, 0, 0),
(307, 11, 'set3week6', 'Saturday', '2 / 2', '', 0, 0, 0, 0, 0, 0, 0, 0, 0),
(308, 11, 'set3week7', 'Sunday', '2 / 3', '', 0, 0, 0, 0, 0, 0, 0, 0, 0),
(309, 11, 'set4week1', 'Monday', '2 / 4', 'City Council', 8, 0, 0, 0, 0, 0, 0, 1.25, 0),
(310, 11, 'set4week2', 'Tuesday', '2 / 5', '', 8, 0, 0, 0, 0, 0, 0, 0, 0),
(311, 11, 'set4week3', 'Wednesday', '2 / 6', '', 8, 0, 0, 0, 0, 0, 0, 0, 0),
(312, 11, 'set4week4', 'Thursday', '2 / 7', '', 8, 0, 0, 0, 0, 0, 0, 0, 0),
(313, 11, 'set4week5', 'Friday', '2 / 8', '', 8, 0, 0, 0, 0, 0, 0, 0, 0),
(314, 11, 'set4week6', 'Saturday', '2 / 9', '', 0, 0, 0, 0, 0, 0, 0, 0, 0),
(315, 11, 'set4week7', 'Sunday', '2 / 10', '', 0, 0, 0, 0, 0, 0, 0, 0, 0),
(316, 12, 'set1week1', 'Monday', '1 / 14', '', 8, 0, 0, 0, 0, 0, 0, 0, 0),
(317, 12, 'set1week2', 'Tuesday', '1 / 15', '', 8, 0, 0, 0, 0, 0, 0, 0, 0),
(318, 12, 'set1week3', 'Wednesday', '1 / 16', '', 8, 0, 0, 0, 0, 0, 0, 0, 0),
(319, 12, 'set1week4', 'Thursday', '1 / 17', '', 8, 0, 0, 0, 0, 0, 0, 0, 0),
(320, 12, 'set1week5', 'Friday', '1 / 18', '', 8, 0, 0, 0, 0, 0, 0, 0, 0),
(321, 12, 'set1week6', 'Saturday', '1 / 19', '', 0, 0, 0, 0, 0, 0, 0, 0, 0),
(322, 12, 'set1week7', 'Sunday', '1 / 20', '', 0, 0, 0, 0, 0, 0, 0, 0, 0),
(323, 12, 'set2week1', 'Monday', '1 / 21', '', 2, 8, 0, 0, 0, 0, 0, 0, 0),
(324, 12, 'set2week2', 'Tuesday', '1 / 22', '', 7, 0, 0, 0, 0, 0, 1, 0, 0),
(325, 12, 'set2week3', 'Wednesday', '1 / 23', 'family', 0, 0, 0, 0, 0, 0, 8, 0, 0),
(326, 12, 'set2week4', 'Thursday', '1 / 24', '', 8, 0, 0, 0, 0, 0, 0, 0, 0),
(327, 12, 'set2week5', 'Friday', '1 / 25', '', 8, 0, 0, 0, 0, 0, 0, 0, 0),
(328, 12, 'set2week6', 'Saturday', '1 / 26', '', 0, 0, 0, 0, 0, 0, 0, 0, 0),
(329, 12, 'set2week7', 'Sunday', '1 / 27', '', 0, 0, 0, 0, 0, 0, 0, 0, 0),
(330, 12, 'set3week1', 'Monday', '1 / 28', 'dad funeral arr.', 0, 0, 0, 0, 0, 0, 8, 0, 0),
(331, 12, 'set3week2', 'Tuesday', '1 / 29', '', 8, 0, 0, 0, 0, 0, 0, 0, 0),
(332, 12, 'set3week3', 'Wednesday', '1 / 30', '', 8, 0, 0, 0, 0, 0, 0, 0, 0),
(333, 12, 'set3week4', 'Thursday', '1 / 31', 'funeral', 0, 0, 0, 0, 0, 0, 8, 0, 0),
(334, 12, 'set3week5', 'Friday', '2 / 1', 'funeral', 0, 0, 0, 0, 0, 0, 8, 0, 0),
(335, 12, 'set3week6', 'Saturday', '2 / 2', '', 0, 0, 0, 0, 0, 0, 0, 0, 0),
(336, 12, 'set3week7', 'Sunday', '2 / 3', '', 0, 0, 0, 0, 0, 0, 0, 0, 0),
(337, 12, 'set4week1', 'Monday', '2 / 4', '', 8, 0, 0, 0, 0, 0, 0, 0, 0),
(338, 12, 'set4week2', 'Tuesday', '2 / 5', '', 8, 0, 0, 0, 0, 0, 0, 0, 0),
(339, 12, 'set4week3', 'Wednesday', '2 / 6', '', 8, 0, 0, 0, 0, 0, 0, 0, 0),
(340, 12, 'set4week4', 'Thursday', '2 / 7', '', 8, 0, 0, 0, 0, 0, 0, 0, 0),
(341, 12, 'set4week5', 'Friday', '2 / 8', '', 8, 0, 0, 0, 0, 0, 0, 0, 0),
(342, 12, 'set4week6', 'Saturday', '2 / 9', '', 0, 0, 0, 0, 0, 0, 0, 0, 0),
(343, 12, 'set4week7', 'Sunday', '2 / 10', '', 0, 0, 0, 0, 0, 0, 0, 0, 0),
(344, 13, 'set1week1', 'Monday', '2 / 11', '', 8, 0, 0, 0, 0, 0, 0, 0, 0),
(345, 13, 'set1week2', 'Tuesday', '2 / 12', '', 8, 0, 0, 0, 0, 0, 0, 0, 0),
(346, 13, 'set1week3', 'Wednesday', '2 / 13', '', 8, 0, 0, 2, 0, 0, 0, 0, 0),
(347, 13, 'set1week4', 'Thursday', '2 / 14', '', 8, 0, 0, 2, 0, 0, 0, 0, 0),
(348, 13, 'set1week5', 'Friday', '2 / 15', '', 8, 0, 0, 0, 0, 0, 0, 0, 0),
(349, 13, 'set1week6', 'Saturday', '2 / 16', '', 0, 0, 0, 2, 0, 0, 0, 0, 0),
(350, 13, 'set1week7', 'Sunday', '2 / 17', '', 0, 0, 0, 0, 0, 0, 0, 0, 0),
(351, 13, 'set2week1', 'Monday', '2 / 18', '', 0, 8, 0, 0, 0, 0, 0, 0, 0),
(352, 13, 'set2week2', 'Tuesday', '2 / 19', '', 8, 0, 0, 0, 0, 0, 0, 0, 0),
(353, 13, 'set2week3', 'Wednesday', '2 / 20', '', 8, 0, 0, 0, 0, 0, 0, 0, 0),
(354, 13, 'set2week4', 'Thursday', '2 / 21', '', 0, 0, 0, 0, 0, 8, 0, 0, 0),
(355, 13, 'set2week5', 'Friday', '2 / 22', '', 0, 0, 0, 0, 0, 8, 0, 0, 0),
(356, 13, 'set2week6', 'Saturday', '2 / 23', '', 0, 0, 0, 0, 0, 0, 0, 0, 0),
(357, 13, 'set2week7', 'Sunday', '2 / 24', '', 0, 0, 0, 0, 0, 0, 0, 0, 0),
(358, 13, 'set3week1', 'Monday', '2 / 25', '', 8, 0, 0, 0, 0, 0, 0, 0, 0),
(359, 13, 'set3week2', 'Tuesday', '2 / 26', '', 8, 0, 0, 0, 0, 0, 0, 0, 0),
(360, 13, 'set3week3', 'Wednesday', '2 / 27', '', 8, 0, 0, 0, 0, 0, 0, 0, 0),
(361, 13, 'set3week4', 'Thursday', '2 / 28', '', 8, 0, 0, 0, 0, 0, 0, 0, 0),
(362, 13, 'set3week5', 'Friday', '2 / 29', '', 8, 0, 0, 0, 0, 0, 0, 0, 0),
(363, 13, 'set3week6', 'Saturday', '3 / 1', '', 0, 0, 0, 0, 0, 0, 0, 0, 0),
(364, 13, 'set3week7', 'Sunday', '3 / 2', '', 0, 0, 0, 0, 0, 0, 0, 0, 0),
(365, 13, 'set4week1', 'Monday', '3 / 3', '', 8, 0, 0, 0, 0, 0, 0, 0, 0),
(366, 13, 'set4week2', 'Tuesday', '3 / 4', '', 8, 0, 0, 3, 0, 0, 0, 0, 0),
(367, 13, 'set4week3', 'Wednesday', '3 / 5', '', 8, 0, 0, 2, 0, 0, 0, 0, 0),
(368, 13, 'set4week4', 'Thursday', '3 / 6', '', 8, 0, 0, 0, 0, 0, 0, 0, 0),
(369, 13, 'set4week5', 'Friday', '3 / 7', '', 8, 0, 0, 0, 0, 0, 0, 0, 0),
(370, 13, 'set4week6', 'Saturday', '3 / 8', '', 0, 0, 0, 0, 0, 0, 0, 0, 0),
(371, 13, 'set4week7', 'Sunday', '3 / 9', '', 0, 0, 0, 0, 0, 0, 0, 0, 0),
(372, 14, 'set1week1', 'Monday', '2 / 11', '', 8, 0, 0, 0, 0, 0, 0, 0, 0),
(373, 14, 'set1week2', 'Tuesday', '2 / 12', 'Public Works', 8, 0, 0, 0, 0, 0, 0, 1, 0),
(374, 14, 'set1week3', 'Wednesday', '2 / 13', 'Snow', 8, 0, 0, 0, 0, 0, 0, 2, 0),
(375, 15, 'set1week1', 'Monday', '2 / 11', '', 8, 0, 0, 0, 0, 0, 0, 0, 0),
(376, 15, 'set1week2', 'Tuesday', '2 / 12', '', 8, 0, 0, 0, 0, 0, 0, 0, 0),
(377, 15, 'set1week3', 'Wednesday', '2 / 13', '', 8, 0, 0, 0, 0, 0, 0, 0, 0),
(378, 15, 'set1week4', 'Thursday', '2 / 14', '', 8, 0, 0, 0, 0, 0, 0, 1.25, 0),
(379, 15, 'set1week5', 'Friday', '2 / 15', '', 8, 0, 0, 0, 0, 0, 0, 0, 0),
(380, 15, 'set1week6', 'Saturday', '2 / 16', '', 0, 0, 0, 0, 0, 0, 0, 0, 0),
(381, 15, 'set1week7', 'Sunday', '2 / 17', '', 0, 0, 0, 0, 0, 0, 0, 0, 0),
(382, 15, 'set2week1', 'Monday', '2 / 18', '', 0, 8, 0, 0, 0, 0, 0, 0, 0),
(383, 15, 'set2week2', 'Tuesday', '2 / 19', 'City Council', 8, 0, 0, 0, 0, 0, 0, 1.5, 0),
(384, 15, 'set2week3', 'Wednesday', '2 / 20', '', 8, 0, 0, 0, 0, 0, 0, 0, 0),
(385, 15, 'set2week4', 'Thursday', '2 / 21', '', 8, 0, 0, 0, 0, 0, 0, 0, 0),
(386, 15, 'set2week5', 'Friday', '2 / 22', '', 8, 0, 0, 0, 0, 0, 0, 0, 0),
(387, 15, 'set2week6', 'Saturday', '2 / 23', '', 0, 0, 0, 0, 0, 0, 0, 0, 0),
(388, 15, 'set2week7', 'Sunday', '2 / 24', '', 0, 0, 0, 0, 0, 0, 0, 0, 0),
(389, 15, 'set3week1', 'Monday', '2 / 25', '', 8, 0, 0, 0, 0, 0, 0, 0, 0),
(390, 15, 'set3week2', 'Tuesday', '2 / 26', 'Public Works', 8, 0, 0, 0, 0, 0, 0, 1, 0),
(391, 15, 'set3week3', 'Wednesday', '2 / 27', '', 8, 0, 0, 0, 0, 0, 0, 0, 0),
(392, 15, 'set3week4', 'Thursday', '2 / 28', '', 8, 0, 0, 0, 0, 0, 0, 0, 0),
(393, 15, 'set3week5', 'Friday', '2 / 29', '', 8, 0, 0, 0, 0, 0, 0, 0, 0),
(394, 15, 'set3week6', 'Saturday', '3 / 1', '', 0, 0, 0, 0, 0, 0, 0, 0, 0),
(395, 15, 'set3week7', 'Sunday', '3 / 2', '', 0, 0, 0, 0, 0, 0, 0, 0, 0),
(396, 15, 'set4week1', 'Monday', '3 / 3', 'City Council', 8, 0, 0, 0, 0, 0, 0, 2.5, 0),
(397, 15, 'set4week2', 'Tuesday', '3 / 4', 'Deadwood', 8, 0, 0, 0, 0, 0, 0, 0, 0),
(398, 15, 'set4week3', 'Wednesday', '3 / 5', 'Deadwood', 8, 0, 0, 0, 0, 0, 0, 0, 0),
(399, 15, 'set4week4', 'Thursday', '3 / 6', 'Deadwood', 8, 0, 0, 0, 0, 0, 0, 0, 0),
(400, 15, 'set4week5', 'Friday', '3 / 7', '', 8, 0, 0, 0, 0, 0, 0, 0, 0),
(401, 15, 'set4week6', 'Saturday', '3 / 8', '', 0, 0, 0, 0, 0, 0, 0, 0, 0),
(402, 15, 'set4week7', 'Sunday', '3 / 9', '', 0, 0, 0, 0, 0, 0, 0, 0, 0),
(403, 16, 'set1week1', 'Monday', '2 / 11', '', 0, 0, 0, 0, 0, 0, 0, 0, 0),
(404, 16, 'set1week2', 'Tuesday', '2 / 12', '', 0, 0, 0, 0, 0, 0, 0, 0, 0),
(405, 16, 'set1week3', 'Wednesday', '2 / 13', '', 0, 0, 0, 0, 0, 0, 0, 0, 0),
(406, 16, 'set1week4', 'Thursday', '2 / 14', '', 5, 0, 0, 0, 0, 0, 0, 0, 0),
(407, 16, 'set1week5', 'Friday', '2 / 15', '', 0, 0, 0, 0, 0, 0, 0, 0, 0),
(408, 16, 'set1week6', 'Saturday', '2 / 16', '', 0, 0, 0, 0, 0, 0, 0, 0, 0),
(409, 16, 'set1week7', 'Sunday', '2 / 17', '', 0, 0, 0, 0, 0, 0, 0, 0, 0),
(410, 16, 'set2week1', 'Monday', '2 / 18', '', 0, 0, 0, 0, 0, 0, 0, 0, 0),
(411, 16, 'set2week2', 'Tuesday', '2 / 19', '', 0, 0, 0, 0, 0, 0, 0, 0, 0),
(412, 16, 'set2week3', 'Wednesday', '2 / 20', '', 0, 0, 0, 0, 0, 0, 0, 0, 0),
(413, 16, 'set2week4', 'Thursday', '2 / 21', '', 0, 0, 0, 0, 0, 0, 0, 0, 0),
(414, 16, 'set2week5', 'Friday', '2 / 22', '', 0, 0, 0, 0, 0, 0, 0, 0, 0),
(415, 16, 'set2week6', 'Saturday', '2 / 23', '', 0, 0, 0, 0, 0, 0, 0, 0, 0),
(416, 16, 'set2week7', 'Sunday', '2 / 24', '', 0, 0, 0, 0, 0, 0, 0, 0, 0),
(417, 16, 'set3week1', 'Monday', '2 / 25', '', 0, 0, 0, 0, 0, 0, 0, 0, 0),
(418, 16, 'set3week2', 'Tuesday', '2 / 26', '', 0, 0, 0, 0, 0, 0, 0, 0, 0),
(419, 16, 'set3week3', 'Wednesday', '2 / 27', '', 0, 0, 0, 0, 0, 0, 0, 0, 0),
(420, 16, 'set3week4', 'Thursday', '2 / 28', '', 0, 0, 0, 0, 0, 0, 0, 0, 0),
(421, 16, 'set3week5', 'Friday', '2 / 29', '', 0, 0, 0, 0, 0, 0, 0, 0, 0),
(422, 16, 'set3week6', 'Saturday', '3 / 1', '', 0, 0, 0, 0, 0, 0, 0, 0, 0),
(423, 16, 'set3week7', 'Sunday', '3 / 2', '', 0, 0, 0, 0, 0, 0, 0, 0, 0),
(424, 16, 'set4week1', 'Monday', '3 / 3', '', 0, 0, 0, 0, 0, 0, 0, 0, 0),
(425, 16, 'set4week2', 'Tuesday', '3 / 4', '', 8, 0, 0, 0, 0, 0, 0, 0, 0),
(426, 16, 'set4week3', 'Wednesday', '3 / 5', '', 9, 0, 0, 0, 0, 0, 0, 0, 0),
(427, 16, 'set4week4', 'Thursday', '3 / 6', '', 8, 0, 0, 0, 0, 0, 0, 0, 0),
(428, 16, 'set4week5', 'Friday', '3 / 7', '', 0, 0, 0, 0, 0, 0, 0, 0, 0),
(429, 16, 'set4week6', 'Saturday', '3 / 8', '', 0, 0, 0, 0, 0, 0, 0, 0, 0),
(430, 16, 'set4week7', 'Sunday', '3 / 9', '', 0, 0, 0, 0, 0, 0, 0, 0, 0),
(431, 17, 'set1week1', 'Monday', '3 / 10', '', 8, 0, 0, 0, 0, 0, 0, 0, 0),
(432, 17, 'set1week2', 'Tuesday', '3 / 11', '', 8, 0, 0, 0, 0, 0, 0, 0, 0),
(433, 17, 'set1week3', 'Wednesday', '3 / 12', '', 8, 0, 0, 0, 0, 0, 0, 0, 0),
(434, 17, 'set1week4', 'Thursday', '3 / 13', '', 8, 0, 0, 0, 0, 0, 0, 0, 0),
(435, 17, 'set1week5', 'Friday', '3 / 14', '', 8, 0, 0, 0, 0, 0, 0, 0, 0),
(436, 17, 'set1week6', 'Saturday', '3 / 15', '', 0, 0, 0, 0, 0, 0, 0, 0, 0),
(437, 17, 'set1week7', 'Sunday', '3 / 16', '', 0, 0, 0, 0, 0, 0, 0, 0, 0),
(438, 17, 'set2week1', 'Monday', '3 / 17', '', 8, 0, 0, 0, 0, 0, 0, 0, 0),
(439, 17, 'set2week2', 'Tuesday', '3 / 18', '', 8, 0, 0, 0, 0, 0, 0, 0, 0),
(440, 17, 'set2week3', 'Wednesday', '3 / 19', '', 8, 0, 0, 0, 0, 0, 0, 0, 0),
(441, 17, 'set2week4', 'Thursday', '3 / 20', '', 8, 0, 0, 2, 0, 0, 0, 0, 0),
(442, 17, 'set2week5', 'Friday', '3 / 21', '', 8, 0, 0, 2, 0, 0, 0, 0, 0),
(443, 17, 'set2week6', 'Saturday', '3 / 22', '', 0, 0, 0, 0, 0, 0, 0, 0, 0),
(444, 17, 'set2week7', 'Sunday', '3 / 23', '', 0, 0, 0, 0, 0, 0, 0, 0, 0),
(445, 17, 'set3week1', 'Monday', '3 / 24', '', 8, 0, 0, 0, 0, 0, 0, 0, 0),
(446, 17, 'set3week2', 'Tuesday', '3 / 25', '', 8, 0, 0, 0, 0, 0, 0, 0, 0),
(447, 17, 'set3week3', 'Wednesday', '3 / 26', '', 8, 0, 0, 0, 0, 0, 0, 0, 0),
(448, 17, 'set3week4', 'Thursday', '3 / 27', '', 8, 0, 0, 2, 0, 0, 0, 0, 0),
(449, 17, 'set3week5', 'Friday', '3 / 28', '', 8, 0, 0, 0, 0, 0, 0, 0, 0),
(450, 17, 'set3week6', 'Saturday', '3 / 29', '', 0, 0, 0, 0, 0, 0, 0, 0, 0),
(451, 17, 'set3week7', 'Sunday', '3 / 30', '', 0, 0, 0, 0, 0, 0, 0, 0, 0),
(452, 17, 'set4week1', 'Monday', '3 / 31', '', 8, 0, 0, 0, 0, 0, 0, 0, 0),
(453, 17, 'set4week2', 'Tuesday', '4 / 1', '', 8, 0, 0, 0, 0, 0, 0, 0, 0),
(454, 17, 'set4week3', 'Wednesday', '4 / 2', '', 8, 0, 0, 0, 0, 0, 0, 0, 0),
(455, 17, 'set4week4', 'Thursday', '4 / 3', '', 8, 0, 0, 0, 0, 0, 0, 0, 0),
(456, 17, 'set4week5', 'Friday', '4 / 4', '', 8, 0, 0, 0, 0, 0, 0, 0, 0),
(457, 17, 'set4week6', 'Saturday', '4 / 5', '', 0, 0, 0, 0, 0, 0, 0, 0, 0),
(458, 17, 'set4week7', 'Sunday', '4 / 6', '', 0, 0, 0, 0, 0, 0, 0, 0, 0),
(459, 18, 'set1week1', 'Monday', '3 / 10', '', 0, 0, 0, 0, 0, 0, 0, 0, 0),
(460, 18, 'set1week2', 'Tuesday', '3 / 11', '', 0, 0, 0, 0, 0, 0, 0, 0, 0),
(461, 18, 'set1week3', 'Wednesday', '3 / 12', '', 0, 0, 0, 0, 0, 0, 0, 0, 0),
(462, 18, 'set1week4', 'Thursday', '3 / 13', '', 0, 0, 0, 0, 0, 0, 0, 0, 0),
(463, 18, 'set1week5', 'Friday', '3 / 14', '', 0, 0, 0, 0, 0, 0, 0, 0, 0),
(464, 18, 'set1week6', 'Saturday', '3 / 15', '', 0, 0, 0, 0, 0, 0, 0, 0, 0),
(465, 18, 'set1week7', 'Sunday', '3 / 16', '', 0, 0, 0, 0, 0, 0, 0, 0, 0),
(466, 18, 'set2week1', 'Monday', '3 / 17', '', 0, 0, 0, 0, 0, 0, 0, 0, 0),
(467, 18, 'set2week2', 'Tuesday', '3 / 18', '', 0, 0, 0, 0, 0, 0, 0, 0, 0),
(468, 18, 'set2week3', 'Wednesday', '3 / 19', '', 0, 0, 0, 0, 0, 0, 0, 0, 0),
(469, 18, 'set2week4', 'Thursday', '3 / 20', '', 0, 0, 0, 0, 0, 0, 0, 0, 0),
(470, 18, 'set2week5', 'Friday', '3 / 21', 'Snow Operations', 8, 0, 0, 0, 0, 0, 0, 0, 0),
(471, 18, 'set2week6', 'Saturday', '3 / 22', '', 0, 0, 0, 0, 0, 0, 0, 0, 0),
(472, 18, 'set2week7', 'Sunday', '3 / 23', '', 0, 0, 0, 0, 0, 0, 0, 0, 0),
(473, 18, 'set3week1', 'Monday', '3 / 24', '', 0, 0, 0, 0, 0, 0, 0, 0, 0),
(474, 18, 'set3week2', 'Tuesday', '3 / 25', '', 0, 0, 0, 0, 0, 0, 0, 0, 0),
(475, 18, 'set3week3', 'Wednesday', '3 / 26', '', 0, 0, 0, 0, 0, 0, 0, 0, 0),
(476, 18, 'set3week4', 'Thursday', '3 / 27', '', 0, 0, 0, 0, 0, 0, 0, 0, 0),
(477, 18, 'set3week5', 'Friday', '3 / 28', '', 0, 0, 0, 0, 0, 0, 0, 0, 0),
(478, 18, 'set3week6', 'Saturday', '3 / 29', '', 0, 0, 0, 0, 0, 0, 0, 0, 0),
(479, 18, 'set3week7', 'Sunday', '3 / 30', '', 0, 0, 0, 0, 0, 0, 0, 0, 0),
(480, 18, 'set4week1', 'Monday', '3 / 31', 'Snow Operations', 8, 0, 0, 0, 0, 0, 0, 0, 0),
(481, 18, 'set4week2', 'Tuesday', '4 / 1', '', 0, 0, 0, 0, 0, 0, 0, 0, 0),
(482, 18, 'set4week3', 'Wednesday', '4 / 2', '', 0, 0, 0, 0, 0, 0, 0, 0, 0),
(483, 18, 'set4week4', 'Thursday', '4 / 3', '', 0, 0, 0, 0, 0, 0, 0, 0, 0),
(484, 18, 'set4week5', 'Friday', '4 / 4', '', 0, 0, 0, 0, 0, 0, 0, 0, 0),
(485, 18, 'set4week6', 'Saturday', '4 / 5', '', 0, 0, 0, 0, 0, 0, 0, 0, 0),
(486, 18, 'set4week7', 'Sunday', '4 / 6', '', 0, 0, 0, 0, 0, 0, 0, 0, 0),
(487, 19, 'set1week1', 'Monday', '3 / 10', '', 8, 0, 0, 0, 0, 0, 0, 0, 0),
(488, 19, 'set1week2', 'Tuesday', '3 / 11', '', 8, 0, 0, 0, 0, 0, 0, 0, 0),
(489, 19, 'set1week3', 'Wednesday', '3 / 12', '', 8, 0, 0, 0, 0, 0, 0, 0, 0),
(490, 19, 'set1week4', 'Thursday', '3 / 13', '', 8, 0, 0, 0, 0, 0, 0, 0, 0),
(491, 19, 'set1week5', 'Friday', '3 / 14', '', 8, 0, 0, 0, 0, 0, 0, 0, 0),
(492, 19, 'set1week6', 'Saturday', '3 / 15', '', 0, 0, 0, 0, 0, 0, 0, 0, 0),
(493, 19, 'set1week7', 'Sunday', '3 / 16', '', 0, 0, 0, 0, 0, 0, 0, 0, 0),
(494, 19, 'set2week1', 'Monday', '3 / 17', '', 8, 0, 0, 0, 0, 0, 0, 0, 0),
(495, 19, 'set2week2', 'Tuesday', '3 / 18', '', 8, 0, 0, 0, 0, 0, 0, 0, 0),
(496, 19, 'set2week3', 'Wednesday', '3 / 19', '', 8, 0, 0, 0, 0, 0, 0, 0, 0),
(497, 19, 'set2week4', 'Thursday', '3 / 20', '', 8, 0, 0, 2, 0, 0, 0, 0, 0),
(498, 19, 'set2week5', 'Friday', '3 / 21', '', 8, 0, 0, 2, 0, 0, 0, 0, 0),
(499, 19, 'set2week6', 'Saturday', '3 / 22', '', 0, 0, 0, 0, 0, 0, 0, 0, 0),
(500, 19, 'set2week7', 'Sunday', '3 / 23', '', 0, 0, 0, 0, 0, 0, 0, 0, 0),
(501, 19, 'set3week1', 'Monday', '3 / 24', '', 8, 0, 0, 0, 0, 0, 0, 0, 0),
(502, 19, 'set3week2', 'Tuesday', '3 / 25', '', 8, 0, 0, 0, 0, 0, 0, 0, 0),
(503, 19, 'set3week3', 'Wednesday', '3 / 26', '', 8, 0, 0, 0, 0, 0, 0, 0, 0),
(504, 19, 'set3week4', 'Thursday', '3 / 27', '', 8, 0, 0, 0, 2, 0, 0, 0, 0),
(505, 19, 'set3week5', 'Friday', '3 / 28', '', 8, 0, 0, 0, 0, 0, 0, 0, 0),
(506, 19, 'set3week6', 'Saturday', '3 / 29', '', 0, 0, 0, 0, 0, 0, 0, 0, 0),
(507, 19, 'set3week7', 'Sunday', '3 / 30', '', 0, 0, 0, 0, 0, 0, 0, 0, 0),
(508, 19, 'set4week1', 'Monday', '3 / 31', '', 8, 0, 0, 0, 0, 0, 0, 0, 0),
(509, 19, 'set4week2', 'Tuesday', '4 / 1', '', 8, 0, 0, 0, 0, 0, 0, 0, 0),
(510, 19, 'set4week3', 'Wednesday', '4 / 2', '', 8, 0, 0, 0, 0, 0, 0, 0, 0),
(511, 19, 'set4week4', 'Thursday', '4 / 3', '', 8, 0, 0, 0, 0, 0, 0, 0, 0),
(512, 19, 'set4week5', 'Friday', '4 / 4', '', 8, 0, 0, 0, 0, 0, 0, 0, 0),
(513, 19, 'set4week6', 'Saturday', '4 / 5', '', 0, 0, 0, 0, 0, 0, 0, 0, 0),
(514, 19, 'set4week7', 'Sunday', '4 / 6', '', 0, 0, 0, 0, 0, 0, 0, 0, 0),
(515, 19, 'set5week1', 'Monday', '4 / 7', '', 8, 0, 0, 0, 0, 0, 0, 0, 0),
(516, 19, 'set5week2', 'Tuesday', '4 / 8', 'family', 6, 0, 0, 0, 0, 0, 2, 0, 0),
(517, 19, 'set5week3', 'Wednesday', '4 / 9', '', 8, 0, 0, 0, 0, 0, 0, 0, 0),
(518, 19, 'set5week4', 'Thursday', '4 / 10', 'family', 7, 0, 0, 2, 0, 0, 1, 0, 0),
(519, 19, 'set5week5', 'Friday', '4 / 11', '', 8, 0, 0, 2, 0, 0, 0, 0, 0),
(520, 19, 'set5week6', 'Saturday', '4 / 12', '', 0, 0, 0, 0, 0, 0, 0, 0, 0),
(521, 19, 'set5week7', 'Sunday', '4 / 13', '', 0, 0, 0, 0, 0, 0, 0, 0, 0),
(522, 20, 'set1week1', 'Monday', '3 / 10', '', 8, 0, 0, 0, 0, 0, 0, 0, 0),
(523, 20, 'set1week2', 'Tuesday', '3 / 11', '', 8, 0, 0, 0, 0, 0, 0, 0, 0),
(524, 20, 'set1week3', 'Wednesday', '3 / 12', '', 8, 0, 0, 0, 0, 0, 0, 0, 0),
(525, 20, 'set1week4', 'Thursday', '3 / 13', '', 8, 0, 0, 0, 0, 0, 0, 0, 0),
(526, 20, 'set1week5', 'Friday', '3 / 14', '', 8, 0, 0, 0, 0, 0, 0, 0, 0),
(527, 20, 'set1week6', 'Saturday', '3 / 15', '', 0, 0, 0, 0, 0, 0, 0, 0, 0),
(528, 20, 'set1week7', 'Sunday', '3 / 16', '', 0, 0, 0, 0, 0, 0, 0, 0, 0),
(529, 20, 'set2week1', 'Monday', '3 / 17', '', 8, 0, 0, 0, 0, 0, 0, 0, 0),
(530, 20, 'set2week2', 'Tuesday', '3 / 18', '', 8, 8, 0, 0, 0, 0, 0, 0, 0),
(531, 20, 'set2week3', 'Wednesday', '3 / 19', '', 8, 0, 0, 0, 0, 0, 0, 0, 0),
(532, 20, 'set2week4', 'Thursday', '3 / 20', '', 8, 0, 0, 0, 0, 0, 0, 0, 0),
(533, 20, 'set2week5', 'Friday', '3 / 21', '', 8, 0, 0, 0, 0, 0, 0, 0, 0),
(534, 20, 'set2week6', 'Saturday', '3 / 22', '', 0, 0, 0, 0, 0, 0, 0, 0, 0),
(535, 20, 'set2week7', 'Sunday', '3 / 23', '', 0, 0, 0, 0, 0, 0, 0, 0, 0),
(536, 20, 'set3week1', 'Monday', '3 / 24', '', 8, 0, 0, 0, 0, 0, 0, 0, 0),
(537, 20, 'set3week2', 'Tuesday', '3 / 25', '', 8, 0, 0, 0, 0, 0, 0, 0, 0),
(538, 20, 'set3week3', 'Wednesday', '3 / 26', '', 8, 0, 0, 0, 0, 0, 0, 0, 0),
(539, 20, 'set3week4', 'Thursday', '3 / 27', '', 8, 0, 0, 0, 0, 0, 0, 0, 0),
(540, 20, 'set3week5', 'Friday', '3 / 28', '', 8, 0, 0, 0, 0, 0, 0, 0, 0),
(541, 20, 'set3week6', 'Saturday', '3 / 29', '', 0, 0, 0, 0, 0, 0, 0, 0, 0),
(542, 20, 'set3week7', 'Sunday', '3 / 30', '', 0, 0, 0, 0, 0, 0, 0, 0, 0),
(543, 20, 'set4week1', 'Monday', '3 / 31', '', 8, 0, 0, 0, 0, 0, 0, 0, 0),
(544, 20, 'set4week2', 'Tuesday', '4 / 1', '', 8, 0, 0, 0, 0, 0, 0, 0, 0),
(545, 20, 'set4week3', 'Wednesday', '4 / 2', '', 8, 0, 0, 0, 0, 0, 0, 0, 0),
(546, 20, 'set4week4', 'Thursday', '4 / 3', '', 8, 0, 0, 0, 0, 0, 0, 0, 0),
(547, 20, 'set4week5', 'Friday', '4 / 4', '', 8, 0, 0, 0, 0, 0, 0, 0, 0),
(548, 20, 'set4week6', 'Saturday', '4 / 5', '', 0, 0, 0, 0, 0, 0, 0, 0, 0),
(549, 20, 'set4week7', 'Sunday', '4 / 6', '', 0, 0, 0, 0, 0, 0, 0, 0, 0),
(550, 20, 'set5week1', 'Monday', '4 / 7', '', 8, 0, 0, 0, 0, 0, 0, 0, 0),
(551, 20, 'set5week2', 'Tuesday', '4 / 8', '', 8, 0, 0, 0, 0, 0, 0, 0, 0),
(552, 20, 'set5week3', 'Wednesday', '4 / 9', '', 8, 0, 0, 0, 0, 0, 0, 0, 0),
(553, 20, 'set5week4', 'Thursday', '4 / 10', '', 8, 0, 0, 0, 0, 0, 0, 0, 0),
(554, 20, 'set5week5', 'Friday', '4 / 11', '', 8, 0, 0, 0, 0, 0, 0, 0, 0),
(555, 20, 'set5week6', 'Saturday', '4 / 12', '', 0, 0, 0, 0, 0, 0, 0, 0, 0),
(556, 20, 'set5week7', 'Sunday', '4 / 13', '', 0, 0, 0, 0, 0, 0, 0, 0, 0),
(557, 21, 'set1week1', 'Monday', '4 / 14', '', 8, 0, 0, 0, 0, 0, 0, 0, 0),
(558, 21, 'set1week2', 'Tuesday', '4 / 15', '', 8, 0, 0, 0, 0, 0, 0, 0, 0),
(559, 21, 'set1week3', 'Wednesday', '4 / 16', '', 8, 0, 0, 0, 0, 0, 0, 0, 0),
(560, 21, 'set1week4', 'Thursday', '4 / 17', 'Fence Issues', 8, 0, 0, 0, 0, 0, 0, 1, 0),
(561, 21, 'set1week5', 'Friday', '4 / 18', '', 8, 0, 0, 0, 0, 0, 0, 0, 0),
(562, 21, 'set1week6', 'Saturday', '4 / 19', 'Gate Issue', 0, 0, 0, 0, 0, 0, 0, 1, 0),
(563, 21, 'set1week7', 'Sunday', '4 / 20', '', 0, 0, 0, 0, 0, 0, 0, 0, 0),
(564, 21, 'set2week1', 'Monday', '4 / 21', 'City Council', 7, 0, 0, 0, 0, 0, 0, 1.5, 1),
(565, 21, 'set2week2', 'Tuesday', '4 / 22', 'Public Works', 8, 0, 0, 0, 0, 0, 0, 1, 0),
(566, 21, 'set2week3', 'Wednesday', '4 / 23', '', 8, 0, 0, 0, 0, 0, 0, 0, 0),
(567, 21, 'set2week4', 'Thursday', '4 / 24', '', 8, 0, 0, 0, 0, 0, 0, 0, 0),
(568, 21, 'set2week5', 'Friday', '4 / 25', '', 8, 0, 0, 0, 0, 0, 0, 0, 0),
(569, 21, 'set2week6', 'Saturday', '4 / 26', '', 0, 0, 0, 0, 0, 0, 0, 0, 0),
(570, 21, 'set2week7', 'Sunday', '4 / 27', '', 0, 0, 0, 0, 0, 0, 0, 0, 0),
(571, 21, 'set3week1', 'Monday', '4 / 28', '', 8, 0, 0, 0, 0, 0, 0, 0, 0),
(572, 21, 'set3week2', 'Tuesday', '4 / 29', '', 8, 0, 0, 0, 0, 0, 0, 0, 0),
(573, 21, 'set3week3', 'Wednesday', '4 / 30', '', 8, 0, 0, 0, 0, 0, 0, 0, 0),
(574, 21, 'set3week4', 'Thursday', '5 / 1', '', 8, 0, 0, 0, 0, 0, 0, 0, 0),
(575, 21, 'set3week5', 'Friday', '5 / 2', '', 8, 0, 0, 0, 0, 0, 0, 0, 0),
(576, 21, 'set3week6', 'Saturday', '5 / 3', '', 0, 0, 0, 0, 0, 0, 0, 0, 0),
(577, 21, 'set3week7', 'Sunday', '5 / 4', '', 0, 0, 0, 0, 0, 0, 0, 0, 0),
(578, 21, 'set4week1', 'Monday', '5 / 5', 'City Council', 7, 0, 0, 0, 0, 0, 0, 1.5, 1),
(579, 21, 'set4week2', 'Tuesday', '5 / 6', '', 8, 0, 0, 0, 0, 0, 0, 0, 0),
(580, 21, 'set4week3', 'Wednesday', '5 / 7', '', 8, 0, 0, 0, 0, 0, 0, 0, 0),
(581, 21, 'set4week4', 'Thursday', '5 / 8', '', 8, 0, 0, 0, 0, 0, 0, 0, 0),
(582, 21, 'set4week5', 'Friday', '5 / 9', '', 8, 0, 0, 0, 0, 0, 0, 0, 0),
(583, 21, 'set4week6', 'Saturday', '5 / 10', '', 0, 0, 0, 0, 0, 0, 0, 0, 0),
(584, 21, 'set4week7', 'Sunday', '5 / 11', '', 0, 0, 0, 0, 0, 0, 0, 0, 0),
(585, 22, 'set1week1', 'Monday', '3 / 10', '', 8, 0, 0, 0, 0, 0, 0, 0, 0),
(586, 22, 'set1week2', 'Tuesday', '3 / 11', 'Public Works', 8, 0, 0, 0, 0, 0, 0, 1, 0),
(587, 22, 'set1week3', 'Wednesday', '3 / 12', '', 8, 0, 0, 0, 0, 0, 0, 0, 0),
(588, 22, 'set1week4', 'Thursday', '3 / 13', '', 8, 0, 0, 0, 0, 0, 0, 0, 0),
(589, 22, 'set1week5', 'Friday', '3 / 14', '', 8, 0, 0, 0, 0, 0, 0, 0, 0),
(590, 22, 'set1week6', 'Saturday', '3 / 15', '', 0, 0, 0, 0, 0, 0, 0, 0, 0),
(591, 22, 'set1week7', 'Sunday', '3 / 16', '', 0, 0, 0, 0, 0, 0, 0, 0, 0),
(592, 22, 'set2week1', 'Monday', '3 / 17', 'City Council', 7, 0, 0, 0, 0, 0, 0, 1.75, 1),
(593, 22, 'set2week2', 'Tuesday', '3 / 18', '', 8, 0, 0, 0, 0, 0, 0, 0, 0),
(594, 22, 'set2week3', 'Wednesday', '3 / 19', '', 8, 0, 0, 0, 0, 0, 0, 0, 0),
(595, 22, 'set2week4', 'Thursday', '3 / 20', '', 8, 0, 0, 0, 0, 0, 0, 0, 0),
(596, 22, 'set2week5', 'Friday', '3 / 21', '', 8, 0, 0, 0, 0, 0, 0, 0, 0),
(597, 22, 'set2week6', 'Saturday', '3 / 22', '', 0, 0, 0, 0, 0, 0, 0, 0, 0),
(598, 22, 'set2week7', 'Sunday', '3 / 23', '', 0, 0, 0, 0, 0, 0, 0, 0, 0),
(599, 22, 'set3week1', 'Monday', '3 / 24', '', 8, 0, 0, 0, 0, 0, 0, 0, 0),
(600, 22, 'set3week2', 'Tuesday', '3 / 25', 'Public Works', 8, 0, 0, 0, 0, 0, 0, 1, 0),
(601, 22, 'set3week3', 'Wednesday', '3 / 26', '', 8, 0, 0, 0, 0, 0, 0, 0, 0),
(602, 22, 'set3week4', 'Thursday', '3 / 27', '', 8, 0, 0, 0, 0, 0, 0, 0, 0),
(603, 22, 'set3week5', 'Friday', '3 / 28', '', 8, 0, 0, 0, 0, 0, 0, 0, 0),
(604, 22, 'set3week6', 'Saturday', '3 / 29', '', 0, 0, 0, 0, 0, 0, 0, 0, 0),
(605, 22, 'set3week7', 'Sunday', '3 / 30', '', 0, 0, 0, 0, 0, 0, 0, 0, 0),
(606, 22, 'set4week1', 'Monday', '3 / 31', '', 8, 0, 0, 0, 0, 0, 0, 0, 0),
(607, 22, 'set4week2', 'Tuesday', '4 / 1', '', 8, 0, 0, 0, 0, 0, 0, 0, 0),
(608, 22, 'set4week3', 'Wednesday', '4 / 2', '', 8, 0, 0, 0, 0, 0, 0, 0, 0),
(609, 22, 'set4week4', 'Thursday', '4 / 3', '', 8, 0, 0, 0, 0, 0, 0, 0, 0),
(610, 22, 'set4week5', 'Friday', '4 / 4', '', 8, 0, 0, 0, 0, 0, 0, 0, 0),
(611, 22, 'set4week6', 'Saturday', '4 / 5', '', 0, 0, 0, 0, 0, 0, 0, 0, 0),
(612, 22, 'set4week7', 'Sunday', '4 / 6', '', 0, 0, 0, 0, 0, 0, 0, 0, 0),
(613, 22, 'set5week1', 'Monday', '4 / 7', 'City Council', 7, 0, 0, 0, 0, 0, 0, 1.5, 1),
(614, 22, 'set5week2', 'Tuesday', '4 / 8', 'Public Works', 8, 0, 0, 0, 0, 0, 0, 1, 0),
(615, 22, 'set5week3', 'Wednesday', '4 / 9', '', 8, 0, 0, 0, 0, 0, 0, 0, 0),
(616, 22, 'set5week4', 'Thursday', '4 / 10', '', 8, 0, 0, 0, 0, 0, 0, 0, 0),
(617, 22, 'set5week5', 'Friday', '4 / 11', '', 8, 0, 0, 0, 0, 0, 0, 0, 0),
(618, 22, 'set5week6', 'Saturday', '4 / 12', '', 0, 0, 0, 0, 0, 0, 0, 0, 0),
(619, 22, 'set5week7', 'Sunday', '4 / 13', '', 0, 0, 0, 0, 0, 0, 0, 0, 0),
(620, 23, 'set1week1', 'Monday', '3 / 10', '', 0, 0, 0, 0, 0, 0, 0, 0, 0),
(621, 23, 'set1week2', 'Tuesday', '3 / 11', '', 0, 0, 0, 0, 0, 0, 0, 0, 0),
(622, 23, 'set1week3', 'Wednesday', '3 / 12', '', 0, 0, 0, 0, 0, 0, 0, 0, 0),
(623, 23, 'set1week4', 'Thursday', '3 / 13', '', 0, 0, 0, 0, 0, 0, 0, 0, 0),
(624, 23, 'set1week5', 'Friday', '3 / 14', '', 0, 0, 0, 0, 0, 0, 0, 0, 0),
(625, 23, 'set1week6', 'Saturday', '3 / 15', '', 0, 0, 0, 0, 0, 0, 0, 0, 0),
(626, 23, 'set1week7', 'Sunday', '3 / 16', '', 0, 0, 0, 0, 0, 0, 0, 0, 0),
(627, 23, 'set2week1', 'Monday', '3 / 17', '', 0, 0, 0, 0, 0, 0, 0, 0, 0),
(628, 23, 'set2week2', 'Tuesday', '3 / 18', '', 0, 0, 0, 0, 0, 0, 0, 0, 0),
(629, 23, 'set2week3', 'Wednesday', '3 / 19', '', 0, 0, 0, 0, 0, 0, 0, 0, 0),
(630, 23, 'set2week4', 'Thursday', '3 / 20', '', 0, 0, 0, 0, 0, 0, 0, 0, 0),
(631, 23, 'set2week5', 'Friday', '3 / 21', '', 8, 0, 0, 0, 0, 0, 0, 0, 0),
(632, 23, 'set2week6', 'Saturday', '3 / 22', '', 0, 0, 0, 0, 0, 0, 0, 0, 0),
(633, 23, 'set2week7', 'Sunday', '3 / 23', '', 0, 0, 0, 0, 0, 0, 0, 0, 0),
(634, 23, 'set3week1', 'Monday', '3 / 24', '', 0, 0, 0, 0, 0, 0, 0, 0, 0),
(635, 23, 'set3week2', 'Tuesday', '3 / 25', '', 0, 0, 0, 0, 0, 0, 0, 0, 0),
(636, 23, 'set3week3', 'Wednesday', '3 / 26', '', 0, 0, 0, 0, 0, 0, 0, 0, 0),
(637, 23, 'set3week4', 'Thursday', '3 / 27', '', 0, 0, 0, 0, 0, 0, 0, 0, 0),
(638, 23, 'set3week5', 'Friday', '3 / 28', '', 0, 0, 0, 0, 0, 0, 0, 0, 0),
(639, 23, 'set3week6', 'Saturday', '3 / 29', '', 0, 0, 0, 0, 0, 0, 0, 0, 0),
(640, 23, 'set3week7', 'Sunday', '3 / 30', '', 0, 0, 0, 0, 0, 0, 0, 0, 0),
(641, 23, 'set4week1', 'Monday', '3 / 31', '', 8, 0, 0, 0, 0, 0, 0, 0, 0),
(642, 23, 'set4week2', 'Tuesday', '4 / 1', '', 0, 0, 0, 0, 0, 0, 0, 0, 0),
(643, 23, 'set4week3', 'Wednesday', '4 / 2', '', 0, 0, 0, 0, 0, 0, 0, 0, 0),
(644, 23, 'set4week4', 'Thursday', '4 / 3', '', 0, 0, 0, 0, 0, 0, 0, 0, 0),
(645, 23, 'set4week5', 'Friday', '4 / 4', '', 0, 0, 0, 0, 0, 0, 0, 0, 0),
(646, 23, 'set4week6', 'Saturday', '4 / 5', '', 0, 0, 0, 0, 0, 0, 0, 0, 0),
(647, 23, 'set4week7', 'Sunday', '4 / 6', '', 0, 0, 0, 0, 0, 0, 0, 0, 0),
(648, 23, 'set5week1', 'Monday', '4 / 7', '', 0, 0, 0, 0, 0, 0, 0, 0, 0),
(649, 23, 'set5week2', 'Tuesday', '4 / 8', '', 0, 0, 0, 0, 0, 0, 0, 0, 0),
(650, 23, 'set5week3', 'Wednesday', '4 / 9', '', 0, 0, 0, 0, 0, 0, 0, 0, 0),
(651, 23, 'set5week4', 'Thursday', '4 / 10', '', 0, 0, 0, 0, 0, 0, 0, 0, 0),
(652, 23, 'set5week5', 'Friday', '4 / 11', '', 8, 0, 0, 0, 0, 0, 0, 0, 0),
(653, 23, 'set5week6', 'Saturday', '4 / 12', '', 0, 0, 0, 0, 0, 0, 0, 0, 0),
(654, 23, 'set5week7', 'Sunday', '4 / 13', '', 0, 0, 0, 0, 0, 0, 0, 0, 0),
(655, 24, 'set1week1', 'Monday', '4 / 14', '', 8, 0, 0, 0, 0, 0, 0, 0, 0),
(656, 24, 'set1week2', 'Tuesday', '4 / 15', '', 8, 0, 0, 0, 0, 0, 0, 0, 0),
(657, 24, 'set1week3', 'Wednesday', '4 / 16', '', 8, 0, 0, 0, 0, 0, 0, 0, 0),
(658, 24, 'set1week4', 'Thursday', '4 / 17', '', 8, 0, 0, 0, 0, 0, 0, 0, 0),
(659, 24, 'set1week5', 'Friday', '4 / 18', '', 8, 0, 0, 0, 0, 0, 0, 0, 0),
(660, 24, 'set1week6', 'Saturday', '4 / 19', '', 0, 0, 0, 0, 0, 0, 0, 0, 0),
(661, 24, 'set1week7', 'Sunday', '4 / 20', '', 0, 0, 0, 0, 0, 0, 0, 0, 0),
(662, 24, 'set2week1', 'Monday', '4 / 21', '', 8, 0, 0, 0, 0, 0, 0, 0, 0),
(663, 24, 'set2week2', 'Tuesday', '4 / 22', '', 8, 0, 0, 0, 0, 0, 0, 0, 0),
(664, 24, 'set2week3', 'Wednesday', '4 / 23', '', 8, 0, 0, 0, 0, 0, 0, 0, 0),
(665, 24, 'set2week4', 'Thursday', '4 / 24', '', 8, 0, 0, 0, 0, 0, 0, 0, 0),
(666, 24, 'set2week5', 'Friday', '4 / 25', '', 8, 0, 0, 2, 0, 0, 0, 0, 0),
(667, 24, 'set2week6', 'Saturday', '4 / 26', '', 0, 0, 0, 13, 0, 0, 0, 0, 0),
(668, 24, 'set2week7', 'Sunday', '4 / 27', '', 0, 0, 0, 0, 0, 0, 0, 0, 0);
INSERT INTO `tbl_timesheets_sub_w` (`week_id`, `time_sheet_parent`, `week1_stringname`, `week1_day`, `week1_date`, `week1_notes`, `week1_reg_hours`, `week1_hol_hours`, `week1_hol_pay`, `week1_ot`, `week1_dt`, `week1_vl`, `week1_sl`, `week1_ce`, `week1_ct`) VALUES
(669, 24, 'set3week1', 'Monday', '4 / 28', '', 8, 0, 0, 0, 0, 0, 0, 0, 0),
(670, 24, 'set3week2', 'Tuesday', '4 / 29', '', 8, 0, 0, 0, 0, 0, 0, 0, 0),
(671, 24, 'set3week3', 'Wednesday', '4 / 30', '', 8, 0, 0, 0, 0, 0, 0, 0, 0),
(672, 24, 'set3week4', 'Thursday', '5 / 1', '', 8, 0, 0, 0, 0, 0, 0, 0, 0),
(673, 24, 'set3week5', 'Friday', '5 / 2', '', 8, 0, 0, 0, 0, 0, 0, 0, 0),
(674, 24, 'set3week6', 'Saturday', '5 / 3', '', 0, 0, 0, 0, 0, 0, 0, 0, 0),
(675, 24, 'set3week7', 'Sunday', '5 / 4', '', 0, 0, 0, 0, 0, 0, 0, 0, 0),
(676, 24, 'set4week1', 'Monday', '5 / 5', 'clean up', 8, 0, 0, 3, 0, 0, 0, 0, 0),
(677, 24, 'set4week2', 'Tuesday', '5 / 6', 'clean up', 8, 0, 0, 3, 0, 0, 0, 0, 0),
(678, 24, 'set4week3', 'Wednesday', '5 / 7', 'clean up', 8, 0, 0, 3, 0, 0, 0, 0, 0),
(679, 24, 'set4week4', 'Thursday', '5 / 8', 'clean up', 8, 0, 0, 3, 0, 0, 0, 0, 0),
(680, 24, 'set4week5', 'Friday', '5 / 9', 'clean up', 8, 0, 0, 3, 0, 0, 0, 0, 0),
(681, 24, 'set4week6', 'Saturday', '5 / 10', '', 0, 0, 0, 0, 0, 0, 0, 0, 0),
(682, 24, 'set4week7', 'Sunday', '5 / 11', '', 0, 0, 0, 0, 0, 0, 0, 0, 0),
(683, 25, 'set1week1', 'Monday', '4 / 14', '', 0, 0, 0, 0, 0, 0, 0, 0, 0),
(684, 25, 'set1week2', 'Tuesday', '4 / 15', '', 0, 0, 0, 0, 0, 0, 0, 0, 0),
(685, 25, 'set1week3', 'Wednesday', '4 / 16', '', 0, 0, 0, 0, 0, 0, 0, 0, 0),
(686, 25, 'set1week4', 'Thursday', '4 / 17', '', 0, 0, 0, 0, 0, 0, 0, 0, 0),
(687, 25, 'set1week5', 'Friday', '4 / 18', '', 0, 0, 0, 0, 0, 0, 0, 0, 0),
(688, 25, 'set1week6', 'Saturday', '4 / 19', '', 0, 0, 0, 0, 0, 0, 0, 0, 0),
(689, 25, 'set1week7', 'Sunday', '4 / 20', '', 0, 0, 0, 0, 0, 0, 0, 0, 0),
(690, 25, 'set2week1', 'Monday', '4 / 21', '', 0, 0, 0, 0, 0, 0, 0, 0, 0),
(691, 25, 'set2week2', 'Tuesday', '4 / 22', '', 0, 0, 0, 0, 0, 0, 0, 0, 0),
(692, 25, 'set2week3', 'Wednesday', '4 / 23', '', 0, 0, 0, 0, 0, 0, 0, 0, 0),
(693, 25, 'set2week4', 'Thursday', '4 / 24', '', 0, 0, 0, 0, 0, 0, 0, 0, 0),
(694, 25, 'set2week5', 'Friday', '4 / 25', '', 0, 0, 0, 0, 0, 0, 0, 0, 0),
(695, 25, 'set2week6', 'Saturday', '4 / 26', '', 0, 0, 0, 0, 0, 0, 0, 0, 0),
(696, 25, 'set2week7', 'Sunday', '4 / 27', '', 0, 0, 0, 0, 0, 0, 0, 0, 0),
(697, 25, 'set3week1', 'Monday', '4 / 28', 'Emp Ort.', 3, 0, 0, 0, 0, 0, 0, 0, 0),
(698, 25, 'set3week2', 'Tuesday', '4 / 29', '', 0, 0, 0, 0, 0, 0, 0, 0, 0),
(699, 25, 'set3week3', 'Wednesday', '4 / 30', '', 0, 0, 0, 0, 0, 0, 0, 0, 0),
(700, 25, 'set3week4', 'Thursday', '5 / 1', '', 0, 0, 0, 0, 0, 0, 0, 0, 0),
(701, 25, 'set3week5', 'Friday', '5 / 2', '', 0, 0, 0, 0, 0, 0, 0, 0, 0),
(702, 25, 'set3week6', 'Saturday', '5 / 3', '', 0, 0, 0, 0, 0, 0, 0, 0, 0),
(703, 25, 'set3week7', 'Sunday', '5 / 4', '', 0, 0, 0, 0, 0, 0, 0, 0, 0),
(704, 25, 'set4week1', 'Monday', '5 / 5', '', 8, 0, 0, 0, 0, 0, 0, 0, 0),
(705, 25, 'set4week2', 'Tuesday', '5 / 6', '', 8, 0, 0, 0, 0, 0, 0, 0, 0),
(706, 25, 'set4week3', 'Wednesday', '5 / 7', '', 8, 0, 0, 0, 0, 0, 0, 0, 0),
(707, 25, 'set4week4', 'Thursday', '5 / 8', '', 8, 0, 0, 0, 0, 0, 0, 0, 0),
(708, 25, 'set4week5', 'Friday', '5 / 9', '', 8, 0, 0, 0, 0, 0, 0, 0, 0),
(709, 25, 'set4week6', 'Saturday', '5 / 10', '', 0, 0, 0, 0, 0, 0, 0, 0, 0),
(710, 25, 'set4week7', 'Sunday', '5 / 11', '', 0, 0, 0, 0, 0, 0, 0, 0, 0),
(711, 26, 'set1week1', 'Monday', '4 / 14', '', 0, 0, 0, 0, 0, 0, 0, 0, 0),
(712, 26, 'set1week2', 'Tuesday', '4 / 15', '', 0, 0, 0, 0, 0, 0, 0, 0, 0),
(713, 26, 'set1week3', 'Wednesday', '4 / 16', '', 0, 0, 0, 0, 0, 0, 0, 0, 0),
(714, 26, 'set1week4', 'Thursday', '4 / 17', '', 0, 0, 0, 0, 0, 0, 0, 0, 0),
(715, 26, 'set1week5', 'Friday', '4 / 18', '', 0, 0, 0, 0, 0, 0, 0, 0, 0),
(716, 26, 'set1week6', 'Saturday', '4 / 19', '', 0, 0, 0, 0, 0, 0, 0, 0, 0),
(717, 26, 'set1week7', 'Sunday', '4 / 20', '', 0, 0, 0, 0, 0, 0, 0, 0, 0),
(718, 26, 'set2week1', 'Monday', '4 / 21', '', 0, 0, 0, 0, 0, 0, 0, 0, 0),
(719, 26, 'set2week2', 'Tuesday', '4 / 22', '', 0, 0, 0, 0, 0, 0, 0, 0, 0),
(720, 26, 'set2week3', 'Wednesday', '4 / 23', '', 0, 0, 0, 0, 0, 0, 0, 0, 0),
(721, 26, 'set2week4', 'Thursday', '4 / 24', '', 0, 0, 0, 0, 0, 0, 0, 0, 0),
(722, 26, 'set2week5', 'Friday', '4 / 25', '', 0, 0, 0, 0, 0, 0, 0, 0, 0),
(723, 26, 'set2week6', 'Saturday', '4 / 26', '', 0, 0, 0, 0, 0, 0, 0, 0, 0),
(724, 26, 'set2week7', 'Sunday', '4 / 27', '', 0, 0, 0, 0, 0, 0, 0, 0, 0),
(725, 26, 'set3week1', 'Monday', '4 / 28', '', 0, 0, 0, 0, 0, 0, 0, 0, 0),
(726, 26, 'set3week2', 'Tuesday', '4 / 29', '', 0, 0, 0, 0, 0, 0, 0, 0, 0),
(727, 26, 'set3week3', 'Wednesday', '4 / 30', '', 0, 0, 0, 0, 0, 0, 0, 0, 0),
(728, 26, 'set3week4', 'Thursday', '5 / 1', '', 0, 0, 0, 0, 0, 0, 0, 0, 0),
(729, 26, 'set3week5', 'Friday', '5 / 2', '', 0, 0, 0, 0, 0, 0, 0, 0, 0),
(730, 26, 'set3week6', 'Saturday', '5 / 3', '', 8, 0, 0, 0, 0, 0, 0, 0, 0),
(731, 26, 'set3week7', 'Sunday', '5 / 4', '', 0, 0, 0, 0, 0, 0, 0, 0, 0),
(732, 26, 'set4week1', 'Monday', '5 / 5', '', 8, 0, 0, 0, 0, 0, 0, 0, 0),
(733, 26, 'set4week2', 'Tuesday', '5 / 6', '', 8, 0, 0, 0, 0, 0, 0, 0, 0),
(734, 26, 'set4week3', 'Wednesday', '5 / 7', '', 8, 0, 0, 0, 0, 0, 0, 0, 0),
(735, 26, 'set4week4', 'Thursday', '5 / 8', '', 8, 0, 0, 0, 0, 0, 0, 0, 0),
(736, 26, 'set4week5', 'Friday', '5 / 9', '', 8, 0, 0, 0, 0, 0, 0, 0, 0),
(737, 26, 'set4week6', 'Saturday', '5 / 10', '', 0, 0, 0, 0, 0, 0, 0, 0, 0),
(738, 26, 'set4week7', 'Sunday', '5 / 11', '', 0, 0, 0, 0, 0, 0, 0, 0, 0),
(739, 27, 'set1week1', 'Monday', '4 / 14', '', 0, 0, 0, 0, 0, 0, 0, 0, 0),
(740, 27, 'set1week2', 'Tuesday', '4 / 15', '', 0, 0, 0, 0, 0, 0, 0, 0, 0),
(741, 27, 'set1week3', 'Wednesday', '4 / 16', '', 0, 0, 0, 0, 0, 0, 0, 0, 0),
(742, 27, 'set1week4', 'Thursday', '4 / 17', '', 0, 0, 0, 0, 0, 0, 0, 0, 0),
(743, 27, 'set1week5', 'Friday', '4 / 18', '', 0, 0, 0, 0, 0, 0, 0, 0, 0),
(744, 27, 'set1week6', 'Saturday', '4 / 19', '', 0, 0, 0, 0, 0, 0, 0, 0, 0),
(745, 27, 'set1week7', 'Sunday', '4 / 20', '', 0, 0, 0, 0, 0, 0, 0, 0, 0),
(746, 27, 'set2week1', 'Monday', '4 / 21', '', 0, 0, 0, 0, 0, 0, 0, 0, 0),
(747, 27, 'set2week2', 'Tuesday', '4 / 22', '', 0, 0, 0, 0, 0, 0, 0, 0, 0),
(748, 27, 'set2week3', 'Wednesday', '4 / 23', '', 0, 0, 0, 0, 0, 0, 0, 0, 0),
(749, 27, 'set2week4', 'Thursday', '4 / 24', '', 0, 0, 0, 0, 0, 0, 0, 0, 0),
(750, 27, 'set2week5', 'Friday', '4 / 25', '', 0, 0, 0, 0, 0, 0, 0, 0, 0),
(751, 27, 'set2week6', 'Saturday', '4 / 26', '', 0, 0, 0, 0, 0, 0, 0, 0, 0),
(752, 27, 'set2week7', 'Sunday', '4 / 27', '', 0, 0, 0, 0, 0, 0, 0, 0, 0),
(753, 27, 'set3week1', 'Monday', '4 / 28', '', 0, 0, 0, 0, 0, 0, 0, 0, 0),
(754, 27, 'set3week2', 'Tuesday', '4 / 29', '', 0, 0, 0, 0, 0, 0, 0, 0, 0),
(755, 27, 'set3week3', 'Wednesday', '4 / 30', '', 0, 0, 0, 0, 0, 0, 0, 0, 0),
(756, 27, 'set3week4', 'Thursday', '5 / 1', '', 0, 0, 0, 0, 0, 0, 0, 0, 0),
(757, 27, 'set3week5', 'Friday', '5 / 2', '', 0, 0, 0, 0, 0, 0, 0, 0, 0),
(758, 27, 'set3week6', 'Saturday', '5 / 3', '', 0, 0, 0, 0, 0, 0, 0, 0, 0),
(759, 27, 'set3week7', 'Sunday', '5 / 4', '', 0, 0, 0, 0, 0, 0, 0, 0, 0),
(760, 27, 'set4week1', 'Monday', '5 / 5', '', 8, 0, 0, 0, 0, 0, 0, 0, 0),
(761, 27, 'set4week2', 'Tuesday', '5 / 6', '', 8, 0, 0, 0, 0, 0, 0, 0, 0),
(762, 27, 'set4week3', 'Wednesday', '5 / 7', '', 8, 0, 0, 0, 0, 0, 0, 0, 0),
(763, 27, 'set4week4', 'Thursday', '5 / 8', '', 8, 0, 0, 0, 0, 0, 0, 0, 0),
(764, 27, 'set4week5', 'Friday', '5 / 9', '', 8, 0, 0, 0, 0, 0, 0, 0, 0),
(765, 27, 'set4week6', 'Saturday', '5 / 10', '', 0, 0, 0, 0, 0, 0, 0, 0, 0),
(766, 27, 'set4week7', 'Sunday', '5 / 11', '', 0, 0, 0, 0, 0, 0, 0, 0, 0),
(767, 28, 'set1week1', 'Monday', '5 / 12', 'emp ort.', 8, 0, 0, 0, 0, 0, 0, 0, 0),
(768, 28, 'set1week2', 'Tuesday', '5 / 13', '', 8, 0, 0, 0, 0, 0, 0, 0, 0),
(769, 28, 'set1week3', 'Wednesday', '5 / 14', '', 8, 0, 0, 0, 0, 0, 0, 0, 0),
(770, 28, 'set1week4', 'Thursday', '5 / 15', '', 8, 0, 0, 0, 0, 0, 0, 0, 0),
(771, 28, 'set1week5', 'Friday', '5 / 16', '', 8, 0, 0, 0, 0, 0, 0, 0, 0),
(772, 28, 'set1week6', 'Saturday', '5 / 17', '', 0, 0, 0, 0, 0, 0, 0, 0, 0),
(773, 28, 'set1week7', 'Sunday', '5 / 18', '', 0, 0, 0, 0, 0, 0, 0, 0, 0),
(774, 28, 'set2week1', 'Monday', '5 / 19', '', 8, 0, 0, 0, 0, 0, 0, 0, 0),
(775, 28, 'set2week2', 'Tuesday', '5 / 20', '', 8, 0, 0, 0, 0, 0, 0, 0, 0),
(776, 28, 'set2week3', 'Wednesday', '5 / 21', '', 8, 0, 0, 0, 0, 0, 0, 0, 0),
(777, 28, 'set2week4', 'Thursday', '5 / 22', '', 8, 0, 0, 0, 0, 0, 0, 0, 0),
(778, 28, 'set2week5', 'Friday', '5 / 23', '', 8, 0, 0, 0, 0, 0, 0, 0, 0),
(779, 28, 'set2week6', 'Saturday', '5 / 24', '', 0, 0, 0, 0, 0, 0, 0, 0, 0),
(780, 28, 'set2week7', 'Sunday', '5 / 25', '', 0, 0, 0, 0, 0, 0, 0, 0, 0),
(781, 28, 'set3week1', 'Monday', '5 / 26', '', 0, 0, 0, 0, 0, 0, 0, 0, 0),
(782, 28, 'set3week2', 'Tuesday', '5 / 27', '', 8, 0, 0, 0, 0, 0, 0, 0, 0),
(783, 28, 'set3week3', 'Wednesday', '5 / 28', '', 8, 0, 0, 0, 0, 0, 0, 0, 0),
(784, 28, 'set3week4', 'Thursday', '5 / 29', '', 8, 0, 0, 0, 0, 0, 0, 0, 0),
(785, 28, 'set3week5', 'Friday', '5 / 30', '', 8, 0, 0, 0, 0, 0, 0, 0, 0),
(786, 28, 'set3week6', 'Saturday', '5 / 31', '', 0, 0, 0, 0, 0, 0, 0, 0, 0),
(787, 28, 'set3week7', 'Sunday', '6 / 1', '', 0, 0, 0, 0, 0, 0, 0, 0, 0),
(788, 28, 'set4week1', 'Monday', '6 / 2', '', 8, 0, 0, 0, 0, 0, 0, 0, 0),
(789, 28, 'set4week2', 'Tuesday', '6 / 3', '', 8, 0, 0, 0, 0, 0, 0, 0, 0),
(790, 28, 'set4week3', 'Wednesday', '6 / 4', '', 8, 0, 0, 0, 0, 0, 0, 0, 0),
(791, 28, 'set4week4', 'Thursday', '6 / 5', '', 8, 0, 0, 0, 0, 0, 0, 0, 0),
(792, 28, 'set4week5', 'Friday', '6 / 6', '', 8, 0, 0, 0, 0, 0, 0, 0, 0),
(793, 28, 'set4week6', 'Saturday', '6 / 7', '', 0, 0, 0, 0, 0, 0, 0, 0, 0),
(794, 28, 'set4week7', 'Sunday', '6 / 8', '', 0, 0, 0, 0, 0, 0, 0, 0, 0),
(795, 29, 'set1week1', 'Monday', '5 / 12', '', 8, 0, 0, 0, 0, 0, 0, 0, 0),
(796, 29, 'set1week2', 'Tuesday', '5 / 13', '', 8, 0, 0, 0, 0, 0, 0, 0, 0),
(797, 29, 'set1week3', 'Wednesday', '5 / 14', '', 8, 0, 0, 0, 0, 0, 0, 0, 0),
(798, 29, 'set1week4', 'Thursday', '5 / 15', '', 8, 0, 0, 0, 0, 0, 0, 0, 0),
(799, 29, 'set1week5', 'Friday', '5 / 16', '', 8, 0, 0, 0, 0, 0, 0, 0, 0),
(800, 29, 'set1week6', 'Saturday', '5 / 17', '', 0, 0, 0, 0, 0, 0, 0, 0, 0),
(801, 29, 'set1week7', 'Sunday', '5 / 18', '', 0, 0, 0, 0, 0, 0, 0, 0, 0),
(802, 29, 'set2week1', 'Monday', '5 / 19', '', 0, 0, 0, 0, 0, 8, 0, 0, 0),
(803, 29, 'set2week2', 'Tuesday', '5 / 20', '', 8, 0, 0, 0, 0, 0, 0, 0, 0),
(804, 29, 'set2week3', 'Wednesday', '5 / 21', '', 8, 0, 0, 0, 0, 0, 0, 0, 0),
(805, 29, 'set2week4', 'Thursday', '5 / 22', '', 8, 0, 0, 0, 0, 0, 0, 0, 0),
(806, 29, 'set2week5', 'Friday', '5 / 23', '', 0, 0, 0, 0, 0, 8, 0, 0, 0),
(807, 29, 'set2week6', 'Saturday', '5 / 24', '', 0, 0, 0, 0, 0, 0, 0, 0, 0),
(808, 29, 'set2week7', 'Sunday', '5 / 25', '', 0, 0, 0, 0, 0, 0, 0, 0, 0),
(809, 29, 'set3week1', 'Monday', '5 / 26', '', 0, 8, 0, 0, 0, 0, 0, 0, 0),
(810, 29, 'set3week2', 'Tuesday', '5 / 27', '', 8, 0, 0, 0, 0, 0, 0, 0, 0),
(811, 29, 'set3week3', 'Wednesday', '5 / 28', '', 8, 0, 0, 0, 0, 0, 0, 0, 0),
(812, 29, 'set3week4', 'Thursday', '5 / 29', '', 8, 0, 0, 0, 0, 0, 0, 0, 0),
(813, 29, 'set3week5', 'Friday', '5 / 30', '', 4, 0, 0, 0, 0, 4, 0, 0, 0),
(814, 29, 'set3week6', 'Saturday', '5 / 31', '', 0, 0, 0, 0, 0, 0, 0, 0, 0),
(815, 29, 'set3week7', 'Sunday', '6 / 1', '', 0, 0, 0, 0, 0, 0, 0, 0, 0),
(816, 29, 'set4week1', 'Monday', '6 / 2', '', 8, 0, 0, 0, 0, 0, 0, 0, 0),
(817, 29, 'set4week2', 'Tuesday', '6 / 3', '', 8, 0, 0, 0, 0, 0, 0, 0, 0),
(818, 29, 'set4week3', 'Wednesday', '6 / 4', '', 8, 0, 0, 0, 0, 0, 0, 0, 0),
(819, 29, 'set4week4', 'Thursday', '6 / 5', '', 8, 0, 0, 0, 0, 0, 0, 0, 0),
(820, 29, 'set4week5', 'Friday', '6 / 6', '', 8, 0, 0, 0, 0, 0, 0, 0, 0),
(821, 29, 'set4week6', 'Saturday', '6 / 7', '', 0, 0, 0, 0, 0, 0, 0, 0, 0),
(822, 29, 'set4week7', 'Sunday', '6 / 8', '', 0, 0, 0, 0, 0, 0, 0, 0, 0),
(823, 30, 'set1week1', 'Monday', '5 / 12', '', 8, 0, 0, 0, 0, 0, 0, 0, 0),
(824, 30, 'set1week2', 'Tuesday', '5 / 13', '', 8, 0, 0, 0, 0, 0, 0, 0, 0),
(825, 30, 'set1week3', 'Wednesday', '5 / 14', '', 6, 0, 0, 0, 0, 0, 0, 0, 0),
(826, 30, 'set1week4', 'Thursday', '5 / 15', '', 8, 0, 0, 0, 0, 0, 0, 0, 0),
(827, 30, 'set1week5', 'Friday', '5 / 16', '', 8, 0, 0, 0, 0, 0, 0, 0, 0),
(828, 30, 'set1week6', 'Saturday', '5 / 17', '', 0, 0, 0, 0, 0, 0, 0, 0, 0),
(829, 30, 'set1week7', 'Sunday', '5 / 18', '', 0, 0, 0, 0, 0, 0, 0, 0, 0),
(830, 30, 'set2week1', 'Monday', '5 / 19', '', 8, 0, 0, 0, 0, 0, 0, 0, 0),
(831, 30, 'set2week2', 'Tuesday', '5 / 20', '', 8, 0, 0, 0, 0, 0, 0, 0, 0),
(832, 30, 'set2week3', 'Wednesday', '5 / 21', '', 0, 0, 0, 0, 0, 0, 0, 0, 0),
(833, 30, 'set2week4', 'Thursday', '5 / 22', '', 4, 0, 0, 0, 0, 0, 0, 0, 0),
(834, 30, 'set2week5', 'Friday', '5 / 23', '', 8, 0, 0, 0, 0, 0, 0, 0, 0),
(835, 30, 'set2week6', 'Saturday', '5 / 24', '', 0, 0, 0, 0, 0, 0, 0, 0, 0),
(836, 30, 'set2week7', 'Sunday', '5 / 25', '', 0, 0, 0, 0, 0, 0, 0, 0, 0),
(837, 30, 'set3week1', 'Monday', '5 / 26', '', 0, 0, 0, 0, 0, 0, 0, 0, 0),
(838, 30, 'set3week2', 'Tuesday', '5 / 27', '', 8, 0, 0, 0, 0, 0, 0, 0, 0),
(839, 30, 'set3week3', 'Wednesday', '5 / 28', '', 8, 0, 0, 0, 0, 0, 0, 0, 0),
(840, 30, 'set3week4', 'Thursday', '5 / 29', '', 8, 0, 0, 0, 0, 0, 0, 0, 0),
(841, 30, 'set3week5', 'Friday', '5 / 30', '', 8, 0, 0, 0, 0, 0, 0, 0, 0),
(842, 30, 'set3week6', 'Saturday', '5 / 31', '', 0, 0, 0, 0, 0, 0, 0, 0, 0),
(843, 30, 'set3week7', 'Sunday', '6 / 1', '', 0, 0, 0, 0, 0, 0, 0, 0, 0),
(844, 30, 'set4week1', 'Monday', '6 / 2', '', 8, 0, 0, 0, 0, 0, 0, 0, 0),
(845, 30, 'set4week2', 'Tuesday', '6 / 3', '', 8, 0, 0, 0, 0, 0, 0, 0, 0),
(846, 30, 'set4week3', 'Wednesday', '6 / 4', '', 8, 0, 0, 0, 0, 0, 0, 0, 0),
(847, 30, 'set4week4', 'Thursday', '6 / 5', '', 8, 0, 0, 0, 0, 0, 0, 0, 0),
(848, 30, 'set4week5', 'Friday', '6 / 6', '', 8, 0, 0, 0, 0, 0, 0, 0, 0),
(849, 30, 'set4week6', 'Saturday', '6 / 7', '', 0, 0, 0, 0, 0, 0, 0, 0, 0),
(850, 30, 'set4week7', 'Sunday', '6 / 8', '', 0, 0, 0, 0, 0, 0, 0, 0, 0),
(851, 31, 'set1week1', 'Monday', '5 / 12', '', 8, 0, 0, 0, 0, 0, 0, 0, 0),
(852, 31, 'set1week2', 'Tuesday', '5 / 13', '', 0, 0, 0, 0, 0, 0, 0, 0, 0),
(853, 31, 'set1week3', 'Wednesday', '5 / 14', '', 8, 0, 0, 0, 0, 0, 0, 0, 0),
(854, 31, 'set1week4', 'Thursday', '5 / 15', '', 0, 0, 0, 0, 0, 0, 0, 0, 0),
(855, 31, 'set1week5', 'Friday', '5 / 16', '', 8, 0, 0, 0, 0, 0, 0, 0, 0),
(856, 31, 'set1week6', 'Saturday', '5 / 17', '', 0, 0, 0, 0, 0, 0, 0, 0, 0),
(857, 31, 'set1week7', 'Sunday', '5 / 18', '', 0, 0, 0, 0, 0, 0, 0, 0, 0),
(858, 31, 'set2week1', 'Monday', '5 / 19', '', 8, 0, 0, 0, 0, 0, 0, 0, 0),
(859, 31, 'set2week2', 'Tuesday', '5 / 20', '', 0, 0, 0, 0, 0, 0, 0, 0, 0),
(860, 31, 'set2week3', 'Wednesday', '5 / 21', '', 8, 0, 0, 0, 0, 0, 0, 0, 0),
(861, 31, 'set2week4', 'Thursday', '5 / 22', '', 0, 0, 0, 0, 0, 0, 0, 0, 0),
(862, 31, 'set2week5', 'Friday', '5 / 23', '', 8, 0, 0, 0, 0, 0, 0, 0, 0),
(863, 31, 'set2week6', 'Saturday', '5 / 24', '', 0, 0, 0, 0, 0, 0, 0, 0, 0),
(864, 31, 'set2week7', 'Sunday', '5 / 25', '', 0, 0, 0, 0, 0, 0, 0, 0, 0),
(865, 31, 'set3week1', 'Monday', '5 / 26', '', 0, 0, 0, 0, 0, 0, 0, 0, 0),
(866, 31, 'set3week2', 'Tuesday', '5 / 27', '', 0, 0, 0, 0, 0, 0, 0, 0, 0),
(867, 31, 'set3week3', 'Wednesday', '5 / 28', '', 8, 0, 0, 0, 0, 0, 0, 0, 0),
(868, 31, 'set3week4', 'Thursday', '5 / 29', '', 0, 0, 0, 0, 0, 0, 0, 0, 0),
(869, 31, 'set3week5', 'Friday', '5 / 30', '', 8, 0, 0, 0, 0, 0, 0, 0, 0),
(870, 31, 'set3week6', 'Saturday', '5 / 31', '', 0, 0, 0, 0, 0, 0, 0, 0, 0),
(871, 31, 'set3week7', 'Sunday', '6 / 1', '', 0, 0, 0, 0, 0, 0, 0, 0, 0),
(872, 31, 'set4week1', 'Monday', '6 / 2', '', 8, 0, 0, 0, 0, 0, 0, 0, 0),
(873, 31, 'set4week2', 'Tuesday', '6 / 3', '', 0, 0, 0, 0, 0, 0, 0, 0, 0),
(874, 31, 'set4week3', 'Wednesday', '6 / 4', '', 8, 0, 0, 0, 0, 0, 0, 0, 0),
(875, 31, 'set4week4', 'Thursday', '6 / 5', '', 0, 0, 0, 0, 0, 0, 0, 0, 0),
(876, 31, 'set4week5', 'Friday', '6 / 6', '', 8, 0, 0, 0, 0, 0, 0, 0, 0),
(877, 31, 'set4week6', 'Saturday', '6 / 7', '', 0, 0, 0, 0, 0, 0, 0, 0, 0),
(878, 31, 'set4week7', 'Sunday', '6 / 8', '', 0, 0, 0, 0, 0, 0, 0, 0, 0),
(879, 32, 'set1week1', 'Monday', '5 / 12', '', 8, 0, 0, 0, 0, 0, 0, 0, 0),
(880, 32, 'set1week2', 'Tuesday', '5 / 13', '', 8, 0, 0, 0, 0, 0, 0, 0, 0),
(881, 32, 'set1week3', 'Wednesday', '5 / 14', '', 8, 0, 0, 0, 0, 0, 0, 0, 0),
(882, 32, 'set1week4', 'Thursday', '5 / 15', '', 8, 0, 0, 0, 0, 0, 0, 0, 0),
(883, 32, 'set1week5', 'Friday', '5 / 16', '', 8, 0, 0, 0, 0, 0, 0, 0, 0),
(884, 32, 'set1week6', 'Saturday', '5 / 17', '', 0, 0, 0, 0, 0, 0, 0, 0, 0),
(885, 32, 'set1week7', 'Sunday', '5 / 18', '', 0, 0, 0, 0, 0, 0, 0, 0, 0),
(886, 32, 'set2week1', 'Monday', '5 / 19', 'City Council', 7, 0, 0, 0, 0, 0, 0, 1.5, 1),
(887, 32, 'set2week2', 'Tuesday', '5 / 20', '', 8, 0, 0, 0, 0, 0, 0, 0, 0),
(888, 32, 'set2week3', 'Wednesday', '5 / 21', '', 8, 0, 0, 0, 0, 0, 0, 0, 0),
(889, 32, 'set2week4', 'Thursday', '5 / 22', '', 8, 0, 0, 0, 0, 0, 0, 0, 0),
(890, 32, 'set2week5', 'Friday', '5 / 23', '', 8, 0, 0, 0, 0, 0, 0, 0, 0),
(891, 32, 'set2week6', 'Saturday', '5 / 24', '', 0, 0, 0, 0, 0, 0, 0, 0, 0),
(892, 32, 'set2week7', 'Sunday', '5 / 25', '', 0, 0, 0, 0, 0, 0, 0, 0, 0),
(893, 32, 'set3week1', 'Monday', '5 / 26', '', 0, 8, 0, 0, 0, 0, 0, 0, 0),
(894, 32, 'set3week2', 'Tuesday', '5 / 27', 'Public Works', 8, 0, 0, 0, 0, 0, 0, 1, 0),
(895, 32, 'set3week3', 'Wednesday', '5 / 28', '', 8, 0, 0, 0, 0, 0, 0, 0, 0),
(896, 32, 'set3week4', 'Thursday', '5 / 29', '', 8, 0, 0, 0, 0, 0, 0, 0, 0),
(897, 32, 'set3week5', 'Friday', '5 / 30', '', 8, 0, 0, 0, 0, 0, 0, 0, 0),
(898, 32, 'set3week6', 'Saturday', '5 / 31', '', 0, 0, 0, 0, 0, 0, 0, 0, 0),
(899, 32, 'set3week7', 'Sunday', '6 / 1', 'Deer Problems', 0, 0, 0, 0, 0, 0, 0, 1, 0),
(900, 32, 'set4week1', 'Monday', '6 / 2', 'City Council', 7, 0, 0, 0, 0, 0, 0, 1.5, 1),
(901, 32, 'set4week2', 'Tuesday', '6 / 3', '', 8, 0, 0, 0, 0, 0, 0, 0, 0),
(902, 32, 'set4week3', 'Wednesday', '6 / 4', '', 8, 0, 0, 0, 0, 0, 0, 0, 0),
(903, 32, 'set4week4', 'Thursday', '6 / 5', '', 8, 0, 0, 0, 0, 0, 0, 0, 0),
(904, 32, 'set4week5', 'Friday', '6 / 6', '', 8, 0, 0, 0, 0, 0, 0, 0, 0),
(905, 32, 'set4week6', 'Saturday', '6 / 7', '', 0, 0, 0, 0, 0, 0, 0, 0, 0),
(906, 32, 'set4week7', 'Sunday', '6 / 8', '', 0, 0, 0, 0, 0, 0, 0, 0, 0),
(907, 33, 'set1week1', 'Monday', '6 / 9', '', 8, 0, 0, 0, 0, 0, 0, 0, 0),
(908, 33, 'set1week2', 'Tuesday', '6 / 10', '', 8, 0, 0, 0, 0, 0, 0, 0, 0),
(909, 33, 'set1week3', 'Wednesday', '6 / 11', '', 8, 0, 0, 0, 0, 0, 0, 0, 0),
(910, 33, 'set1week4', 'Thursday', '6 / 12', '', 8, 0, 0, 0, 0, 0, 0, 0, 0),
(911, 33, 'set1week5', 'Friday', '6 / 13', '', 4, 0, 0, 0, 0, 4, 0, 0, 0),
(912, 33, 'set1week6', 'Saturday', '6 / 14', '', 0, 0, 0, 0, 0, 0, 0, 0, 0),
(913, 33, 'set1week7', 'Sunday', '6 / 15', '', 0, 0, 0, 0, 0, 0, 0, 0, 0),
(914, 33, 'set2week1', 'Monday', '6 / 16', '', 8, 0, 0, 0, 0, 0, 0, 0, 0),
(915, 33, 'set2week2', 'Tuesday', '6 / 17', '', 8, 0, 0, 0, 0, 0, 0, 0, 0),
(916, 33, 'set2week3', 'Wednesday', '6 / 18', '', 8, 0, 0, 0, 0, 0, 0, 0, 0),
(917, 33, 'set2week4', 'Thursday', '6 / 19', '', 8, 0, 0, 0, 0, 0, 0, 0, 0),
(918, 33, 'set2week5', 'Friday', '6 / 20', '', 8, 0, 0, 0, 0, 0, 0, 0, 0),
(919, 33, 'set2week6', 'Saturday', '6 / 21', '', 0, 0, 0, 0, 0, 0, 0, 0, 0),
(920, 33, 'set2week7', 'Sunday', '6 / 22', '', 0, 0, 0, 0, 0, 0, 0, 0, 0),
(921, 33, 'set3week1', 'Monday', '6 / 23', '', 8, 0, 0, 0, 0, 0, 0, 0, 0),
(922, 33, 'set3week2', 'Tuesday', '6 / 24', '', 8, 0, 0, 0, 0, 0, 0, 0, 0),
(923, 33, 'set3week3', 'Wednesday', '6 / 25', '', 8, 0, 0, 0, 0, 0, 0, 0, 0),
(924, 33, 'set3week4', 'Thursday', '6 / 26', '', 8, 0, 0, 0, 0, 0, 0, 0, 0),
(925, 33, 'set3week5', 'Friday', '6 / 27', '', 0, 0, 0, 0, 0, 8, 0, 0, 0),
(926, 33, 'set3week6', 'Saturday', '6 / 28', '', 0, 0, 0, 0, 0, 0, 0, 0, 0),
(927, 33, 'set3week7', 'Sunday', '6 / 29', '', 0, 0, 0, 0, 0, 0, 0, 0, 0),
(928, 33, 'set4week1', 'Monday', '6 / 30', '', 8, 0, 0, 0, 0, 0, 0, 0, 0),
(929, 33, 'set4week2', 'Tuesday', '7 / 1', '', 8, 0, 0, 0, 0, 0, 0, 0, 0),
(930, 33, 'set4week3', 'Wednesday', '7 / 2', '', 8, 0, 0, 0, 0, 0, 0, 0, 0),
(931, 33, 'set4week4', 'Thursday', '7 / 3', '', 8, 0, 0, 0, 0, 0, 0, 0, 0),
(932, 33, 'set4week5', 'Friday', '7 / 4', '', 0, 8, 0, 0, 0, 0, 0, 0, 0),
(933, 33, 'set4week6', 'Saturday', '7 / 5', '', 0, 0, 0, 0, 0, 0, 0, 0, 0),
(934, 33, 'set4week7', 'Sunday', '7 / 6', '', 0, 0, 0, 0, 0, 0, 0, 0, 0),
(935, 33, 'set5week1', 'Monday', '7 / 7', '', 8, 0, 0, 0, 0, 0, 0, 0, 0),
(936, 33, 'set5week2', 'Tuesday', '7 / 8', '', 8, 0, 0, 0, 0, 0, 0, 0, 0),
(937, 33, 'set5week3', 'Wednesday', '7 / 9', '', 8, 0, 0, 0, 0, 0, 0, 0, 0),
(938, 33, 'set5week4', 'Thursday', '7 / 10', '', 8, 0, 0, 0, 0, 0, 0, 0, 0),
(939, 33, 'set5week5', 'Friday', '7 / 11', '', 8, 0, 0, 0, 0, 0, 0, 0, 0),
(940, 33, 'set5week6', 'Saturday', '7 / 12', '', 0, 0, 0, 9, 0, 0, 0, 0, 0),
(941, 33, 'set5week7', 'Sunday', '7 / 13', '', 0, 0, 0, 0, 4, 0, 0, 0, 0),
(942, 34, 'set1week1', 'Monday', '6 / 9', '', 8, 0, 0, 0, 0, 0, 0, 0, 0),
(943, 34, 'set1week2', 'Tuesday', '6 / 10', '', 8, 0, 0, 0, 0, 0, 0, 0, 0),
(944, 34, 'set1week3', 'Wednesday', '6 / 11', '', 8, 0, 0, 0, 0, 0, 0, 0, 0),
(945, 34, 'set1week4', 'Thursday', '6 / 12', '', 8, 0, 0, 0, 0, 0, 0, 0, 0),
(946, 34, 'set1week5', 'Friday', '6 / 13', '', 8, 0, 0, 0, 0, 0, 0, 0, 0),
(947, 34, 'set1week6', 'Saturday', '6 / 14', '', 0, 0, 0, 0, 0, 0, 0, 0, 0),
(948, 34, 'set1week7', 'Sunday', '6 / 15', '', 0, 0, 0, 0, 0, 0, 0, 0, 0),
(949, 34, 'set2week1', 'Monday', '6 / 16', '', 8, 0, 0, 0, 0, 0, 0, 0, 0),
(950, 34, 'set2week2', 'Tuesday', '6 / 17', '', 8, 0, 0, 0, 0, 0, 0, 0, 0),
(951, 34, 'set2week3', 'Wednesday', '6 / 18', '', 8, 0, 0, 0, 0, 0, 0, 0, 0),
(952, 34, 'set2week4', 'Thursday', '6 / 19', '', 8, 0, 0, 0, 0, 0, 0, 0, 0),
(953, 34, 'set2week5', 'Friday', '6 / 20', '', 8, 0, 0, 0, 0, 0, 0, 0, 0),
(954, 34, 'set2week6', 'Saturday', '6 / 21', '', 0, 0, 0, 0, 0, 0, 0, 0, 0),
(955, 34, 'set2week7', 'Sunday', '6 / 22', '', 0, 0, 0, 0, 0, 0, 0, 0, 0),
(956, 34, 'set3week1', 'Monday', '6 / 23', '', 8, 0, 0, 0, 0, 0, 0, 0, 0),
(957, 34, 'set3week2', 'Tuesday', '6 / 24', 'off-sick', 0, 0, 0, 0, 0, 0, 0, 0, 0),
(958, 34, 'set3week3', 'Wednesday', '6 / 25', '', 8, 0, 0, 0, 0, 0, 0, 0, 0),
(959, 34, 'set3week4', 'Thursday', '6 / 26', '', 8, 0, 0, 0, 0, 0, 0, 0, 0),
(960, 34, 'set3week5', 'Friday', '6 / 27', '', 8, 0, 0, 0, 0, 0, 0, 0, 0),
(961, 34, 'set3week6', 'Saturday', '6 / 28', '', 0, 0, 0, 0, 0, 0, 0, 0, 0),
(962, 34, 'set3week7', 'Sunday', '6 / 29', '', 0, 0, 0, 0, 0, 0, 0, 0, 0),
(963, 34, 'set4week1', 'Monday', '6 / 30', '', 8, 0, 0, 0, 0, 0, 0, 0, 0),
(964, 34, 'set4week2', 'Tuesday', '7 / 1', '', 8, 0, 0, 0, 0, 0, 0, 0, 0),
(965, 34, 'set4week3', 'Wednesday', '7 / 2', 'move', 0, 0, 0, 0, 0, 0, 0, 0, 0),
(966, 34, 'set4week4', 'Thursday', '7 / 3', '', 8, 0, 0, 0, 0, 0, 0, 0, 0),
(967, 34, 'set4week5', 'Friday', '7 / 4', '', 0, 0, 0, 0, 0, 0, 0, 0, 0),
(968, 34, 'set4week6', 'Saturday', '7 / 5', '', 0, 0, 0, 0, 0, 0, 0, 0, 0),
(969, 34, 'set4week7', 'Sunday', '7 / 6', '', 0, 0, 0, 0, 0, 0, 0, 0, 0),
(970, 34, 'set5week1', 'Monday', '7 / 7', '', 8, 0, 0, 0, 0, 0, 0, 0, 0),
(971, 34, 'set5week2', 'Tuesday', '7 / 8', '', 4, 0, 0, 0, 0, 0, 0, 0, 0),
(972, 34, 'set5week3', 'Wednesday', '7 / 9', '', 8, 0, 0, 0, 0, 0, 0, 0, 0),
(973, 34, 'set5week4', 'Thursday', '7 / 10', '', 7, 0, 0, 0, 0, 0, 0, 0, 0),
(974, 34, 'set5week5', 'Friday', '7 / 11', '', 8, 0, 0, 0, 0, 0, 0, 0, 0),
(975, 34, 'set5week6', 'Saturday', '7 / 12', '', 0, 0, 0, 0, 0, 0, 0, 0, 0),
(976, 34, 'set5week7', 'Sunday', '7 / 13', '', 0, 0, 0, 0, 0, 0, 0, 0, 0),
(977, 35, 'set1week1', 'Monday', '6 / 9', '', 8, 0, 0, 0, 0, 0, 0, 0, 0),
(978, 35, 'set1week2', 'Tuesday', '6 / 10', '', 0, 0, 0, 0, 0, 0, 0, 0, 0),
(979, 35, 'set1week3', 'Wednesday', '6 / 11', '', 0, 0, 0, 0, 0, 0, 0, 0, 0),
(980, 35, 'set1week4', 'Thursday', '6 / 12', '', 8, 0, 0, 0, 0, 0, 0, 0, 0),
(981, 35, 'set1week5', 'Friday', '6 / 13', '', 8, 0, 0, 0, 0, 0, 0, 0, 0),
(982, 35, 'set1week6', 'Saturday', '6 / 14', '', 0, 0, 0, 0, 0, 0, 0, 0, 0),
(983, 35, 'set1week7', 'Sunday', '6 / 15', '', 0, 0, 0, 0, 0, 0, 0, 0, 0),
(984, 35, 'set2week1', 'Monday', '6 / 16', '', 8, 0, 0, 0, 0, 0, 0, 0, 0),
(985, 35, 'set2week2', 'Tuesday', '6 / 17', '', 0, 0, 0, 0, 0, 0, 0, 0, 0),
(986, 35, 'set2week3', 'Wednesday', '6 / 18', '', 8, 0, 0, 0, 0, 0, 0, 0, 0),
(987, 35, 'set2week4', 'Thursday', '6 / 19', '', 0, 0, 0, 0, 0, 0, 0, 0, 0),
(988, 35, 'set2week5', 'Friday', '6 / 20', '', 8, 0, 0, 0, 0, 0, 0, 0, 0),
(989, 35, 'set2week6', 'Saturday', '6 / 21', '', 0, 0, 0, 0, 0, 0, 0, 0, 0),
(990, 35, 'set2week7', 'Sunday', '6 / 22', '', 0, 0, 0, 0, 0, 0, 0, 0, 0),
(991, 35, 'set3week1', 'Monday', '6 / 23', '', 8, 0, 0, 0, 0, 0, 0, 0, 0),
(992, 35, 'set3week2', 'Tuesday', '6 / 24', '', 0, 0, 0, 0, 0, 0, 0, 0, 0),
(993, 35, 'set3week3', 'Wednesday', '6 / 25', '', 8, 0, 0, 0, 0, 0, 0, 0, 0),
(994, 35, 'set3week4', 'Thursday', '6 / 26', '', 0, 0, 0, 0, 0, 0, 0, 0, 0),
(995, 35, 'set3week5', 'Friday', '6 / 27', '', 8, 0, 0, 0, 0, 0, 0, 0, 0),
(996, 35, 'set3week6', 'Saturday', '6 / 28', '', 0, 0, 0, 0, 0, 0, 0, 0, 0),
(997, 35, 'set3week7', 'Sunday', '6 / 29', '', 0, 0, 0, 0, 0, 0, 0, 0, 0),
(998, 35, 'set4week1', 'Monday', '6 / 30', '', 8, 0, 0, 0, 0, 0, 0, 0, 0),
(999, 35, 'set4week2', 'Tuesday', '7 / 1', '', 0, 0, 0, 0, 0, 0, 0, 0, 0),
(1000, 35, 'set4week3', 'Wednesday', '7 / 2', '', 8, 0, 0, 0, 0, 0, 0, 0, 0),
(1001, 35, 'set4week4', 'Thursday', '7 / 3', '', 0, 0, 0, 0, 0, 0, 0, 0, 0),
(1002, 35, 'set4week5', 'Friday', '7 / 4', '', 0, 0, 0, 0, 0, 0, 0, 0, 0),
(1003, 35, 'set4week6', 'Saturday', '7 / 5', '', 0, 0, 0, 0, 0, 0, 0, 0, 0),
(1004, 35, 'set4week7', 'Sunday', '7 / 6', '', 0, 0, 0, 0, 0, 0, 0, 0, 0),
(1005, 35, 'set5week1', 'Monday', '7 / 7', '', 0, 0, 0, 0, 0, 0, 0, 0, 0),
(1006, 35, 'set5week2', 'Tuesday', '7 / 8', '', 0, 0, 0, 0, 0, 0, 0, 0, 0),
(1007, 35, 'set5week3', 'Wednesday', '7 / 9', '', 0, 0, 0, 0, 0, 0, 0, 0, 0),
(1008, 35, 'set5week4', 'Thursday', '7 / 10', '', 0, 0, 0, 0, 0, 0, 0, 0, 0),
(1009, 35, 'set5week5', 'Friday', '7 / 11', '', 0, 0, 0, 0, 0, 0, 0, 0, 0),
(1010, 35, 'set5week6', 'Saturday', '7 / 12', '', 0, 0, 0, 0, 0, 0, 0, 0, 0),
(1011, 35, 'set5week7', 'Sunday', '7 / 13', '', 0, 0, 0, 0, 0, 0, 0, 0, 0),
(1012, 36, 'set1week1', 'Monday', '6 / 9', '', 8, 0, 0, 0, 0, 0, 0, 0, 0),
(1013, 36, 'set1week2', 'Tuesday', '6 / 10', '', 8, 0, 0, 0, 0, 0, 0, 0, 0),
(1014, 36, 'set1week3', 'Wednesday', '6 / 11', '', 8, 0, 0, 0, 0, 0, 0, 0, 0),
(1015, 36, 'set1week4', 'Thursday', '6 / 12', '', 8, 0, 0, 0, 0, 0, 0, 0, 0),
(1016, 36, 'set1week5', 'Friday', '6 / 13', '', 8, 0, 0, 0, 0, 0, 0, 0, 0),
(1017, 36, 'set1week6', 'Saturday', '6 / 14', '', 0, 0, 0, 0, 0, 0, 0, 0, 0),
(1018, 36, 'set1week7', 'Sunday', '6 / 15', '', 0, 0, 0, 0, 0, 0, 0, 0, 0),
(1019, 36, 'set2week1', 'Monday', '6 / 16', '', 8, 0, 0, 0, 0, 0, 0, 0, 0),
(1020, 36, 'set2week2', 'Tuesday', '6 / 17', '', 8, 0, 0, 0, 0, 0, 0, 0, 0),
(1021, 36, 'set2week3', 'Wednesday', '6 / 18', '', 8, 0, 0, 0, 0, 0, 0, 0, 0),
(1022, 36, 'set2week4', 'Thursday', '6 / 19', 'wed', 0, 0, 0, 0, 0, 0, 0, 0, 0),
(1023, 36, 'set2week5', 'Friday', '6 / 20', 'wed', 0, 0, 0, 0, 0, 0, 0, 0, 0),
(1024, 36, 'set2week6', 'Saturday', '6 / 21', '', 0, 0, 0, 0, 0, 0, 0, 0, 0),
(1025, 36, 'set2week7', 'Sunday', '6 / 22', '', 0, 0, 0, 0, 0, 0, 0, 0, 0),
(1026, 36, 'set3week1', 'Monday', '6 / 23', 'wed', 0, 0, 0, 0, 0, 0, 0, 0, 0),
(1027, 36, 'set3week2', 'Tuesday', '6 / 24', 'off', 0, 0, 0, 0, 0, 0, 0, 0, 0),
(1028, 36, 'set3week3', 'Wednesday', '6 / 25', '', 8, 0, 0, 0, 0, 0, 0, 0, 0),
(1029, 36, 'set3week4', 'Thursday', '6 / 26', '', 8, 0, 0, 0, 0, 0, 0, 0, 0),
(1030, 36, 'set3week5', 'Friday', '6 / 27', '', 0, 0, 0, 0, 0, 0, 0, 0, 0),
(1031, 36, 'set3week6', 'Saturday', '6 / 28', '', 0, 0, 0, 0, 0, 0, 0, 0, 0),
(1032, 36, 'set3week7', 'Sunday', '6 / 29', '', 0, 0, 0, 0, 0, 0, 0, 0, 0),
(1033, 36, 'set4week1', 'Monday', '6 / 30', '', 8, 0, 0, 0, 0, 0, 0, 0, 0),
(1034, 36, 'set4week2', 'Tuesday', '7 / 1', '', 8, 0, 0, 0, 0, 0, 0, 0, 0),
(1035, 36, 'set4week3', 'Wednesday', '7 / 2', '', 8, 0, 0, 0, 0, 0, 0, 0, 0),
(1036, 36, 'set4week4', 'Thursday', '7 / 3', '', 8, 0, 0, 0, 0, 0, 0, 0, 0),
(1037, 36, 'set4week5', 'Friday', '7 / 4', '', 0, 0, 0, 0, 0, 0, 0, 0, 0),
(1038, 36, 'set4week6', 'Saturday', '7 / 5', '', 0, 0, 0, 0, 0, 0, 0, 0, 0),
(1039, 36, 'set4week7', 'Sunday', '7 / 6', '', 0, 0, 0, 0, 0, 0, 0, 0, 0),
(1040, 36, 'set5week1', 'Monday', '7 / 7', '', 8, 0, 0, 0, 0, 0, 0, 0, 0),
(1041, 36, 'set5week2', 'Tuesday', '7 / 8', '', 8, 0, 0, 0, 0, 0, 0, 0, 0),
(1042, 36, 'set5week3', 'Wednesday', '7 / 9', '', 8, 0, 0, 0, 0, 0, 0, 0, 0),
(1043, 36, 'set5week4', 'Thursday', '7 / 10', '', 8, 0, 0, 0, 0, 0, 0, 0, 0),
(1044, 36, 'set5week5', 'Friday', '7 / 11', '', 8, 0, 0, 0, 0, 0, 0, 0, 0),
(1045, 36, 'set5week6', 'Saturday', '7 / 12', '', 0, 0, 0, 0, 0, 0, 0, 0, 0),
(1046, 36, 'set5week7', 'Sunday', '7 / 13', '', 0, 0, 0, 0, 0, 0, 0, 0, 0),
(1047, 37, 'set1week1', 'Monday', '6 / 9', '', 8, 0, 0, 0, 0, 0, 0, 0, 0),
(1048, 37, 'set1week2', 'Tuesday', '6 / 10', '', 8, 0, 0, 0, 0, 0, 0, 0, 0),
(1049, 37, 'set1week3', 'Wednesday', '6 / 11', '', 8, 0, 0, 0, 0, 0, 0, 0, 0),
(1050, 37, 'set1week4', 'Thursday', '6 / 12', '', 8, 0, 0, 0, 0, 0, 0, 0, 0),
(1051, 37, 'set1week5', 'Friday', '6 / 13', '', 8, 0, 0, 0, 0, 0, 0, 0, 0),
(1052, 37, 'set1week6', 'Saturday', '6 / 14', '', 0, 0, 0, 0, 0, 0, 0, 0, 0),
(1053, 37, 'set1week7', 'Sunday', '6 / 15', '', 0, 0, 0, 0, 0, 0, 0, 0, 0),
(1054, 37, 'set2week1', 'Monday', '6 / 16', '', 8, 0, 0, 0, 0, 0, 0, 0, 0),
(1055, 37, 'set2week2', 'Tuesday', '6 / 17', '', 8, 0, 0, 0, 0, 0, 0, 0, 0),
(1056, 37, 'set2week3', 'Wednesday', '6 / 18', '', 8, 0, 0, 0, 0, 0, 0, 0, 0),
(1057, 37, 'set2week4', 'Thursday', '6 / 19', '', 8, 0, 0, 0, 0, 0, 0, 0, 0),
(1058, 37, 'set2week5', 'Friday', '6 / 20', '', 8, 0, 0, 0, 0, 0, 0, 0, 0),
(1059, 37, 'set2week6', 'Saturday', '6 / 21', '', 0, 0, 0, 0, 0, 0, 0, 0, 0),
(1060, 37, 'set2week7', 'Sunday', '6 / 22', '', 0, 0, 0, 0, 0, 0, 0, 0, 0),
(1061, 37, 'set3week1', 'Monday', '6 / 23', 'Day Camp', 0, 0, 0, 0, 0, 0, 0, 0, 8),
(1062, 37, 'set3week2', 'Tuesday', '6 / 24', 'Day Camp', 0, 0, 0, 0, 0, 0, 0, 1, 8),
(1063, 37, 'set3week3', 'Wednesday', '6 / 25', '', 8, 0, 0, 0, 0, 0, 0, 0, 0),
(1064, 37, 'set3week4', 'Thursday', '6 / 26', '', 8, 0, 0, 0, 0, 0, 0, 0, 0),
(1065, 37, 'set3week5', 'Friday', '6 / 27', '', 8, 0, 0, 0, 0, 0, 0, 0, 0),
(1066, 37, 'set3week6', 'Saturday', '6 / 28', '', 0, 0, 0, 0, 0, 0, 0, 0, 0),
(1067, 37, 'set3week7', 'Sunday', '6 / 29', '', 0, 0, 0, 0, 0, 0, 0, 0, 0),
(1068, 37, 'set4week1', 'Monday', '6 / 30', '', 8, 0, 0, 0, 0, 0, 0, 0, 0),
(1069, 37, 'set4week2', 'Tuesday', '7 / 1', '', 8, 0, 0, 0, 0, 0, 0, 0, 0),
(1070, 37, 'set4week3', 'Wednesday', '7 / 2', '', 8, 0, 0, 0, 0, 0, 0, 0, 0),
(1071, 37, 'set4week4', 'Thursday', '7 / 3', '', 8, 0, 0, 0, 0, 0, 0, 0, 0),
(1072, 37, 'set4week5', 'Friday', '7 / 4', '', 0, 8, 0, 0, 0, 0, 0, 0, 0),
(1073, 37, 'set4week6', 'Saturday', '7 / 5', '', 0, 0, 0, 0, 0, 0, 0, 0, 0),
(1074, 37, 'set4week7', 'Sunday', '7 / 6', '', 0, 0, 0, 0, 0, 0, 0, 0, 0),
(1075, 37, 'set5week1', 'Monday', '7 / 7', 'City Cnl / Night Insp', 8, 0, 0, 0, 0, 0, 0, 2.75, 0),
(1076, 37, 'set5week2', 'Tuesday', '7 / 8', '', 8, 0, 0, 0, 0, 0, 0, 0, 0),
(1077, 37, 'set5week3', 'Wednesday', '7 / 9', '', 8, 0, 0, 0, 0, 0, 0, 0, 0),
(1078, 37, 'set5week4', 'Thursday', '7 / 10', '', 8, 0, 0, 0, 0, 0, 0, 0, 0),
(1079, 37, 'set5week5', 'Friday', '7 / 11', '', 8, 0, 0, 0, 0, 0, 0, 0, 0),
(1080, 37, 'set5week6', 'Saturday', '7 / 12', 'Fence Auction', 0, 0, 0, 0, 0, 0, 0, 12, 0),
(1081, 37, 'set5week7', 'Sunday', '7 / 13', '', 0, 0, 0, 0, 0, 0, 0, 0, 0),
(1082, 38, 'set1week1', 'Monday', '7 / 14', '', 8, 0, 0, 2, 0, 0, 0, 0, 0),
(1083, 38, 'set1week2', 'Tuesday', '7 / 15', '', 8, 0, 0, 0, 0, 0, 0, 0, 0),
(1084, 38, 'set1week3', 'Wednesday', '7 / 16', '', 8, 0, 0, 0, 0, 0, 0, 0, 0),
(1085, 38, 'set1week4', 'Thursday', '7 / 17', '', 8, 0, 0, 0, 0, 0, 0, 0, 0),
(1086, 38, 'set1week5', 'Friday', '7 / 18', '', 8, 0, 0, 0, 0, 0, 0, 0, 0),
(1087, 38, 'set1week6', 'Saturday', '7 / 19', '', 0, 0, 0, 0, 0, 0, 0, 0, 0),
(1088, 38, 'set1week7', 'Sunday', '7 / 20', '', 0, 0, 0, 0, 0, 0, 0, 0, 0),
(1089, 38, 'set2week1', 'Monday', '7 / 21', '', 8, 0, 0, 0, 0, 0, 0, 0, 0),
(1090, 38, 'set2week2', 'Tuesday', '7 / 22', '', 8, 0, 0, 0, 0, 0, 0, 0, 0),
(1091, 38, 'set2week3', 'Wednesday', '7 / 23', '', 8, 0, 0, 0, 0, 0, 0, 0, 0),
(1092, 38, 'set2week4', 'Thursday', '7 / 24', '', 8, 0, 0, 0, 0, 0, 0, 0, 0),
(1093, 38, 'set2week5', 'Friday', '7 / 25', '', 0, 0, 0, 0, 0, 8, 0, 0, 0),
(1094, 38, 'set2week6', 'Saturday', '7 / 26', '', 0, 0, 0, 0, 0, 0, 0, 0, 0),
(1095, 38, 'set2week7', 'Sunday', '7 / 27', '', 0, 0, 0, 0, 0, 0, 0, 0, 0),
(1096, 38, 'set3week1', 'Monday', '7 / 28', '', 8, 0, 0, 0, 0, 0, 0, 0, 0),
(1097, 38, 'set3week2', 'Tuesday', '7 / 29', '', 8, 0, 0, 0, 0, 0, 0, 0, 0),
(1098, 38, 'set3week3', 'Wednesday', '7 / 30', '', 8, 0, 0, 0, 0, 0, 0, 0, 0),
(1099, 38, 'set3week4', 'Thursday', '7 / 31', '', 1, 0, 0, 0, 0, 7, 0, 0, 0),
(1100, 38, 'set3week5', 'Friday', '8 / 1', '', 8, 0, 0, 0, 0, 0, 0, 0, 0),
(1101, 38, 'set3week6', 'Saturday', '8 / 2', '', 0, 0, 0, 0, 0, 0, 0, 0, 0),
(1102, 38, 'set3week7', 'Sunday', '8 / 3', '', 0, 0, 0, 0, 0, 0, 0, 0, 0),
(1103, 38, 'set4week1', 'Monday', '8 / 4', '', 8, 0, 0, 0, 0, 0, 0, 0, 0),
(1104, 38, 'set4week2', 'Tuesday', '8 / 5', '', 8, 0, 0, 0, 0, 0, 0, 0, 0),
(1105, 38, 'set4week3', 'Wednesday', '8 / 6', '', 8, 0, 0, 0, 0, 0, 0, 0, 0),
(1106, 38, 'set4week4', 'Thursday', '8 / 7', '', 8, 0, 0, 0, 0, 0, 0, 0, 0),
(1107, 38, 'set4week5', 'Friday', '8 / 8', '', 8, 0, 0, 0, 0, 0, 0, 0, 0),
(1108, 38, 'set4week6', 'Saturday', '8 / 9', '', 0, 0, 0, 0, 0, 0, 0, 0, 0),
(1109, 38, 'set4week7', 'Sunday', '8 / 10', '', 0, 0, 0, 0, 0, 0, 0, 0, 0),
(1110, 39, 'set1week1', 'Monday', '7 / 14', '', 8, 0, 0, 0, 0, 0, 0, 0, 0),
(1111, 39, 'set1week2', 'Tuesday', '7 / 15', '', 8, 0, 0, 0, 0, 0, 0, 0, 0),
(1112, 39, 'set1week3', 'Wednesday', '7 / 16', '', 8, 0, 0, 0, 0, 0, 0, 0, 0),
(1113, 39, 'set1week4', 'Thursday', '7 / 17', '', 8, 0, 0, 0, 0, 0, 0, 0, 0),
(1114, 39, 'set1week5', 'Friday', '7 / 18', '', 8, 0, 0, 0, 0, 0, 0, 0, 0),
(1115, 39, 'set1week6', 'Saturday', '7 / 19', '', 0, 0, 0, 0, 0, 0, 0, 0, 0),
(1116, 39, 'set1week7', 'Sunday', '7 / 20', '', 0, 0, 0, 0, 0, 0, 0, 0, 0),
(1117, 39, 'set2week1', 'Monday', '7 / 21', '', 8, 0, 0, 0, 0, 0, 0, 0, 0),
(1118, 39, 'set2week2', 'Tuesday', '7 / 22', '', 8, 0, 0, 0, 0, 0, 0, 0, 0),
(1119, 39, 'set2week3', 'Wednesday', '7 / 23', '', 8, 0, 0, 0, 0, 0, 0, 0, 0),
(1120, 39, 'set2week4', 'Thursday', '7 / 24', '', 8, 0, 0, 0, 0, 0, 0, 0, 0),
(1121, 39, 'set2week5', 'Friday', '7 / 25', '', 8, 0, 0, 0, 0, 0, 0, 0, 0),
(1122, 39, 'set2week6', 'Saturday', '7 / 26', '', 0, 0, 0, 0, 0, 0, 0, 0, 0),
(1123, 39, 'set2week7', 'Sunday', '7 / 27', '', 0, 0, 0, 0, 0, 0, 0, 0, 0),
(1124, 39, 'set3week1', 'Monday', '7 / 28', '', 8, 0, 0, 0, 0, 0, 0, 0, 0),
(1125, 39, 'set3week2', 'Tuesday', '7 / 29', '', 8, 0, 0, 0, 0, 0, 0, 0, 0),
(1126, 39, 'set3week3', 'Wednesday', '7 / 30', 'sick', 0, 0, 0, 0, 0, 0, 0, 0, 0),
(1127, 39, 'set3week4', 'Thursday', '7 / 31', '', 8, 0, 0, 0, 0, 0, 0, 0, 0),
(1128, 39, 'set3week5', 'Friday', '8 / 1', '', 8, 0, 0, 0, 0, 0, 0, 0, 0),
(1129, 39, 'set3week6', 'Saturday', '8 / 2', '', 0, 0, 0, 0, 0, 0, 0, 0, 0),
(1130, 39, 'set3week7', 'Sunday', '8 / 3', '', 0, 0, 0, 0, 0, 0, 0, 0, 0),
(1131, 39, 'set4week1', 'Monday', '8 / 4', '', 8, 0, 0, 0, 0, 0, 0, 0, 0),
(1132, 39, 'set4week2', 'Tuesday', '8 / 5', '', 8, 0, 0, 0, 0, 0, 0, 0, 0),
(1133, 39, 'set4week3', 'Wednesday', '8 / 6', '', 0, 0, 0, 0, 0, 0, 0, 0, 0),
(1134, 39, 'set4week4', 'Thursday', '8 / 7', '', 8, 0, 0, 0, 0, 0, 0, 0, 0),
(1135, 39, 'set4week5', 'Friday', '8 / 8', '', 8, 0, 0, 0, 0, 0, 0, 0, 0),
(1136, 39, 'set4week6', 'Saturday', '8 / 9', '', 0, 0, 0, 0, 0, 0, 0, 0, 0),
(1137, 39, 'set4week7', 'Sunday', '8 / 10', '', 0, 0, 0, 0, 0, 0, 0, 0, 0),
(1138, 40, 'set1week1', 'Monday', '7 / 14', '', 8, 0, 0, 0, 0, 0, 0, 0, 0),
(1139, 40, 'set1week2', 'Tuesday', '7 / 15', '', 0, 0, 0, 0, 0, 0, 0, 0, 0),
(1140, 40, 'set1week3', 'Wednesday', '7 / 16', '', 4, 0, 0, 0, 0, 0, 0, 0, 0),
(1141, 40, 'set1week4', 'Thursday', '7 / 17', '', 4, 0, 0, 0, 0, 0, 0, 0, 0),
(1142, 40, 'set1week5', 'Friday', '7 / 18', '', 8, 0, 0, 0, 0, 0, 0, 0, 0),
(1143, 40, 'set1week6', 'Saturday', '7 / 19', '', 0, 0, 0, 0, 0, 0, 0, 0, 0),
(1144, 40, 'set1week7', 'Sunday', '7 / 20', '', 0, 0, 0, 0, 0, 0, 0, 0, 0),
(1145, 40, 'set2week1', 'Monday', '7 / 21', '', 8, 0, 0, 0, 0, 0, 0, 0, 0),
(1146, 40, 'set2week2', 'Tuesday', '7 / 22', '', 0, 0, 0, 0, 0, 0, 0, 0, 0),
(1147, 40, 'set2week3', 'Wednesday', '7 / 23', '', 8, 0, 0, 0, 0, 0, 0, 0, 0),
(1148, 40, 'set2week4', 'Thursday', '7 / 24', '', 0, 0, 0, 0, 0, 0, 0, 0, 0),
(1149, 40, 'set2week5', 'Friday', '7 / 25', '', 8, 0, 0, 0, 0, 0, 0, 0, 0),
(1150, 40, 'set2week6', 'Saturday', '7 / 26', '', 0, 0, 0, 0, 0, 0, 0, 0, 0),
(1151, 40, 'set2week7', 'Sunday', '7 / 27', '', 0, 0, 0, 0, 0, 0, 0, 0, 0),
(1152, 40, 'set3week1', 'Monday', '7 / 28', '', 8, 0, 0, 0, 0, 0, 0, 0, 0),
(1153, 40, 'set3week2', 'Tuesday', '7 / 29', '', 0, 0, 0, 0, 0, 0, 0, 0, 0),
(1154, 40, 'set3week3', 'Wednesday', '7 / 30', '', 8, 0, 0, 0, 0, 0, 0, 0, 0),
(1155, 40, 'set3week4', 'Thursday', '7 / 31', '', 0, 0, 0, 0, 0, 0, 0, 0, 0),
(1156, 40, 'set3week5', 'Friday', '8 / 1', '', 8, 0, 0, 0, 0, 0, 0, 0, 0),
(1157, 40, 'set3week6', 'Saturday', '8 / 2', '', 0, 0, 0, 0, 0, 0, 0, 0, 0),
(1158, 40, 'set3week7', 'Sunday', '8 / 3', '', 0, 0, 0, 0, 0, 0, 0, 0, 0),
(1159, 40, 'set4week1', 'Monday', '8 / 4', '', 8, 0, 0, 0, 0, 0, 0, 0, 0),
(1160, 40, 'set4week2', 'Tuesday', '8 / 5', '', 0, 0, 0, 0, 0, 0, 0, 0, 0),
(1161, 40, 'set4week3', 'Wednesday', '8 / 6', '', 8, 0, 0, 0, 0, 0, 0, 0, 0),
(1162, 40, 'set4week4', 'Thursday', '8 / 7', '', 0, 0, 0, 0, 0, 0, 0, 0, 0),
(1163, 40, 'set4week5', 'Friday', '8 / 8', '', 0, 0, 0, 0, 0, 0, 0, 0, 0),
(1164, 40, 'set4week6', 'Saturday', '8 / 9', '', 0, 0, 0, 0, 0, 0, 0, 0, 0),
(1165, 40, 'set4week7', 'Sunday', '8 / 10', '', 0, 0, 0, 0, 0, 0, 0, 0, 0),
(1166, 41, 'set1week1', 'Monday', '7 / 14', '', 8, 0, 0, 0, 0, 0, 0, 0, 0),
(1167, 41, 'set1week2', 'Tuesday', '7 / 15', '', 8, 0, 0, 0, 0, 0, 0, 0, 0),
(1168, 41, 'set1week3', 'Wednesday', '7 / 16', '', 8, 0, 0, 0, 0, 0, 0, 0, 0),
(1169, 41, 'set1week4', 'Thursday', '7 / 17', '', 4, 0, 0, 0, 0, 0, 0, 0, 0),
(1170, 41, 'set1week5', 'Friday', '7 / 18', '', 8, 0, 0, 0, 0, 0, 0, 0, 0),
(1171, 41, 'set1week6', 'Saturday', '7 / 19', '', 0, 0, 0, 0, 0, 0, 0, 0, 0),
(1172, 41, 'set1week7', 'Sunday', '7 / 20', '', 0, 0, 0, 0, 0, 0, 0, 0, 0),
(1173, 41, 'set2week1', 'Monday', '7 / 21', 'off', 0, 0, 0, 0, 0, 0, 0, 0, 0),
(1174, 41, 'set2week2', 'Tuesday', '7 / 22', '', 8, 0, 0, 0, 0, 0, 0, 0, 0),
(1175, 41, 'set2week3', 'Wednesday', '7 / 23', '', 8, 0, 0, 0, 0, 0, 0, 0, 0),
(1176, 41, 'set2week4', 'Thursday', '7 / 24', '', 8, 0, 0, 0, 0, 0, 0, 0, 0),
(1177, 41, 'set2week5', 'Friday', '7 / 25', 'off', 0, 0, 0, 0, 0, 0, 0, 0, 0),
(1178, 41, 'set2week6', 'Saturday', '7 / 26', '', 0, 0, 0, 0, 0, 0, 0, 0, 0),
(1179, 41, 'set2week7', 'Sunday', '7 / 27', '', 0, 0, 0, 0, 0, 0, 0, 0, 0),
(1180, 41, 'set3week1', 'Monday', '7 / 28', '', 8, 0, 0, 0, 0, 0, 0, 0, 0),
(1181, 41, 'set3week2', 'Tuesday', '7 / 29', '', 8, 0, 0, 0, 0, 0, 0, 0, 0),
(1182, 41, 'set3week3', 'Wednesday', '7 / 30', '', 8, 0, 0, 0, 0, 0, 0, 0, 0),
(1183, 41, 'set3week4', 'Thursday', '7 / 31', 'off trees', 0, 0, 0, 0, 0, 0, 0, 0, 0),
(1184, 41, 'set3week5', 'Friday', '8 / 1', 'off', 0, 0, 0, 0, 0, 0, 0, 0, 0),
(1185, 41, 'set3week6', 'Saturday', '8 / 2', '', 0, 0, 0, 0, 0, 0, 0, 0, 0),
(1186, 41, 'set3week7', 'Sunday', '8 / 3', '', 0, 0, 0, 0, 0, 0, 0, 0, 0),
(1187, 41, 'set4week1', 'Monday', '8 / 4', '', 8, 0, 0, 0, 0, 0, 0, 0, 0),
(1188, 41, 'set4week2', 'Tuesday', '8 / 5', '', 8, 0, 0, 0, 0, 0, 0, 0, 0),
(1189, 41, 'set4week3', 'Wednesday', '8 / 6', '', 8, 0, 0, 0, 0, 0, 0, 0, 0),
(1190, 41, 'set4week4', 'Thursday', '8 / 7', '', 8, 0, 0, 0, 0, 0, 0, 0, 0),
(1191, 41, 'set4week5', 'Friday', '8 / 8', '', 5, 0, 0, 0, 0, 0, 0, 0, 0),
(1192, 41, 'set4week6', 'Saturday', '8 / 9', '', 0, 0, 0, 0, 0, 0, 0, 0, 0),
(1193, 41, 'set4week7', 'Sunday', '8 / 10', '', 0, 0, 0, 0, 0, 0, 0, 0, 0),
(1194, 42, 'set1week1', 'Monday', '7 / 14', 'City Council', 7, 0, 0, 0, 0, 0, 0, 1.5, 1),
(1195, 42, 'set1week2', 'Tuesday', '7 / 15', '', 8, 0, 0, 0, 0, 0, 0, 0, 0),
(1196, 42, 'set1week3', 'Wednesday', '7 / 16', '', 8, 0, 0, 0, 0, 0, 0, 0, 0),
(1197, 42, 'set1week4', 'Thursday', '7 / 17', '', 8, 0, 0, 0, 0, 0, 0, 0, 0),
(1198, 42, 'set1week5', 'Friday', '7 / 18', '', 8, 0, 0, 0, 0, 0, 0, 0, 0),
(1199, 42, 'set1week6', 'Saturday', '7 / 19', '', 0, 0, 0, 0, 0, 0, 0, 0, 0),
(1200, 42, 'set1week7', 'Sunday', '7 / 20', '', 0, 0, 0, 0, 0, 0, 0, 0, 0),
(1201, 42, 'set2week1', 'Monday', '7 / 21', '', 8, 0, 0, 0, 0, 0, 0, 0, 0),
(1202, 42, 'set2week2', 'Tuesday', '7 / 22', '', 8, 0, 0, 0, 0, 0, 0, 0, 0),
(1203, 42, 'set2week3', 'Wednesday', '7 / 23', '', 8, 0, 0, 0, 0, 0, 0, 0, 0),
(1204, 42, 'set2week4', 'Thursday', '7 / 24', '', 8, 0, 0, 0, 0, 0, 0, 0, 0),
(1205, 42, 'set2week5', 'Friday', '7 / 25', '', 8, 0, 0, 0, 0, 0, 0, 0, 0),
(1206, 42, 'set2week6', 'Saturday', '7 / 26', '', 0, 0, 0, 0, 0, 0, 0, 0, 0),
(1207, 42, 'set2week7', 'Sunday', '7 / 27', '', 0, 0, 0, 0, 0, 0, 0, 0, 0),
(1208, 42, 'set3week1', 'Monday', '7 / 28', 'City Council', 7, 0, 0, 0, 0, 0, 0, 1.5, 1),
(1209, 42, 'set3week2', 'Tuesday', '7 / 29', '', 8, 0, 0, 0, 0, 0, 0, 0, 0),
(1210, 42, 'set3week3', 'Wednesday', '7 / 30', '', 8, 0, 0, 0, 0, 0, 0, 0, 0),
(1211, 42, 'set3week4', 'Thursday', '7 / 31', '', 8, 0, 0, 0, 0, 0, 0, 0, 0),
(1212, 42, 'set3week5', 'Friday', '8 / 1', '', 8, 0, 0, 0, 0, 0, 0, 0, 0),
(1213, 42, 'set3week6', 'Saturday', '8 / 2', 'Birds', 0, 0, 0, 0, 0, 0, 0, 1, 0),
(1214, 42, 'set3week7', 'Sunday', '8 / 3', 'Birds', 0, 0, 0, 0, 0, 0, 0, 1, 0),
(1215, 42, 'set4week1', 'Monday', '8 / 4', '', 8, 0, 0, 0, 0, 0, 0, 0, 0),
(1216, 42, 'set4week2', 'Tuesday', '8 / 5', '', 8, 0, 0, 0, 0, 0, 0, 0, 0),
(1217, 42, 'set4week3', 'Wednesday', '8 / 6', '', 8, 0, 0, 0, 0, 0, 0, 0, 0),
(1218, 42, 'set4week4', 'Thursday', '8 / 7', '', 8, 0, 0, 0, 0, 0, 0, 0, 0),
(1219, 42, 'set4week5', 'Friday', '8 / 8', '', 8, 0, 0, 0, 0, 0, 0, 0, 0),
(1220, 42, 'set4week6', 'Saturday', '8 / 9', 'Birds', 0, 0, 0, 0, 0, 0, 0, 1, 0),
(1221, 42, 'set4week7', 'Sunday', '8 / 10', '', 0, 0, 0, 0, 0, 0, 0, 0, 0),
(1222, 43, 'set1week1', 'Monday', '8 / 11', '', 8, 0, 0, 0, 0, 0, 0, 0, 0),
(1223, 43, 'set1week2', 'Tuesday', '8 / 12', '', 8, 0, 0, 0, 0, 0, 0, 0, 0),
(1224, 43, 'set1week3', 'Wednesday', '8 / 13', '', 8, 0, 0, 0, 0, 0, 0, 0, 0),
(1225, 43, 'set1week4', 'Thursday', '8 / 14', '', 8, 0, 0, 0, 0, 0, 0, 0, 0),
(1226, 43, 'set1week5', 'Friday', '8 / 15', '', 8, 0, 0, 0, 0, 0, 0, 0, 0),
(1227, 43, 'set1week6', 'Saturday', '8 / 16', '', 0, 0, 0, 0, 0, 0, 0, 0, 0),
(1228, 43, 'set1week7', 'Sunday', '8 / 17', '', 0, 0, 0, 0, 0, 0, 0, 0, 0),
(1229, 43, 'set2week1', 'Monday', '8 / 18', '', 8, 0, 0, 0, 0, 0, 0, 0, 0),
(1230, 43, 'set2week2', 'Tuesday', '8 / 19', '', 8, 0, 0, 0, 0, 0, 0, 0, 0),
(1231, 43, 'set2week3', 'Wednesday', '8 / 20', '', 8, 0, 0, 0, 0, 0, 0, 0, 0),
(1232, 43, 'set2week4', 'Thursday', '8 / 21', '', 5, 0, 0, 0, 0, 3, 0, 0, 0),
(1233, 43, 'set2week5', 'Friday', '8 / 22', '', 0, 0, 0, 0, 0, 8, 0, 0, 0),
(1234, 43, 'set2week6', 'Saturday', '8 / 23', '', 0, 0, 0, 0, 0, 0, 0, 0, 0),
(1235, 43, 'set2week7', 'Sunday', '8 / 24', '', 0, 0, 0, 0, 0, 0, 0, 0, 0),
(1236, 43, 'set3week1', 'Monday', '8 / 25', '', 8, 0, 0, 0, 0, 0, 0, 0, 0),
(1237, 43, 'set3week2', 'Tuesday', '8 / 26', '', 8, 0, 0, 0, 0, 0, 0, 0, 0),
(1238, 43, 'set3week3', 'Wednesday', '8 / 27', '', 8, 0, 0, 0, 0, 0, 0, 0, 0),
(1239, 43, 'set3week4', 'Thursday', '8 / 28', '', 8, 0, 0, 0, 0, 0, 0, 0, 0),
(1240, 43, 'set3week5', 'Friday', '8 / 29', '', 1, 0, 0, 0, 0, 7, 0, 0, 0),
(1241, 43, 'set3week6', 'Saturday', '8 / 30', '', 0, 0, 0, 0, 0, 0, 0, 0, 0),
(1242, 43, 'set3week7', 'Sunday', '8 / 31', '', 0, 0, 0, 0, 0, 0, 0, 0, 0),
(1243, 43, 'set4week1', 'Monday', '9 / 1', '', 0, 8, 0, 0, 0, 0, 0, 0, 0),
(1244, 43, 'set4week2', 'Tuesday', '9 / 2', '', 8, 0, 0, 0, 0, 0, 0, 0, 0),
(1245, 43, 'set4week3', 'Wednesday', '9 / 3', '', 8, 0, 0, 0, 0, 0, 0, 0, 0),
(1246, 43, 'set4week4', 'Thursday', '9 / 4', '', 8, 0, 0, 0, 0, 0, 0, 0, 0),
(1247, 43, 'set4week5', 'Friday', '9 / 5', '', 1, 0, 0, 0, 0, 7, 0, 0, 0),
(1248, 43, 'set4week6', 'Saturday', '9 / 6', '', 0, 0, 0, 0, 0, 0, 0, 0, 0),
(1249, 43, 'set4week7', 'Sunday', '9 / 7', '', 0, 0, 0, 0, 0, 0, 0, 0, 0),
(1250, 44, 'set1week1', 'Monday', '8 / 11', '', 8, 0, 0, 0, 0, 0, 0, 0, 0),
(1251, 44, 'set1week2', 'Tuesday', '8 / 12', '', 0, 0, 0, 0, 0, 0, 0, 0, 0),
(1252, 44, 'set1week3', 'Wednesday', '8 / 13', '', 8, 0, 0, 0, 0, 0, 0, 0, 0),
(1253, 44, 'set1week4', 'Thursday', '8 / 14', '', 0, 0, 0, 0, 0, 0, 0, 0, 0),
(1254, 44, 'set1week5', 'Friday', '8 / 15', '', 8, 0, 0, 0, 0, 0, 0, 0, 0),
(1255, 44, 'set1week6', 'Saturday', '8 / 16', '', 0, 0, 0, 0, 0, 0, 0, 0, 0),
(1256, 44, 'set1week7', 'Sunday', '8 / 17', '', 0, 0, 0, 0, 0, 0, 0, 0, 0),
(1257, 44, 'set2week1', 'Monday', '8 / 18', '', 4, 0, 0, 0, 0, 0, 0, 0, 0),
(1258, 44, 'set2week2', 'Tuesday', '8 / 19', '', 0, 0, 0, 0, 0, 0, 0, 0, 0),
(1259, 44, 'set2week3', 'Wednesday', '8 / 20', '', 0, 0, 0, 0, 0, 0, 0, 0, 0),
(1260, 44, 'set2week4', 'Thursday', '8 / 21', '', 0, 0, 0, 0, 0, 0, 0, 0, 0),
(1261, 44, 'set2week5', 'Friday', '8 / 22', '', 0, 0, 0, 0, 0, 0, 0, 0, 0),
(1262, 44, 'set2week6', 'Saturday', '8 / 23', '', 0, 0, 0, 0, 0, 0, 0, 0, 0),
(1263, 44, 'set2week7', 'Sunday', '8 / 24', '', 0, 0, 0, 0, 0, 0, 0, 0, 0),
(1264, 44, 'set3week1', 'Monday', '8 / 25', '', 0, 0, 0, 0, 0, 0, 0, 0, 0),
(1265, 44, 'set3week2', 'Tuesday', '8 / 26', '', 0, 0, 0, 0, 0, 0, 0, 0, 0),
(1266, 44, 'set3week3', 'Wednesday', '8 / 27', '', 0, 0, 0, 0, 0, 0, 0, 0, 0),
(1267, 44, 'set3week4', 'Thursday', '8 / 28', '', 0, 0, 0, 0, 0, 0, 0, 0, 0),
(1268, 44, 'set3week5', 'Friday', '8 / 29', '', 0, 0, 0, 0, 0, 0, 0, 0, 0),
(1269, 44, 'set3week6', 'Saturday', '8 / 30', '', 0, 0, 0, 0, 0, 0, 0, 0, 0),
(1270, 44, 'set3week7', 'Sunday', '8 / 31', '', 0, 0, 0, 0, 0, 0, 0, 0, 0),
(1271, 44, 'set4week1', 'Monday', '9 / 1', '', 0, 0, 0, 0, 0, 0, 0, 0, 0),
(1272, 44, 'set4week2', 'Tuesday', '9 / 2', '', 0, 0, 0, 0, 0, 0, 0, 0, 0),
(1273, 44, 'set4week3', 'Wednesday', '9 / 3', '', 0, 0, 0, 0, 0, 0, 0, 0, 0),
(1274, 44, 'set4week4', 'Thursday', '9 / 4', '', 0, 0, 0, 0, 0, 0, 0, 0, 0),
(1275, 44, 'set4week5', 'Friday', '9 / 5', '', 0, 0, 0, 0, 0, 0, 0, 0, 0),
(1276, 44, 'set4week6', 'Saturday', '9 / 6', '', 0, 0, 0, 0, 0, 0, 0, 0, 0),
(1277, 44, 'set4week7', 'Sunday', '9 / 7', '', 0, 0, 0, 0, 0, 0, 0, 0, 0),
(1278, 45, 'set1week1', 'Monday', '8 / 11', '', 8, 0, 0, 0, 0, 0, 0, 0, 0),
(1279, 45, 'set1week2', 'Tuesday', '8 / 12', '', 8, 0, 0, 0, 0, 0, 0, 0, 0),
(1280, 45, 'set1week3', 'Wednesday', '8 / 13', '', 8, 0, 0, 0, 0, 0, 0, 0, 0),
(1281, 45, 'set1week4', 'Thursday', '8 / 14', '', 8, 0, 0, 0, 0, 0, 0, 0, 0),
(1282, 45, 'set1week5', 'Friday', '8 / 15', '', 8, 0, 0, 0, 0, 0, 0, 0, 0),
(1283, 45, 'set1week6', 'Saturday', '8 / 16', '', 0, 0, 0, 0, 0, 0, 0, 0, 0),
(1284, 45, 'set1week7', 'Sunday', '8 / 17', '', 0, 0, 0, 0, 0, 0, 0, 0, 0),
(1285, 45, 'set2week1', 'Monday', '8 / 18', '', 8, 0, 0, 0, 0, 0, 0, 0, 0),
(1286, 45, 'set2week2', 'Tuesday', '8 / 19', '', 8, 0, 0, 0, 0, 0, 0, 0, 0),
(1287, 45, 'set2week3', 'Wednesday', '8 / 20', '', 8, 0, 0, 0, 0, 0, 0, 0, 0),
(1288, 45, 'set2week4', 'Thursday', '8 / 21', '', 8, 0, 0, 0, 0, 0, 0, 0, 0),
(1289, 45, 'set2week5', 'Friday', '8 / 22', '', 8, 0, 0, 0, 0, 0, 0, 0, 0),
(1290, 45, 'set2week6', 'Saturday', '8 / 23', '', 0, 0, 0, 0, 0, 0, 0, 0, 0),
(1291, 45, 'set2week7', 'Sunday', '8 / 24', '', 0, 0, 0, 0, 0, 0, 0, 0, 0),
(1292, 45, 'set3week1', 'Monday', '8 / 25', '', 8, 0, 0, 0, 0, 0, 0, 0, 0),
(1293, 45, 'set3week2', 'Tuesday', '8 / 26', '', 8, 0, 0, 0, 0, 0, 0, 0, 0),
(1294, 45, 'set3week3', 'Wednesday', '8 / 27', '', 8, 0, 0, 0, 0, 0, 0, 0, 0),
(1295, 45, 'set3week4', 'Thursday', '8 / 28', '', 8, 0, 0, 0, 0, 0, 0, 0, 0),
(1296, 45, 'set3week5', 'Friday', '8 / 29', '', 8, 0, 0, 0, 0, 0, 0, 0, 0),
(1297, 45, 'set3week6', 'Saturday', '8 / 30', '', 0, 0, 0, 0, 0, 0, 0, 0, 0),
(1298, 45, 'set3week7', 'Sunday', '8 / 31', '', 0, 0, 0, 0, 0, 0, 0, 0, 0),
(1299, 45, 'set4week1', 'Monday', '9 / 1', '', 0, 0, 0, 0, 0, 0, 0, 0, 0),
(1300, 45, 'set4week2', 'Tuesday', '9 / 2', '', 8, 0, 0, 0, 0, 0, 0, 0, 0),
(1301, 45, 'set4week3', 'Wednesday', '9 / 3', '', 8, 0, 0, 0, 0, 0, 0, 0, 0),
(1302, 45, 'set4week4', 'Thursday', '9 / 4', '', 8, 0, 0, 0, 0, 0, 0, 0, 0),
(1303, 45, 'set4week5', 'Friday', '9 / 5', '', 8, 0, 0, 0, 0, 0, 0, 0, 0),
(1304, 45, 'set4week6', 'Saturday', '9 / 6', '', 0, 0, 0, 0, 0, 0, 0, 0, 0),
(1305, 45, 'set4week7', 'Sunday', '9 / 7', '', 0, 0, 0, 0, 0, 0, 0, 0, 0),
(1306, 46, 'set1week1', 'Monday', '8 / 11', '', 0, 0, 0, 0, 0, 0, 0, 0, 0),
(1307, 46, 'set1week2', 'Tuesday', '8 / 12', '', 0, 0, 0, 0, 0, 0, 0, 0, 0),
(1308, 46, 'set1week3', 'Wednesday', '8 / 13', '', 0, 0, 0, 0, 0, 0, 0, 0, 0),
(1309, 46, 'set1week4', 'Thursday', '8 / 14', '', 0, 0, 0, 0, 0, 0, 0, 0, 0),
(1310, 46, 'set1week5', 'Friday', '8 / 15', '', 0, 0, 0, 0, 0, 0, 0, 0, 0),
(1311, 46, 'set1week6', 'Saturday', '8 / 16', '', 0, 0, 0, 0, 0, 0, 0, 0, 0),
(1312, 46, 'set1week7', 'Sunday', '8 / 17', '', 0, 0, 0, 0, 0, 0, 0, 0, 0),
(1313, 46, 'set2week1', 'Monday', '8 / 18', '', 8, 0, 0, 0, 0, 0, 0, 0, 0),
(1314, 46, 'set2week2', 'Tuesday', '8 / 19', '', 8, 0, 0, 0, 0, 0, 0, 0, 0),
(1315, 46, 'set2week3', 'Wednesday', '8 / 20', '', 8, 0, 0, 0, 0, 0, 0, 0, 0),
(1316, 46, 'set2week4', 'Thursday', '8 / 21', '', 8, 0, 0, 0, 0, 0, 0, 0, 0),
(1317, 46, 'set2week5', 'Friday', '8 / 22', '', 8, 0, 0, 0, 0, 0, 0, 0, 0),
(1318, 46, 'set2week6', 'Saturday', '8 / 23', '', 0, 0, 0, 0, 0, 0, 0, 0, 0),
(1319, 46, 'set2week7', 'Sunday', '8 / 24', '', 0, 0, 0, 0, 0, 0, 0, 0, 0),
(1320, 46, 'set3week1', 'Monday', '8 / 25', '', 4, 0, 0, 0, 0, 0, 0, 0, 0),
(1321, 46, 'set3week2', 'Tuesday', '8 / 26', '', 8, 0, 0, 0, 0, 0, 0, 0, 0),
(1322, 46, 'set3week3', 'Wednesday', '8 / 27', '', 8, 0, 0, 0, 0, 0, 0, 0, 0),
(1323, 46, 'set3week4', 'Thursday', '8 / 28', '', 8, 0, 0, 0, 0, 0, 0, 0, 0),
(1324, 46, 'set3week5', 'Friday', '8 / 29', '', 8, 0, 0, 0, 0, 0, 0, 0, 0),
(1325, 46, 'set3week6', 'Saturday', '8 / 30', '', 0, 0, 0, 0, 0, 0, 0, 0, 0),
(1326, 46, 'set3week7', 'Sunday', '8 / 31', '', 0, 0, 0, 0, 0, 0, 0, 0, 0),
(1327, 46, 'set4week1', 'Monday', '9 / 1', '', 0, 0, 0, 0, 0, 0, 0, 0, 0),
(1328, 46, 'set4week2', 'Tuesday', '9 / 2', '', 8, 0, 0, 0, 0, 0, 0, 0, 0),
(1329, 46, 'set4week3', 'Wednesday', '9 / 3', '', 8, 0, 0, 0, 0, 0, 0, 0, 0),
(1330, 46, 'set4week4', 'Thursday', '9 / 4', '', 8, 0, 0, 0, 0, 0, 0, 0, 0),
(1331, 46, 'set4week5', 'Friday', '9 / 5', '', 8, 0, 0, 0, 0, 0, 0, 0, 0),
(1332, 46, 'set4week6', 'Saturday', '9 / 6', '', 0, 0, 0, 0, 0, 0, 0, 0, 0),
(1333, 46, 'set4week7', 'Sunday', '9 / 7', '', 0, 0, 0, 0, 0, 0, 0, 0, 0);
INSERT INTO `tbl_timesheets_sub_w` (`week_id`, `time_sheet_parent`, `week1_stringname`, `week1_day`, `week1_date`, `week1_notes`, `week1_reg_hours`, `week1_hol_hours`, `week1_hol_pay`, `week1_ot`, `week1_dt`, `week1_vl`, `week1_sl`, `week1_ce`, `week1_ct`) VALUES
(1334, 47, 'set1week1', 'Monday', '8 / 11', '', 8, 0, 0, 0, 0, 0, 0, 0, 0),
(1335, 47, 'set1week2', 'Tuesday', '8 / 12', 'Public Works', 8, 0, 0, 0, 0, 0, 0, 1, 0),
(1336, 47, 'set1week3', 'Wednesday', '8 / 13', '', 8, 0, 0, 0, 0, 0, 0, 0, 0),
(1337, 47, 'set1week4', 'Thursday', '8 / 14', '', 8, 0, 0, 0, 0, 0, 0, 0, 0),
(1338, 47, 'set1week5', 'Friday', '8 / 15', '', 8, 0, 0, 0, 0, 0, 0, 0, 0),
(1339, 47, 'set1week6', 'Saturday', '8 / 16', '', 0, 0, 0, 0, 0, 0, 0, 0, 0),
(1340, 47, 'set1week7', 'Sunday', '8 / 17', '', 0, 0, 0, 0, 0, 0, 0, 0, 0),
(1341, 47, 'set2week1', 'Monday', '8 / 18', 'City Council', 7, 0, 0, 0, 0, 0, 0, 1.5, 1),
(1342, 47, 'set2week2', 'Tuesday', '8 / 19', '', 8, 0, 0, 0, 0, 0, 0, 0, 0),
(1343, 47, 'set2week3', 'Wednesday', '8 / 20', '', 8, 0, 0, 0, 0, 0, 0, 0, 0),
(1344, 47, 'set2week4', 'Thursday', '8 / 21', '', 8, 0, 0, 0, 0, 0, 0, 0, 0),
(1345, 47, 'set2week5', 'Friday', '8 / 22', '', 8, 0, 0, 0, 0, 0, 0, 0, 0),
(1346, 47, 'set2week6', 'Saturday', '8 / 23', '', 0, 0, 0, 0, 0, 0, 0, 0, 0),
(1347, 47, 'set2week7', 'Sunday', '8 / 24', '', 0, 0, 0, 0, 0, 0, 0, 0, 0),
(1348, 47, 'set3week1', 'Monday', '8 / 25', '', 8, 0, 0, 0, 0, 0, 0, 0, 0),
(1349, 47, 'set3week2', 'Tuesday', '8 / 26', 'Public Works', 8, 0, 0, 0, 0, 0, 0, 1, 0),
(1350, 47, 'set3week3', 'Wednesday', '8 / 27', '', 8, 0, 0, 0, 0, 0, 0, 0, 0),
(1351, 47, 'set3week4', 'Thursday', '8 / 28', '', 8, 0, 0, 0, 0, 0, 0, 0, 0),
(1352, 47, 'set3week5', 'Friday', '8 / 29', '', 8, 0, 0, 0, 0, 0, 0, 0, 0),
(1353, 47, 'set3week6', 'Saturday', '8 / 30', '', 0, 0, 0, 0, 0, 0, 0, 0, 0),
(1354, 47, 'set3week7', 'Sunday', '8 / 31', '', 0, 0, 0, 0, 0, 0, 0, 0, 0),
(1355, 47, 'set4week1', 'Monday', '9 / 1', 'Labor Day', 0, 8, 0, 0, 0, 0, 0, 0, 0),
(1356, 47, 'set4week2', 'Tuesday', '9 / 2', 'City Council', 7, 0, 0, 0, 0, 0, 0, 1, 1),
(1357, 47, 'set4week3', 'Wednesday', '9 / 3', '', 8, 0, 0, 0, 0, 0, 0, 0, 0),
(1358, 47, 'set4week4', 'Thursday', '9 / 4', '', 8, 0, 0, 0, 0, 0, 0, 0, 0),
(1359, 47, 'set4week5', 'Friday', '9 / 5', '', 8, 0, 0, 0, 0, 0, 0, 0, 0),
(1360, 47, 'set4week6', 'Saturday', '9 / 6', '', 0, 0, 0, 0, 0, 0, 0, 0, 0),
(1361, 47, 'set4week7', 'Sunday', '9 / 7', '', 0, 0, 0, 0, 0, 0, 0, 0, 0),
(1362, 48, 'set1week1', 'Monday', '9 / 8', '', 8, 0, 0, 0, 0, 0, 0, 0, 0),
(1363, 48, 'set1week2', 'Tuesday', '9 / 9', '', 8, 0, 0, 0, 0, 0, 0, 0, 0),
(1364, 48, 'set1week3', 'Wednesday', '9 / 10', '', 0, 0, 0, 0, 0, 0, 8, 0, 0),
(1365, 48, 'set1week4', 'Thursday', '9 / 11', '', 8, 0, 0, 0, 0, 0, 0, 0, 0),
(1366, 48, 'set1week5', 'Friday', '9 / 12', '', 8, 0, 0, 0, 0, 0, 0, 0, 0),
(1367, 48, 'set1week6', 'Saturday', '9 / 13', '', 0, 0, 0, 0, 0, 0, 0, 0, 0),
(1368, 48, 'set1week7', 'Sunday', '9 / 14', '', 0, 0, 0, 0, 0, 0, 0, 0, 0),
(1369, 48, 'set2week1', 'Monday', '9 / 15', '', 8, 0, 0, 0, 0, 0, 0, 0, 0),
(1370, 48, 'set2week2', 'Tuesday', '9 / 16', '', 8, 0, 0, 0, 0, 0, 0, 0, 0),
(1371, 48, 'set2week3', 'Wednesday', '9 / 17', '', 8, 0, 0, 0, 0, 0, 0, 0, 0),
(1372, 48, 'set2week4', 'Thursday', '9 / 18', '', 0, 0, 0, 0, 0, 8, 0, 0, 0),
(1373, 48, 'set2week5', 'Friday', '9 / 19', '', 0, 0, 0, 0, 0, 8, 0, 0, 0),
(1374, 48, 'set2week6', 'Saturday', '9 / 20', '', 0, 0, 0, 0, 0, 0, 0, 0, 0),
(1375, 48, 'set2week7', 'Sunday', '9 / 21', '', 0, 0, 0, 0, 0, 0, 0, 0, 0),
(1376, 48, 'set3week1', 'Monday', '9 / 22', '', 0, 0, 0, 0, 0, 8, 0, 0, 0),
(1377, 48, 'set3week2', 'Tuesday', '9 / 23', '', 8, 0, 0, 0, 0, 0, 0, 0, 0),
(1378, 48, 'set3week3', 'Wednesday', '9 / 24', '', 8, 0, 0, 0, 0, 0, 0, 0, 0),
(1379, 48, 'set3week4', 'Thursday', '9 / 25', '', 8, 0, 0, 0, 0, 0, 0, 0, 0),
(1380, 48, 'set3week5', 'Friday', '9 / 26', '', 0, 0, 0, 0, 0, 8, 0, 0, 0),
(1381, 48, 'set3week6', 'Saturday', '9 / 27', '', 0, 0, 0, 0, 0, 0, 0, 0, 0),
(1382, 48, 'set3week7', 'Sunday', '9 / 28', '', 0, 0, 0, 0, 0, 0, 0, 0, 0),
(1383, 48, 'set4week1', 'Monday', '9 / 29', '', 8, 0, 0, 0, 0, 0, 0, 0, 0),
(1384, 48, 'set4week2', 'Tuesday', '9 / 30', '', 8, 0, 0, 0, 0, 0, 0, 0, 0),
(1385, 48, 'set4week3', 'Wednesday', '10 / 1', '', 8, 0, 0, 0, 0, 0, 0, 0, 0),
(1386, 48, 'set4week4', 'Thursday', '10 / 2', '', 8, 0, 0, 0, 0, 0, 0, 0, 0),
(1387, 48, 'set4week5', 'Friday', '10 / 3', '', 8, 0, 0, 0, 0, 0, 0, 0, 0),
(1388, 48, 'set4week6', 'Saturday', '10 / 4', '', 0, 0, 0, 0, 0, 0, 0, 0, 0),
(1389, 48, 'set4week7', 'Sunday', '10 / 5', '', 0, 0, 0, 0, 0, 0, 0, 0, 0),
(1390, 48, 'set5week1', 'Monday', '10 / 6', '', 8, 0, 0, 0, 0, 0, 0, 0, 0),
(1391, 48, 'set5week2', 'Tuesday', '10 / 7', '', 8, 0, 0, 0, 0, 0, 0, 0, 0),
(1392, 48, 'set5week3', 'Wednesday', '10 / 8', '', 0, 0, 0, 0, 0, 0, 8, 0, 0),
(1393, 48, 'set5week4', 'Thursday', '10 / 9', '', 8, 0, 0, 0, 0, 0, 0, 0, 0),
(1394, 48, 'set5week5', 'Friday', '10 / 10', '', 8, 0, 0, 0, 0, 0, 0, 0, 0),
(1395, 48, 'set5week6', 'Saturday', '10 / 11', '', 0, 0, 0, 0, 0, 0, 0, 0, 0),
(1396, 48, 'set5week7', 'Sunday', '10 / 12', '', 0, 0, 0, 0, 0, 0, 0, 0, 0),
(1397, 49, 'set1week1', 'Monday', '9 / 8', '', 8, 0, 0, 0, 0, 0, 0, 0, 0),
(1398, 49, 'set1week2', 'Tuesday', '9 / 9', '', 8, 0, 0, 0, 0, 0, 0, 0, 0),
(1399, 49, 'set1week3', 'Wednesday', '9 / 10', '', 8, 0, 0, 0, 0, 0, 0, 0, 0),
(1400, 49, 'set1week4', 'Thursday', '9 / 11', '', 0, 0, 0, 0, 0, 0, 0, 0, 0),
(1401, 49, 'set1week5', 'Friday', '9 / 12', '', 8, 0, 0, 0, 0, 0, 0, 0, 0),
(1402, 49, 'set1week6', 'Saturday', '9 / 13', '', 0, 0, 0, 0, 0, 0, 0, 0, 0),
(1403, 49, 'set1week7', 'Sunday', '9 / 14', '', 0, 0, 0, 0, 0, 0, 0, 0, 0),
(1404, 49, 'set2week1', 'Monday', '9 / 15', '', 8, 0, 0, 0, 0, 0, 0, 0, 0),
(1405, 49, 'set2week2', 'Tuesday', '9 / 16', '', 8, 0, 0, 0, 0, 0, 0, 0, 0),
(1406, 49, 'set2week3', 'Wednesday', '9 / 17', '', 8, 0, 0, 0, 0, 0, 0, 0, 0),
(1407, 49, 'set2week4', 'Thursday', '9 / 18', '', 0, 0, 0, 0, 0, 0, 0, 0, 0),
(1408, 49, 'set2week5', 'Friday', '9 / 19', '', 8, 0, 0, 0, 0, 0, 0, 0, 0),
(1409, 49, 'set2week6', 'Saturday', '9 / 20', '', 0, 0, 0, 0, 0, 0, 0, 0, 0),
(1410, 49, 'set2week7', 'Sunday', '9 / 21', '', 0, 0, 0, 0, 0, 0, 0, 0, 0),
(1411, 49, 'set3week1', 'Monday', '9 / 22', '', 8, 0, 0, 0, 0, 0, 0, 0, 0),
(1412, 49, 'set3week2', 'Tuesday', '9 / 23', '', 8, 0, 0, 0, 0, 0, 0, 0, 0),
(1413, 49, 'set3week3', 'Wednesday', '9 / 24', '', 8, 0, 0, 0, 0, 0, 0, 0, 0),
(1414, 49, 'set3week4', 'Thursday', '9 / 25', '', 4, 0, 0, 0, 0, 0, 0, 0, 0),
(1415, 49, 'set3week5', 'Friday', '9 / 26', 'off', 0, 0, 0, 0, 0, 0, 0, 0, 0),
(1416, 49, 'set3week6', 'Saturday', '9 / 27', '', 0, 0, 0, 0, 0, 0, 0, 0, 0),
(1417, 49, 'set3week7', 'Sunday', '9 / 28', '', 0, 0, 0, 0, 0, 0, 0, 0, 0),
(1418, 49, 'set4week1', 'Monday', '9 / 29', '', 8, 0, 0, 0, 0, 0, 0, 0, 0),
(1419, 49, 'set4week2', 'Tuesday', '9 / 30', '', 8, 0, 0, 0, 0, 0, 0, 0, 0),
(1420, 49, 'set4week3', 'Wednesday', '10 / 1', '', 8, 0, 0, 0, 0, 0, 0, 0, 0),
(1421, 49, 'set4week4', 'Thursday', '10 / 2', '', 8, 0, 0, 0, 0, 0, 0, 0, 0),
(1422, 49, 'set4week5', 'Friday', '10 / 3', '', 8, 0, 0, 0, 0, 0, 0, 0, 0),
(1423, 49, 'set4week6', 'Saturday', '10 / 4', '', 0, 0, 0, 0, 0, 0, 0, 0, 0),
(1424, 49, 'set4week7', 'Sunday', '10 / 5', '', 0, 0, 0, 0, 0, 0, 0, 0, 0),
(1425, 49, 'set5week1', 'Monday', '10 / 6', '', 8, 0, 0, 0, 0, 0, 0, 0, 0),
(1426, 49, 'set5week2', 'Tuesday', '10 / 7', '', 8, 0, 0, 0, 0, 0, 0, 0, 0),
(1427, 49, 'set5week3', 'Wednesday', '10 / 8', '', 8, 0, 0, 0, 0, 0, 0, 0, 0),
(1428, 49, 'set5week4', 'Thursday', '10 / 9', '', 8, 0, 0, 0, 0, 0, 0, 0, 0),
(1429, 49, 'set5week5', 'Friday', '10 / 10', '', 8, 0, 0, 0, 0, 0, 0, 0, 0),
(1430, 49, 'set5week6', 'Saturday', '10 / 11', '', 0, 0, 0, 0, 0, 0, 0, 0, 0),
(1431, 49, 'set5week7', 'Sunday', '10 / 12', '', 0, 0, 0, 0, 0, 0, 0, 0, 0),
(1432, 50, 'set1week1', 'Monday', '9 / 8', '', 8, 0, 0, 0, 0, 0, 0, 0, 0),
(1433, 50, 'set1week2', 'Tuesday', '9 / 9', '', 8, 0, 0, 0, 0, 0, 0, 0, 0),
(1434, 50, 'set1week3', 'Wednesday', '9 / 10', '', 8, 0, 0, 0, 0, 0, 0, 0, 0),
(1435, 50, 'set1week4', 'Thursday', '9 / 11', '', 8, 0, 0, 0, 0, 0, 0, 0, 0),
(1436, 50, 'set1week5', 'Friday', '9 / 12', '', 8, 0, 0, 0, 0, 0, 0, 0, 0),
(1437, 50, 'set1week6', 'Saturday', '9 / 13', '', 0, 0, 0, 0, 0, 0, 0, 0, 0),
(1438, 50, 'set1week7', 'Sunday', '9 / 14', '', 0, 0, 0, 0, 0, 0, 0, 0, 0),
(1439, 50, 'set2week1', 'Monday', '9 / 15', '', 8, 0, 0, 0, 0, 0, 0, 0, 0),
(1440, 50, 'set2week2', 'Tuesday', '9 / 16', '', 8, 0, 0, 0, 0, 0, 0, 0, 0),
(1441, 50, 'set2week3', 'Wednesday', '9 / 17', '', 8, 0, 0, 0, 0, 0, 0, 0, 0),
(1442, 50, 'set2week4', 'Thursday', '9 / 18', '', 8, 0, 0, 0, 0, 0, 0, 0, 0),
(1443, 50, 'set2week5', 'Friday', '9 / 19', '', 8, 0, 0, 0, 0, 0, 0, 0, 0),
(1444, 50, 'set2week6', 'Saturday', '9 / 20', '', 0, 0, 0, 0, 0, 0, 0, 0, 0),
(1445, 50, 'set2week7', 'Sunday', '9 / 21', '', 0, 0, 0, 0, 0, 0, 0, 0, 0),
(1446, 50, 'set3week1', 'Monday', '9 / 22', '', 8, 0, 0, 0, 0, 0, 0, 0, 0),
(1447, 50, 'set3week2', 'Tuesday', '9 / 23', '', 8, 0, 0, 0, 0, 0, 0, 0, 0),
(1448, 50, 'set3week3', 'Wednesday', '9 / 24', '', 8, 0, 0, 0, 0, 0, 0, 0, 0),
(1449, 50, 'set3week4', 'Thursday', '9 / 25', '', 8, 0, 0, 0, 0, 0, 0, 0, 0),
(1450, 50, 'set3week5', 'Friday', '9 / 26', 'off', 0, 0, 0, 0, 0, 0, 0, 0, 0),
(1451, 50, 'set3week6', 'Saturday', '9 / 27', '', 0, 0, 0, 0, 0, 0, 0, 0, 0),
(1452, 50, 'set3week7', 'Sunday', '9 / 28', '', 0, 0, 0, 0, 0, 0, 0, 0, 0),
(1453, 50, 'set4week1', 'Monday', '9 / 29', '', 8, 0, 0, 0, 0, 0, 0, 0, 0),
(1454, 50, 'set4week2', 'Tuesday', '9 / 30', '', 8, 0, 0, 0, 0, 0, 0, 0, 0),
(1455, 50, 'set4week3', 'Wednesday', '10 / 1', '', 8, 0, 0, 0, 0, 0, 0, 0, 0),
(1456, 50, 'set4week4', 'Thursday', '10 / 2', '', 8, 0, 0, 0, 0, 0, 0, 0, 0),
(1457, 50, 'set4week5', 'Friday', '10 / 3', '', 8, 0, 0, 0, 0, 0, 0, 0, 0),
(1458, 50, 'set4week6', 'Saturday', '10 / 4', '', 0, 0, 0, 0, 0, 0, 0, 0, 0),
(1459, 50, 'set4week7', 'Sunday', '10 / 5', '', 0, 0, 0, 0, 0, 0, 0, 0, 0),
(1460, 50, 'set5week1', 'Monday', '10 / 6', '', 8, 0, 0, 0, 0, 0, 0, 0, 0),
(1461, 50, 'set5week2', 'Tuesday', '10 / 7', '', 8, 0, 0, 0, 0, 0, 0, 0, 0),
(1462, 50, 'set5week3', 'Wednesday', '10 / 8', '', 8, 0, 0, 0, 0, 0, 0, 0, 0),
(1463, 50, 'set5week4', 'Thursday', '10 / 9', '', 8, 0, 0, 0, 0, 0, 0, 0, 0),
(1464, 50, 'set5week5', 'Friday', '10 / 10', '', 8, 0, 0, 0, 0, 0, 0, 0, 0),
(1465, 50, 'set5week6', 'Saturday', '10 / 11', '', 0, 0, 0, 0, 0, 0, 0, 0, 0),
(1466, 50, 'set5week7', 'Sunday', '10 / 12', '', 0, 0, 0, 0, 0, 0, 0, 0, 0),
(1467, 51, 'set1week1', 'Monday', '9 / 8', '', 8, 0, 0, 0, 0, 0, 0, 0, 0),
(1468, 51, 'set1week2', 'Tuesday', '9 / 9', 'Public Works', 8, 0, 0, 0, 0, 0, 0, 1, 0),
(1469, 51, 'set1week3', 'Wednesday', '9 / 10', '', 8, 0, 0, 0, 0, 0, 0, 0, 0),
(1470, 51, 'set1week4', 'Thursday', '9 / 11', '', 8, 0, 0, 0, 0, 0, 0, 0, 0),
(1471, 51, 'set1week5', 'Friday', '9 / 12', '', 8, 0, 0, 0, 0, 0, 0, 0, 0),
(1472, 51, 'set1week6', 'Saturday', '9 / 13', '', 0, 0, 0, 0, 0, 0, 0, 0, 0),
(1473, 51, 'set1week7', 'Sunday', '9 / 14', '', 0, 0, 0, 0, 0, 0, 0, 0, 0),
(1474, 51, 'set2week1', 'Monday', '9 / 15', 'City Council', 7, 0, 0, 0, 0, 0, 0, 1.5, 1),
(1475, 51, 'set2week2', 'Tuesday', '9 / 16', '', 8, 0, 0, 0, 0, 0, 0, 0, 0),
(1476, 51, 'set2week3', 'Wednesday', '9 / 17', '', 8, 0, 0, 0, 0, 0, 0, 0, 0),
(1477, 51, 'set2week4', 'Thursday', '9 / 18', '', 8, 0, 0, 0, 0, 0, 0, 0, 0),
(1478, 51, 'set2week5', 'Friday', '9 / 19', '', 8, 0, 0, 0, 0, 0, 0, 0, 0),
(1479, 51, 'set2week6', 'Saturday', '9 / 20', '', 0, 0, 0, 0, 0, 0, 0, 0, 0),
(1480, 51, 'set2week7', 'Sunday', '9 / 21', '', 0, 0, 0, 0, 0, 0, 0, 0, 0),
(1481, 51, 'set3week1', 'Monday', '9 / 22', '', 8, 0, 0, 0, 0, 0, 0, 0, 0),
(1482, 51, 'set3week2', 'Tuesday', '9 / 23', 'Public Works', 8, 0, 0, 0, 0, 0, 0, 0, 1),
(1483, 51, 'set3week3', 'Wednesday', '9 / 24', '', 8, 0, 0, 0, 0, 0, 0, 0, 0),
(1484, 51, 'set3week4', 'Thursday', '9 / 25', '', 8, 0, 0, 0, 0, 0, 0, 0, 0),
(1485, 51, 'set3week5', 'Friday', '9 / 26', '', 8, 0, 0, 0, 0, 0, 0, 0, 0),
(1486, 51, 'set3week6', 'Saturday', '9 / 27', '', 0, 0, 0, 0, 0, 0, 0, 0, 0),
(1487, 51, 'set3week7', 'Sunday', '9 / 28', '', 0, 0, 0, 0, 0, 0, 0, 0, 0),
(1488, 51, 'set4week1', 'Monday', '9 / 29', '', 8, 0, 0, 0, 0, 0, 0, 0, 0),
(1489, 51, 'set4week2', 'Tuesday', '9 / 30', '', 8, 0, 0, 0, 0, 0, 0, 0, 0),
(1490, 51, 'set4week3', 'Wednesday', '10 / 1', '', 8, 0, 0, 0, 0, 0, 0, 0, 0),
(1491, 51, 'set4week4', 'Thursday', '10 / 2', '', 8, 0, 0, 0, 0, 0, 0, 0, 0),
(1492, 51, 'set4week5', 'Friday', '10 / 3', '', 8, 0, 0, 0, 0, 0, 0, 0, 0),
(1493, 51, 'set4week6', 'Saturday', '10 / 4', '', 0, 0, 0, 0, 0, 0, 0, 0, 0),
(1494, 51, 'set4week7', 'Sunday', '10 / 5', '', 0, 0, 0, 0, 0, 0, 0, 0, 0),
(1495, 51, 'set5week1', 'Monday', '10 / 6', 'Its my birthday!', 8, 0, 0, 0, 0, 0, 0, 0, 8),
(1496, 51, 'set5week2', 'Tuesday', '10 / 7', '', 8, 0, 0, 0, 0, 0, 0, 0, 0),
(1497, 51, 'set5week3', 'Wednesday', '10 / 8', '', 8, 0, 0, 0, 0, 0, 0, 0, 0),
(1498, 51, 'set5week4', 'Thursday', '10 / 9', '', 7, 0, 0, 0, 0, 0, 0, 0, 1),
(1499, 51, 'set5week5', 'Friday', '10 / 10', '', 7, 0, 0, 0, 0, 0, 0, 0, 1),
(1500, 51, 'set5week6', 'Saturday', '10 / 11', '', 0, 0, 0, 0, 0, 0, 0, 0, 0),
(1501, 51, 'set5week7', 'Sunday', '10 / 12', '', 0, 0, 0, 0, 0, 0, 0, 0, 0),
(1502, 52, 'set1week1', 'Monday', '10 / 13', '', 0, 8, 0, 0, 0, 0, 0, 0, 0),
(1503, 52, 'set1week2', 'Tuesday', '10 / 14', '', 8, 0, 0, 0, 0, 0, 0, 0, 0),
(1504, 52, 'set1week3', 'Wednesday', '10 / 15', '', 8, 0, 0, 0, 0, 0, 0, 0, 0),
(1505, 52, 'set1week4', 'Thursday', '10 / 16', '', 8, 0, 0, 0, 0, 0, 0, 0, 0),
(1506, 52, 'set1week5', 'Friday', '10 / 17', '', 8, 0, 0, 0, 0, 0, 0, 0, 0),
(1507, 52, 'set1week6', 'Saturday', '10 / 18', '', 0, 0, 0, 0, 0, 0, 0, 0, 0),
(1508, 52, 'set1week7', 'Sunday', '10 / 19', '', 0, 0, 0, 0, 0, 0, 0, 0, 0),
(1509, 52, 'set2week1', 'Monday', '10 / 20', '', 8, 0, 0, 0, 0, 0, 0, 0, 0),
(1510, 52, 'set2week2', 'Tuesday', '10 / 21', '', 8, 0, 0, 0, 0, 0, 0, 0, 0),
(1511, 52, 'set2week3', 'Wednesday', '10 / 22', '', 8, 0, 0, 0, 0, 0, 0, 0, 0),
(1512, 52, 'set2week4', 'Thursday', '10 / 23', '', 8, 0, 0, 0, 0, 0, 0, 0, 0),
(1513, 52, 'set2week5', 'Friday', '10 / 24', '', 8, 0, 0, 0, 0, 0, 0, 0, 0),
(1514, 52, 'set2week6', 'Saturday', '10 / 25', '', 0, 0, 0, 0, 0, 0, 0, 0, 0),
(1515, 52, 'set2week7', 'Sunday', '10 / 26', '', 0, 0, 0, 0, 0, 0, 0, 0, 0),
(1516, 52, 'set3week1', 'Monday', '10 / 27', '', 8, 0, 0, 0, 0, 0, 0, 0, 0),
(1517, 52, 'set3week2', 'Tuesday', '10 / 28', '', 8, 0, 0, 0, 0, 0, 0, 0, 0),
(1518, 52, 'set3week3', 'Wednesday', '10 / 29', '', 0, 0, 0, 0, 0, 8, 0, 0, 0),
(1519, 52, 'set3week4', 'Thursday', '10 / 30', '', 8, 0, 0, 0, 0, 0, 0, 0, 0),
(1520, 52, 'set3week5', 'Friday', '10 / 31', '', 8, 0, 0, 0, 0, 0, 0, 0, 0),
(1521, 52, 'set3week6', 'Saturday', '11 / 1', '', 0, 0, 0, 0, 0, 0, 0, 0, 0),
(1522, 52, 'set3week7', 'Sunday', '11 / 2', '', 0, 0, 0, 0, 0, 0, 0, 0, 0),
(1523, 52, 'set4week1', 'Monday', '11 / 3', '', 8, 0, 0, 0, 0, 0, 0, 0, 0),
(1524, 52, 'set4week2', 'Tuesday', '11 / 4', '', 4, 0, 0, 0, 0, 4, 0, 0, 0),
(1525, 52, 'set4week3', 'Wednesday', '11 / 5', '', 8, 0, 0, 0, 0, 0, 0, 0, 0),
(1526, 52, 'set4week4', 'Thursday', '11 / 6', '', 8, 0, 0, 2.5, 0, 0, 0, 0, 0),
(1527, 52, 'set4week5', 'Friday', '11 / 7', '', 8, 0, 0, 0, 0, 0, 0, 0, 0),
(1528, 52, 'set4week6', 'Saturday', '11 / 8', '', 0, 0, 0, 0, 0, 0, 0, 0, 0),
(1529, 52, 'set4week7', 'Sunday', '11 / 9', '', 0, 0, 0, 0, 0, 0, 0, 0, 0),
(1530, 53, 'set1week1', 'Monday', '10 / 13', '', 0, 0, 0, 0, 0, 0, 0, 0, 0),
(1531, 53, 'set1week2', 'Tuesday', '10 / 14', '', 8, 0, 0, 0, 0, 0, 0, 0, 0),
(1532, 53, 'set1week3', 'Wednesday', '10 / 15', '', 8, 0, 0, 0, 0, 0, 0, 0, 0),
(1533, 53, 'set1week4', 'Thursday', '10 / 16', '', 8, 0, 0, 0, 0, 0, 0, 0, 0),
(1534, 53, 'set1week5', 'Friday', '10 / 17', '', 8, 0, 0, 0, 0, 0, 0, 0, 0),
(1535, 53, 'set1week6', 'Saturday', '10 / 18', '', 0, 0, 0, 0, 0, 0, 0, 0, 0),
(1536, 53, 'set1week7', 'Sunday', '10 / 19', '', 0, 0, 0, 0, 0, 0, 0, 0, 0),
(1537, 53, 'set2week1', 'Monday', '10 / 20', '', 8, 0, 0, 0, 0, 0, 0, 0, 0),
(1538, 53, 'set2week2', 'Tuesday', '10 / 21', '', 8, 0, 0, 0, 0, 0, 0, 0, 0),
(1539, 53, 'set2week3', 'Wednesday', '10 / 22', '', 8, 0, 0, 0, 0, 0, 0, 0, 0),
(1540, 53, 'set2week4', 'Thursday', '10 / 23', '', 8, 0, 0, 0, 0, 0, 0, 0, 0),
(1541, 53, 'set2week5', 'Friday', '10 / 24', '', 8, 0, 0, 0, 0, 0, 0, 0, 0),
(1542, 53, 'set2week6', 'Saturday', '10 / 25', '', 0, 0, 0, 0, 0, 0, 0, 0, 0),
(1543, 53, 'set2week7', 'Sunday', '10 / 26', '', 0, 0, 0, 0, 0, 0, 0, 0, 0),
(1544, 53, 'set3week1', 'Monday', '10 / 27', '', 8, 0, 0, 0, 0, 0, 0, 0, 0),
(1545, 53, 'set3week2', 'Tuesday', '10 / 28', '', 8, 0, 0, 0, 0, 0, 0, 0, 0),
(1546, 53, 'set3week3', 'Wednesday', '10 / 29', '', 8, 0, 0, 0, 0, 0, 0, 0, 0),
(1547, 53, 'set3week4', 'Thursday', '10 / 30', '', 8, 0, 0, 0, 0, 0, 0, 0, 0),
(1548, 53, 'set3week5', 'Friday', '10 / 31', '', 8, 0, 0, 0, 0, 0, 0, 0, 0),
(1549, 53, 'set3week6', 'Saturday', '11 / 1', '', 0, 0, 0, 0, 0, 0, 0, 0, 0),
(1550, 53, 'set3week7', 'Sunday', '11 / 2', '', 0, 0, 0, 0, 0, 0, 0, 0, 0),
(1551, 53, 'set4week1', 'Monday', '11 / 3', '', 8, 0, 0, 0, 0, 0, 0, 0, 0),
(1552, 53, 'set4week2', 'Tuesday', '11 / 4', '', 8, 0, 0, 0, 0, 0, 0, 0, 0),
(1553, 53, 'set4week3', 'Wednesday', '11 / 5', '', 8, 0, 0, 0, 0, 0, 0, 0, 0),
(1554, 53, 'set4week4', 'Thursday', '11 / 6', '', 8, 0, 0, 0, 0, 0, 0, 0, 0),
(1555, 53, 'set4week5', 'Friday', '11 / 7', '', 8, 0, 0, 0, 0, 0, 0, 0, 0),
(1556, 53, 'set4week6', 'Saturday', '11 / 8', '', 0, 0, 0, 0, 0, 0, 0, 0, 0),
(1557, 53, 'set4week7', 'Sunday', '11 / 9', '', 0, 0, 0, 0, 0, 0, 0, 0, 0),
(1558, 54, 'set1week1', 'Monday', '10 / 13', '', 8, 0, 0, 0, 0, 0, 0, 0, 0),
(1559, 54, 'set1week2', 'Tuesday', '10 / 14', '', 8, 0, 0, 0, 0, 0, 0, 0, 0),
(1560, 54, 'set1week3', 'Wednesday', '10 / 15', '', 8, 0, 0, 0, 0, 0, 0, 0, 0),
(1561, 54, 'set1week4', 'Thursday', '10 / 16', '', 8, 0, 0, 0, 0, 0, 0, 0, 0),
(1562, 54, 'set1week5', 'Friday', '10 / 17', '', 8, 0, 0, 0, 0, 0, 0, 0, 0),
(1563, 54, 'set1week6', 'Saturday', '10 / 18', '', 0, 0, 0, 0, 0, 0, 0, 0, 0),
(1564, 54, 'set1week7', 'Sunday', '10 / 19', '', 0, 0, 0, 0, 0, 0, 0, 0, 0),
(1565, 54, 'set2week1', 'Monday', '10 / 20', 'City Council', 7, 0, 0, 0, 0, 0, 0, 1.5, 1),
(1566, 54, 'set2week2', 'Tuesday', '10 / 21', '', 8, 0, 0, 0, 0, 0, 0, 0, 0),
(1567, 54, 'set2week3', 'Wednesday', '10 / 22', '', 8, 0, 0, 0, 0, 0, 0, 0, 0),
(1568, 54, 'set2week4', 'Thursday', '10 / 23', '', 8, 0, 0, 0, 0, 0, 0, 0, 0),
(1569, 54, 'set2week5', 'Friday', '10 / 24', '', 8, 0, 0, 0, 0, 0, 0, 0, 0),
(1570, 54, 'set2week6', 'Saturday', '10 / 25', '', 0, 0, 0, 0, 0, 0, 0, 0, 0),
(1571, 54, 'set2week7', 'Sunday', '10 / 26', '', 0, 0, 0, 0, 0, 0, 0, 0, 0),
(1572, 54, 'set3week1', 'Monday', '10 / 27', '', 8, 0, 0, 0, 0, 0, 0, 0, 0),
(1573, 54, 'set3week2', 'Tuesday', '10 / 28', '', 8, 0, 0, 0, 0, 0, 0, 0, 0),
(1574, 54, 'set3week3', 'Wednesday', '10 / 29', '', 8, 0, 0, 0, 0, 0, 0, 0, 0),
(1575, 54, 'set3week4', 'Thursday', '10 / 30', '', 8, 0, 0, 0, 0, 0, 0, 0, 0),
(1576, 54, 'set3week5', 'Friday', '10 / 31', '', 8, 0, 0, 0, 0, 0, 0, 0, 0),
(1577, 54, 'set3week6', 'Saturday', '11 / 1', '', 0, 0, 0, 0, 0, 0, 0, 0, 0),
(1578, 54, 'set3week7', 'Sunday', '11 / 2', '', 0, 0, 0, 0, 0, 0, 0, 0, 0),
(1579, 54, 'set4week1', 'Monday', '11 / 3', '', 7, 0, 0, 0, 0, 0, 0, 0, 1),
(1580, 54, 'set4week2', 'Tuesday', '11 / 4', '', 8, 0, 0, 0, 0, 0, 0, 0, 0),
(1581, 54, 'set4week3', 'Wednesday', '11 / 5', '', 7, 0, 0, 0, 0, 0, 0, 0, 1),
(1582, 54, 'set4week4', 'Thursday', '11 / 6', '', 8, 0, 0, 2.5, 0, 0, 0, 0, 0),
(1583, 54, 'set4week5', 'Friday', '11 / 7', '', 8, 0, 0, 0, 0, 0, 0, 0, 0),
(1584, 54, 'set4week6', 'Saturday', '11 / 8', '', 0, 0, 0, 0, 0, 0, 0, 0, 0),
(1585, 54, 'set4week7', 'Sunday', '11 / 9', '', 0, 0, 0, 0, 0, 0, 0, 0, 0),
(1586, 55, 'set1week1', 'Monday', '11 / 10', '', 0, 0, 0, 0, 0, 8, 0, 0, 0),
(1587, 55, 'set1week2', 'Tuesday', '11 / 11', '', 0, 8, 2, 0, 0, 0, 0, 0, 0),
(1588, 55, 'set1week3', 'Wednesday', '11 / 12', '', 8, 0, 0, 0, 0, 0, 0, 0, 0),
(1589, 55, 'set1week4', 'Thursday', '11 / 13', '', 8, 0, 0, 0, 0, 0, 0, 0, 0),
(1590, 55, 'set1week5', 'Friday', '11 / 14', '', 8, 0, 0, 0, 0, 0, 0, 0, 0),
(1591, 55, 'set1week6', 'Saturday', '11 / 15', '', 0, 0, 0, 0, 0, 0, 0, 0, 0),
(1592, 55, 'set1week7', 'Sunday', '11 / 16', '', 0, 0, 0, 0, 0, 0, 0, 0, 0),
(1593, 55, 'set2week1', 'Monday', '11 / 17', '', 8, 0, 0, 0, 0, 0, 0, 0, 0),
(1594, 55, 'set2week2', 'Tuesday', '11 / 18', '', 8, 0, 0, 0, 0, 0, 0, 0, 0),
(1595, 55, 'set2week3', 'Wednesday', '11 / 19', '', 8, 0, 0, 0, 0, 0, 0, 0, 0),
(1596, 55, 'set2week4', 'Thursday', '11 / 20', '', 8, 0, 0, 0, 0, 0, 0, 0, 0),
(1597, 55, 'set2week5', 'Friday', '11 / 21', '', 8, 0, 0, 0, 0, 0, 0, 0, 0),
(1598, 55, 'set2week6', 'Saturday', '11 / 22', '', 0, 0, 0, 2, 0, 0, 0, 0, 0),
(1599, 55, 'set2week7', 'Sunday', '11 / 23', '', 0, 0, 0, 0, 0, 0, 0, 0, 0),
(1600, 55, 'set3week1', 'Monday', '11 / 24', '', 8, 0, 0, 0, 0, 0, 0, 0, 0),
(1601, 55, 'set3week2', 'Tuesday', '11 / 25', '', 8, 0, 0, 0, 0, 0, 0, 0, 0),
(1602, 55, 'set3week3', 'Wednesday', '11 / 26', '', 8, 0, 0, 0, 0, 0, 0, 0, 0),
(1603, 55, 'set3week4', 'Thursday', '11 / 27', '', 0, 8, 0, 0, 0, 0, 0, 0, 0),
(1604, 55, 'set3week5', 'Friday', '11 / 28', '', 0, 0, 0, 0, 0, 8, 0, 0, 0),
(1605, 55, 'set3week6', 'Saturday', '11 / 29', '', 0, 0, 0, 0, 0, 0, 0, 0, 0),
(1606, 55, 'set3week7', 'Sunday', '11 / 30', '', 0, 0, 0, 0, 0, 0, 0, 0, 0),
(1607, 55, 'set4week1', 'Monday', '12 / 1', '', 8, 0, 0, 0, 0, 0, 0, 0, 0),
(1608, 55, 'set4week2', 'Tuesday', '12 / 2', '', 8, 0, 0, 3, 0, 0, 0, 0, 0),
(1609, 55, 'set4week3', 'Wednesday', '12 / 3', '', 8, 0, 0, 0, 0, 0, 0, 0, 0),
(1610, 55, 'set4week4', 'Thursday', '12 / 4', '', 8, 0, 0, 0, 0, 0, 0, 0, 0),
(1611, 55, 'set4week5', 'Friday', '12 / 5', '', 8, 0, 0, 2, 0, 0, 0, 0, 0),
(1612, 55, 'set4week6', 'Saturday', '12 / 6', '', 0, 0, 0, 0, 0, 0, 0, 0, 0),
(1613, 55, 'set4week7', 'Sunday', '12 / 7', '', 0, 0, 0, 0, 0, 0, 0, 0, 0),
(1614, 56, 'set1week1', 'Monday', '11 / 10', 'doc off', 0, 0, 0, 0, 0, 0, 0, 0, 0),
(1615, 56, 'set1week2', 'Tuesday', '11 / 11', 'hol', 0, 0, 0, 0, 0, 0, 0, 0, 0),
(1616, 56, 'set1week3', 'Wednesday', '11 / 12', '', 8, 0, 0, 0, 0, 0, 0, 0, 0),
(1617, 56, 'set1week4', 'Thursday', '11 / 13', '', 8, 0, 0, 0, 0, 0, 0, 0, 0),
(1618, 56, 'set1week5', 'Friday', '11 / 14', '', 8, 0, 0, 0, 0, 0, 0, 0, 0),
(1619, 56, 'set1week6', 'Saturday', '11 / 15', '', 0, 0, 0, 0, 0, 0, 0, 0, 0),
(1620, 56, 'set1week7', 'Sunday', '11 / 16', '', 0, 0, 0, 0, 0, 0, 0, 0, 0),
(1621, 56, 'set2week1', 'Monday', '11 / 17', '', 8, 0, 0, 0, 0, 0, 0, 0, 0),
(1622, 56, 'set2week2', 'Tuesday', '11 / 18', '', 8, 0, 0, 0, 0, 0, 0, 0, 0),
(1623, 56, 'set2week3', 'Wednesday', '11 / 19', '', 8, 0, 0, 0, 0, 0, 0, 0, 0),
(1624, 56, 'set2week4', 'Thursday', '11 / 20', '', 8, 0, 0, 0, 0, 0, 0, 0, 0),
(1625, 56, 'set2week5', 'Friday', '11 / 21', '', 8, 0, 0, 0, 0, 0, 0, 0, 0),
(1626, 56, 'set2week6', 'Saturday', '11 / 22', '', 0, 0, 0, 0, 0, 0, 0, 0, 0),
(1627, 56, 'set2week7', 'Sunday', '11 / 23', '', 0, 0, 0, 0, 0, 0, 0, 0, 0),
(1628, 56, 'set3week1', 'Monday', '11 / 24', '', 8, 0, 0, 0, 0, 0, 0, 0, 0),
(1629, 56, 'set3week2', 'Tuesday', '11 / 25', '', 8, 0, 0, 0, 0, 0, 0, 0, 0),
(1630, 56, 'set3week3', 'Wednesday', '11 / 26', '', 8, 0, 0, 0, 0, 0, 0, 0, 0),
(1631, 56, 'set3week4', 'Thursday', '11 / 27', '', 0, 0, 0, 0, 0, 0, 0, 0, 0),
(1632, 56, 'set3week5', 'Friday', '11 / 28', '', 0, 0, 0, 0, 0, 0, 0, 0, 0),
(1633, 56, 'set3week6', 'Saturday', '11 / 29', '', 0, 0, 0, 0, 0, 0, 0, 0, 0),
(1634, 56, 'set3week7', 'Sunday', '11 / 30', '', 0, 0, 0, 0, 0, 0, 0, 0, 0),
(1635, 56, 'set4week1', 'Monday', '12 / 1', '', 8, 0, 0, 0, 0, 0, 0, 0, 0),
(1636, 56, 'set4week2', 'Tuesday', '12 / 2', 'sick', 0, 0, 0, 0, 0, 0, 0, 0, 0),
(1637, 56, 'set4week3', 'Wednesday', '12 / 3', '', 8, 0, 0, 0, 0, 0, 0, 0, 0),
(1638, 56, 'set4week4', 'Thursday', '12 / 4', '', 8, 0, 0, 0, 0, 0, 0, 0, 0),
(1639, 56, 'set4week5', 'Friday', '12 / 5', '', 8, 0, 0, 0, 0, 0, 0, 0, 0),
(1640, 56, 'set4week6', 'Saturday', '12 / 6', '', 0, 0, 0, 0, 0, 0, 0, 0, 0),
(1641, 56, 'set4week7', 'Sunday', '12 / 7', '', 0, 0, 0, 0, 0, 0, 0, 0, 0),
(1642, 57, 'set1week1', 'Monday', '12 / 8', '', 9, 0, 0, 0, 0, 0, 0, 0, 0),
(1643, 57, 'set1week2', 'Tuesday', '12 / 9', '', 8, 0, 0, 0, 0, 0, 0, 0, 0),
(1644, 57, 'set1week3', 'Wednesday', '12 / 10', '', 8, 0, 0, 0, 0, 0, 0, 0, 0),
(1645, 57, 'set1week4', 'Thursday', '12 / 11', '', 8, 0, 0, 0, 0, 0, 0, 0, 0),
(1646, 57, 'set1week5', 'Friday', '12 / 12', '', 8, 0, 0, 0, 0, 0, 0, 0, 0),
(1647, 57, 'set1week6', 'Saturday', '12 / 13', '', 0, 0, 0, 0, 0, 0, 0, 0, 0),
(1648, 57, 'set1week7', 'Sunday', '12 / 14', '', 0, 0, 0, 0, 0, 0, 0, 0, 0),
(1649, 57, 'set2week1', 'Monday', '12 / 15', '', 9, 0, 0, 0, 0, 0, 0, 0, 0),
(1650, 57, 'set2week2', 'Tuesday', '12 / 16', '', 8, 0, 0, 0, 0, 0, 0, 0, 0),
(1651, 57, 'set2week3', 'Wednesday', '12 / 17', '', 8, 0, 0, 0, 0, 0, 0, 0, 0),
(1652, 57, 'set2week4', 'Thursday', '12 / 18', '', 8, 0, 0, 0, 0, 0, 0, 0, 0),
(1653, 57, 'set2week5', 'Friday', '12 / 19', '', 8, 0, 0, 0, 0, 0, 0, 0, 0),
(1654, 57, 'set2week6', 'Saturday', '12 / 20', '', 0, 0, 0, 0, 0, 0, 0, 0, 0),
(1655, 57, 'set2week7', 'Sunday', '12 / 21', '', 0, 0, 0, 0, 0, 0, 0, 0, 0),
(1656, 57, 'set3week1', 'Monday', '12 / 22', '', 8, 0, 0, 0, 0, 0, 0, 0, 0),
(1657, 57, 'set3week2', 'Tuesday', '12 / 23', '', 8, 0, 0, 0, 0, 0, 0, 0, 0),
(1658, 57, 'set3week3', 'Wednesday', '12 / 24', '', 4, 0, 0, 0, 0, 0, 0, 0, 0),
(1659, 57, 'set3week4', 'Thursday', '12 / 25', '', 0, 0, 0, 0, 0, 0, 0, 0, 0),
(1660, 57, 'set3week5', 'Friday', '12 / 26', '', 8, 0, 0, 0, 0, 0, 0, 0, 0),
(1661, 57, 'set3week6', 'Saturday', '12 / 27', '', 0, 0, 0, 0, 0, 0, 0, 0, 0),
(1662, 57, 'set3week7', 'Sunday', '12 / 28', '', 0, 0, 0, 0, 0, 0, 0, 0, 0),
(1663, 57, 'set4week1', 'Monday', '12 / 29', '', 8, 0, 0, 0, 0, 0, 0, 0, 0),
(1664, 57, 'set4week2', 'Tuesday', '12 / 30', '', 8, 0, 0, 0, 0, 0, 0, 0, 0),
(1665, 57, 'set4week3', 'Wednesday', '12 / 31', '', 4, 0, 0, 0, 0, 0, 0, 0, 0),
(1666, 57, 'set4week4', 'Thursday', '1 / 1', '', 0, 0, 0, 0, 0, 0, 0, 0, 0),
(1667, 57, 'set4week5', 'Friday', '1 / 2', '', 0, 0, 0, 0, 0, 0, 0, 0, 0),
(1668, 57, 'set4week6', 'Saturday', '1 / 3', '', 4.5, 0, 0, 0, 0, 0, 0, 0, 0),
(1669, 57, 'set4week7', 'Sunday', '1 / 4', '', 0, 0, 0, 0, 0, 0, 0, 0, 0),
(1670, 57, 'set5week1', 'Monday', '1 / 5', '', 8, 0, 0, 0, 0, 0, 0, 0, 0),
(1671, 57, 'set5week2', 'Tuesday', '1 / 6', '', 8, 0, 0, 0, 0, 0, 0, 0, 0),
(1672, 57, 'set5week3', 'Wednesday', '1 / 7', '', 8, 0, 0, 0, 0, 0, 0, 0, 0),
(1673, 57, 'set5week4', 'Thursday', '1 / 8', '', 8, 0, 0, 0, 0, 0, 0, 0, 0),
(1674, 57, 'set5week5', 'Friday', '1 / 9', '', 8, 0, 0, 0, 0, 0, 0, 0, 0),
(1675, 57, 'set5week6', 'Saturday', '1 / 10', '', 0, 0, 0, 0, 0, 0, 0, 0, 0),
(1676, 57, 'set5week7', 'Sunday', '1 / 11', '', 0, 0, 0, 0, 0, 0, 0, 0, 0),
(1677, 58, 'set1week1', 'Monday', '12 / 8', 'sno', 8, 0, 0, 2.5, 0, 0, 0, 0, 0),
(1678, 58, 'set1week2', 'Tuesday', '12 / 9', '', 8, 0, 0, 2, 0, 0, 0, 0, 0),
(1679, 58, 'set1week3', 'Wednesday', '12 / 10', '', 8, 0, 0, 0, 0, 0, 0, 0, 0),
(1680, 58, 'set1week4', 'Thursday', '12 / 11', '', 8, 0, 0, 0, 0, 0, 0, 0, 0),
(1681, 58, 'set1week5', 'Friday', '12 / 12', '', 8, 0, 0, 0, 0, 0, 0, 0, 0),
(1682, 58, 'set1week6', 'Saturday', '12 / 13', '', 0, 0, 0, 0, 0, 0, 0, 0, 0),
(1683, 58, 'set1week7', 'Sunday', '12 / 14', '', 0, 0, 0, 0, 2, 0, 0, 0, 0),
(1684, 58, 'set2week1', 'Monday', '12 / 15', '', 8, 0, 0, 0, 0, 0, 0, 0, 0),
(1685, 58, 'set2week2', 'Tuesday', '12 / 16', '', 8, 0, 0, 2, 0, 0, 0, 0, 0),
(1686, 58, 'set2week3', 'Wednesday', '12 / 17', '', 8, 0, 0, 0, 0, 0, 0, 0, 0),
(1687, 58, 'set2week4', 'Thursday', '12 / 18', '', 8, 0, 0, 0, 0, 0, 0, 0, 0),
(1688, 58, 'set2week5', 'Friday', '12 / 19', '', 8, 0, 0, 2, 0, 0, 0, 0, 0),
(1689, 58, 'set2week6', 'Saturday', '12 / 20', '', 0, 0, 0, 6, 0, 0, 0, 0, 0),
(1690, 58, 'set2week7', 'Sunday', '12 / 21', '', 0, 0, 0, 0, 2, 0, 0, 0, 0),
(1691, 58, 'set3week1', 'Monday', '12 / 22', '', 8, 0, 0, 2, 0, 0, 0, 0, 0),
(1692, 58, 'set3week2', 'Tuesday', '12 / 23', '', 8, 0, 0, 2, 0, 0, 0, 0, 0),
(1693, 58, 'set3week3', 'Wednesday', '12 / 24', '', 4, 4, 0, 0, 0, 0, 0, 0, 0),
(1694, 58, 'set3week4', 'Thursday', '12 / 25', '', 0, 8, 0, 0, 0, 0, 0, 0, 0),
(1695, 58, 'set3week5', 'Friday', '12 / 26', '', 0, 0, 0, 3, 0, 8, 0, 0, 0),
(1696, 58, 'set3week6', 'Saturday', '12 / 27', '', 0, 0, 0, 0, 0, 0, 0, 0, 0),
(1697, 58, 'set3week7', 'Sunday', '12 / 28', '', 0, 0, 0, 0, 0, 0, 0, 0, 0),
(1698, 58, 'set4week1', 'Monday', '12 / 29', '', 0, 0, 0, 0, 0, 8, 0, 0, 0),
(1699, 58, 'set4week2', 'Tuesday', '12 / 30', '', 0, 0, 0, 3, 0, 8, 0, 0, 0),
(1700, 58, 'set4week3', 'Wednesday', '12 / 31', '', 0, 0, 0, 0, 0, 8, 0, 0, 0),
(1701, 58, 'set4week4', 'Thursday', '1 / 1', '', 0, 8, 0, 0, 0, 0, 0, 0, 0),
(1702, 58, 'set4week5', 'Friday', '1 / 2', 'door', 0, 0, 0, 2, 0, 8, 0, 0, 0),
(1703, 58, 'set4week6', 'Saturday', '1 / 3', '', 0, 0, 0, 6, 0, 0, 0, 0, 0),
(1704, 58, 'set4week7', 'Sunday', '1 / 4', '', 0, 0, 0, 0, 2, 0, 0, 0, 0),
(1705, 58, 'set5week1', 'Monday', '1 / 5', '', 8, 0, 0, 0, 0, 0, 0, 0, 0),
(1706, 58, 'set5week2', 'Tuesday', '1 / 6', '', 4, 0, 0, 0, 0, 4, 0, 0, 0),
(1707, 58, 'set5week3', 'Wednesday', '1 / 7', '', 8, 0, 0, 0, 0, 0, 0, 0, 0),
(1708, 58, 'set5week4', 'Thursday', '1 / 8', '', 8, 0, 0, 2, 0, 0, 0, 0, 0),
(1709, 58, 'set5week5', 'Friday', '1 / 9', '', 8, 0, 0, 2, 0, 0, 0, 0, 0),
(1710, 58, 'set5week6', 'Saturday', '1 / 10', '', 0, 0, 0, 2, 0, 0, 0, 0, 0),
(1711, 58, 'set5week7', 'Sunday', '1 / 11', '', 0, 0, 0, 0, 0, 0, 0, 0, 0),
(1712, 59, 'set1week1', 'Monday', '11 / 10', '', 8, 0, 0, 0, 0, 0, 0, 0, 0),
(1713, 59, 'set1week2', 'Tuesday', '11 / 11', '', 0, 8, 0, 0, 0, 0, 0, 0, 0),
(1714, 59, 'set1week3', 'Wednesday', '11 / 12', 'Public Works', 8, 0, 0, 0, 0, 0, 0, 1, 0),
(1715, 59, 'set1week4', 'Thursday', '11 / 13', '', 8, 0, 0, 0, 0, 0, 0, 0, 0),
(1716, 59, 'set1week5', 'Friday', '11 / 14', '', 8, 0, 0, 0, 0, 0, 0, 0, 0),
(1717, 59, 'set1week6', 'Saturday', '11 / 15', '', 0, 0, 0, 0, 0, 0, 0, 0, 0),
(1718, 59, 'set1week7', 'Sunday', '11 / 16', '', 0, 0, 0, 0, 0, 0, 0, 0, 0),
(1719, 59, 'set2week1', 'Monday', '11 / 17', '', 8, 0, 0, 0, 0, 0, 0, 0, 0),
(1720, 59, 'set2week2', 'Tuesday', '11 / 18', '', 8, 0, 0, 0, 0, 0, 0, 0, 0),
(1721, 59, 'set2week3', 'Wednesday', '11 / 19', '', 8, 0, 0, 0, 0, 0, 0, 0, 0),
(1722, 59, 'set2week4', 'Thursday', '11 / 20', '', 8, 0, 0, 0, 0, 0, 0, 0, 0),
(1723, 59, 'set2week5', 'Friday', '11 / 21', '', 8, 0, 0, 0, 0, 0, 0, 0, 0),
(1724, 59, 'set2week6', 'Saturday', '11 / 22', '', 0, 0, 0, 0, 0, 0, 0, 0, 0),
(1725, 59, 'set2week7', 'Sunday', '11 / 23', '', 0, 0, 0, 0, 0, 0, 0, 0, 0),
(1726, 59, 'set3week1', 'Monday', '11 / 24', '', 8, 0, 0, 0, 0, 0, 0, 0, 0),
(1727, 59, 'set3week2', 'Tuesday', '11 / 25', 'Public Works', 8, 0, 0, 0, 0, 0, 0, 1, 0),
(1728, 59, 'set3week3', 'Wednesday', '11 / 26', '', 8, 0, 0, 0, 0, 0, 0, 0, 0),
(1729, 59, 'set3week4', 'Thursday', '11 / 27', '', 7, 0, 0, 0, 0, 0, 0, 0, 1),
(1730, 59, 'set3week5', 'Friday', '11 / 28', '', 7, 0, 0, 0, 0, 0, 0, 0, 1),
(1731, 59, 'set3week6', 'Saturday', '11 / 29', '', 0, 0, 0, 0, 0, 0, 0, 0, 0),
(1732, 59, 'set3week7', 'Sunday', '11 / 30', '', 0, 0, 0, 0, 0, 0, 0, 0, 0),
(1733, 59, 'set4week1', 'Monday', '12 / 1', '', 8, 0, 0, 0, 0, 0, 0, 0, 0),
(1734, 59, 'set4week2', 'Tuesday', '12 / 2', 'City Council', 7, 0, 0, 0, 0, 0, 0, 0.5, 1),
(1735, 59, 'set4week3', 'Wednesday', '12 / 3', '', 8, 0, 0, 0, 0, 0, 0, 0, 0),
(1736, 59, 'set4week4', 'Thursday', '12 / 4', '', 8, 0, 0, 0, 0, 0, 0, 0, 0),
(1737, 59, 'set4week5', 'Friday', '12 / 5', '', 8, 0, 0, 0, 0, 0, 0, 0, 0),
(1738, 59, 'set4week6', 'Saturday', '12 / 6', '', 0, 0, 0, 0, 0, 0, 0, 0, 0),
(1739, 59, 'set4week7', 'Sunday', '12 / 7', '', 0, 0, 0, 0, 0, 0, 0, 0, 0),
(1740, 60, 'set1week1', 'Monday', '12 / 8', '', 8, 0, 0, 0, 0, 0, 0, 0, 0),
(1741, 60, 'set1week2', 'Tuesday', '12 / 9', '', 8, 0, 0, 0, 0, 0, 0, 0, 0),
(1742, 60, 'set1week3', 'Wednesday', '12 / 10', '', 8, 0, 0, 0, 0, 0, 0, 0, 0),
(1743, 60, 'set1week4', 'Thursday', '12 / 11', '', 8, 0, 0, 0, 0, 0, 0, 0, 0),
(1744, 60, 'set1week5', 'Friday', '12 / 12', '', 8, 0, 0, 0, 0, 0, 0, 0, 0),
(1745, 60, 'set1week6', 'Saturday', '12 / 13', '', 0, 0, 0, 0, 0, 0, 0, 0, 0),
(1746, 60, 'set1week7', 'Sunday', '12 / 14', '', 0, 0, 0, 0, 0, 0, 0, 0, 0),
(1747, 60, 'set2week1', 'Monday', '12 / 15', '', 8, 0, 0, 0, 0, 0, 0, 0, 0),
(1748, 60, 'set2week2', 'Tuesday', '12 / 16', '', 8, 0, 0, 0, 0, 0, 0, 0, 0),
(1749, 60, 'set2week3', 'Wednesday', '12 / 17', '', 7, 0, 0, 0, 0, 0, 0, 1, 0),
(1750, 60, 'set2week4', 'Thursday', '12 / 18', '', 8, 0, 0, 0, 0, 0, 0, 0, 0),
(1751, 60, 'set2week5', 'Friday', '12 / 19', '', 8, 0, 0, 0, 0, 0, 0, 0, 0),
(1752, 60, 'set2week6', 'Saturday', '12 / 20', '', 0, 0, 0, 0, 0, 0, 0, 0, 0),
(1753, 60, 'set2week7', 'Sunday', '12 / 21', '', 0, 0, 0, 0, 0, 0, 0, 0, 0),
(1754, 60, 'set3week1', 'Monday', '12 / 22', '', 8, 0, 0, 0, 0, 0, 0, 0, 0),
(1755, 60, 'set3week2', 'Tuesday', '12 / 23', '', 8, 0, 0, 0, 0, 0, 0, 0, 0),
(1756, 60, 'set3week3', 'Wednesday', '12 / 24', '', 6, 0, 0, 0, 0, 0, 0, 0, 2),
(1757, 60, 'set3week4', 'Thursday', '12 / 25', 'Snow/Ice', 0, 8, 0, 0, 0, 0, 0, 3, 0),
(1758, 60, 'set3week5', 'Friday', '12 / 26', 'Snow/Ice', 4, 0, 0, 0, 0, 0, 0, 0, 4),
(1759, 60, 'set3week6', 'Saturday', '12 / 27', 'Snow/Ice', 0, 0, 0, 0, 0, 0, 0, 4, 0),
(1760, 60, 'set3week7', 'Sunday', '12 / 28', 'Mx Issues', 0, 0, 0, 0, 0, 0, 0, 2, 0),
(1761, 60, 'set4week1', 'Monday', '12 / 29', '', 8, 0, 0, 0, 0, 0, 0, 0, 0),
(1762, 60, 'set4week2', 'Tuesday', '12 / 30', '', 8, 0, 0, 0, 0, 0, 0, 0, 0),
(1763, 60, 'set4week3', 'Wednesday', '12 / 31', '', 8, 0, 0, 0, 0, 0, 0, 0, 0),
(1764, 60, 'set4week4', 'Thursday', '1 / 1', '', 0, 8, 0, 0, 0, 0, 0, 0, 0),
(1765, 60, 'set4week5', 'Friday', '1 / 2', 'Door', 8, 0, 0, 0, 0, 0, 0, 2, 0),
(1766, 60, 'set4week6', 'Saturday', '1 / 3', 'snow', 0, 0, 0, 0, 0, 0, 0, 6, 0),
(1767, 60, 'set4week7', 'Sunday', '1 / 4', 'snow', 0, 0, 0, 0, 0, 0, 0, 2, 0),
(1768, 60, 'set5week1', 'Monday', '1 / 5', '', 8, 0, 0, 0, 0, 0, 0, 0, 0),
(1769, 60, 'set5week2', 'Tuesday', '1 / 6', '', 8, 0, 0, 0, 0, 0, 0, 0, 0),
(1770, 60, 'set5week3', 'Wednesday', '1 / 7', '', 8, 0, 0, 0, 0, 0, 0, 0, 0),
(1771, 60, 'set5week4', 'Thursday', '1 / 8', '', 8, 0, 0, 0, 0, 0, 0, 2, 0),
(1772, 60, 'set5week5', 'Friday', '1 / 9', '', 8, 0, 0, 0, 0, 0, 0, 2, 0),
(1773, 60, 'set5week6', 'Saturday', '1 / 10', '', 0, 0, 0, 0, 0, 0, 0, 2, 0),
(1774, 60, 'set5week7', 'Sunday', '1 / 11', '', 0, 0, 0, 0, 0, 0, 0, 0, 0),
(1775, 61, 'set1week1', 'Monday', '1 / 12', '', 8, 0, 0, 2, 0, 0, 0, 0, 0),
(1776, 61, 'set1week2', 'Tuesday', '1 / 13', '', 8, 0, 0, 0, 0, 0, 0, 0, 0),
(1777, 61, 'set1week3', 'Wednesday', '1 / 14', '', 8, 0, 0, 0, 0, 0, 0, 0, 0),
(1778, 61, 'set1week4', 'Thursday', '1 / 15', '', 8, 0, 0, 0, 0, 0, 0, 0, 0),
(1779, 61, 'set1week5', 'Friday', '1 / 16', '', 8, 0, 0, 2, 0, 0, 0, 0, 0),
(1780, 61, 'set1week6', 'Saturday', '1 / 17', '', 0, 0, 0, 6, 0, 0, 0, 0, 0),
(1781, 61, 'set1week7', 'Sunday', '1 / 18', '', 0, 0, 0, 0, 0, 0, 0, 0, 0),
(1782, 61, 'set2week1', 'Monday', '1 / 19', '', 0, 8, 0, 0, 0, 0, 0, 0, 0),
(1783, 61, 'set2week2', 'Tuesday', '1 / 20', '', 8, 0, 0, 0, 0, 0, 0, 0, 0),
(1784, 61, 'set2week3', 'Wednesday', '1 / 21', '', 8, 0, 0, 0, 0, 0, 0, 0, 0),
(1785, 61, 'set2week4', 'Thursday', '1 / 22', '', 8, 0, 0, 0, 0, 0, 0, 0, 0),
(1786, 61, 'set2week5', 'Friday', '1 / 23', '', 8, 0, 0, 0, 0, 0, 0, 0, 0),
(1787, 61, 'set2week6', 'Saturday', '1 / 24', '', 0, 0, 0, 0, 0, 0, 0, 0, 0),
(1788, 61, 'set2week7', 'Sunday', '1 / 25', '', 0, 0, 0, 0, 0, 0, 0, 0, 0),
(1789, 61, 'set3week1', 'Monday', '1 / 26', '', 8, 0, 0, 0, 0, 0, 0, 0, 0),
(1790, 61, 'set3week2', 'Tuesday', '1 / 27', '', 0, 0, 0, 0, 0, 0, 8, 0, 0),
(1791, 61, 'set3week3', 'Wednesday', '1 / 28', '', 0, 0, 0, 0, 0, 8, 0, 0, 0),
(1792, 61, 'set3week4', 'Thursday', '1 / 29', '', 0, 0, 0, 0, 0, 8, 0, 0, 0),
(1793, 61, 'set3week5', 'Friday', '1 / 30', '', 0, 0, 0, 0, 0, 8, 0, 0, 0),
(1794, 61, 'set3week6', 'Saturday', '1 / 31', '', 0, 0, 0, 0, 0, 0, 0, 0, 0),
(1795, 61, 'set3week7', 'Sunday', '2 / 1', '', 0, 0, 0, 0, 0, 0, 0, 0, 0),
(1796, 61, 'set4week1', 'Monday', '2 / 2', '', 8, 0, 0, 0, 0, 0, 0, 0, 0),
(1797, 61, 'set4week2', 'Tuesday', '2 / 3', '', 8, 0, 0, 0, 0, 0, 0, 0, 0),
(1798, 61, 'set4week3', 'Wednesday', '2 / 4', '', 8, 0, 0, 0, 0, 0, 0, 0, 0),
(1799, 61, 'set4week4', 'Thursday', '2 / 5', '', 8, 0, 0, 0, 0, 0, 0, 0, 0),
(1800, 61, 'set4week5', 'Friday', '2 / 6', '', 8, 0, 0, 0, 0, 0, 0, 0, 0),
(1801, 61, 'set4week6', 'Saturday', '2 / 7', '', 0, 0, 0, 0, 0, 0, 0, 0, 0),
(1802, 61, 'set4week7', 'Sunday', '2 / 8', '', 0, 0, 0, 0, 0, 0, 0, 0, 0),
(1803, 62, 'set1week1', 'Monday', '1 / 12', '', 8, 0, 0, 0, 0, 0, 0, 0, 0),
(1804, 62, 'set1week2', 'Tuesday', '1 / 13', '', 8, 0, 0, 0, 0, 0, 0, 0, 0),
(1805, 62, 'set1week3', 'Wednesday', '1 / 14', '', 8, 0, 0, 0, 0, 0, 0, 0, 0),
(1806, 62, 'set1week4', 'Thursday', '1 / 15', '', 8, 0, 0, 0, 0, 0, 0, 0, 0),
(1807, 62, 'set1week5', 'Friday', '1 / 16', '', 8, 0, 0, 0, 0, 0, 0, 0, 0),
(1808, 62, 'set1week6', 'Saturday', '1 / 17', '', 3, 0, 0, 0, 0, 0, 0, 0, 0),
(1809, 62, 'set1week7', 'Sunday', '1 / 18', '', 3, 0, 0, 0, 0, 0, 0, 0, 0),
(1810, 62, 'set2week1', 'Monday', '1 / 19', 'hol', 0, 0, 0, 0, 0, 0, 0, 0, 0),
(1811, 62, 'set2week2', 'Tuesday', '1 / 20', '', 8, 0, 0, 0, 0, 0, 0, 0, 0),
(1812, 62, 'set2week3', 'Wednesday', '1 / 21', '', 8, 0, 0, 0, 0, 0, 0, 0, 0),
(1813, 62, 'set2week4', 'Thursday', '1 / 22', '', 8, 0, 0, 0, 0, 0, 0, 0, 0),
(1814, 62, 'set2week5', 'Friday', '1 / 23', '', 8, 0, 0, 0, 0, 0, 0, 0, 0),
(1815, 62, 'set2week6', 'Saturday', '1 / 24', '', 0, 0, 0, 0, 0, 0, 0, 0, 0),
(1816, 62, 'set2week7', 'Sunday', '1 / 25', '', 0, 0, 0, 0, 0, 0, 0, 0, 0),
(1817, 62, 'set3week1', 'Monday', '1 / 26', '', 8, 0, 0, 0, 0, 0, 0, 0, 0),
(1818, 62, 'set3week2', 'Tuesday', '1 / 27', '', 8, 0, 0, 0, 0, 0, 0, 0, 0),
(1819, 62, 'set3week3', 'Wednesday', '1 / 28', '', 4, 0, 0, 0, 0, 0, 0, 0, 0),
(1820, 62, 'set3week4', 'Thursday', '1 / 29', '', 8, 0, 0, 0, 0, 0, 0, 0, 0),
(1821, 62, 'set3week5', 'Friday', '1 / 30', '', 3, 0, 0, 0, 0, 0, 0, 0, 0),
(1822, 62, 'set3week6', 'Saturday', '1 / 31', '', 0, 0, 0, 0, 0, 0, 0, 0, 0),
(1823, 62, 'set3week7', 'Sunday', '2 / 1', '', 0, 0, 0, 0, 0, 0, 0, 0, 0),
(1824, 62, 'set4week1', 'Monday', '2 / 2', '', 8, 0, 0, 0, 0, 0, 0, 0, 0),
(1825, 62, 'set4week2', 'Tuesday', '2 / 3', '', 8, 0, 0, 0, 0, 0, 0, 0, 0),
(1826, 62, 'set4week3', 'Wednesday', '2 / 4', '', 8, 0, 0, 0, 0, 0, 0, 0, 0),
(1827, 62, 'set4week4', 'Thursday', '2 / 5', '', 8, 0, 0, 0, 0, 0, 0, 0, 0),
(1828, 62, 'set4week5', 'Friday', '2 / 6', '', 8, 0, 0, 0, 0, 0, 0, 0, 0),
(1829, 62, 'set4week6', 'Saturday', '2 / 7', '', 0, 0, 0, 0, 0, 0, 0, 0, 0),
(1830, 62, 'set4week7', 'Sunday', '2 / 8', '', 0, 0, 0, 0, 0, 0, 0, 0, 0),
(1831, 63, 'set1week1', 'Monday', '2 / 9', '', 8, 0, 0, 0, 0, 0, 0, 0, 0),
(1832, 63, 'set1week2', 'Tuesday', '2 / 10', '', 0, 0, 0, 0, 0, 0, 8, 0, 0),
(1833, 63, 'set1week3', 'Wednesday', '2 / 11', '', 8, 0, 0, 0, 0, 0, 0, 0, 0),
(1834, 63, 'set1week4', 'Thursday', '2 / 12', '', 8, 0, 0, 0, 0, 0, 0, 0, 0),
(1835, 63, 'set1week5', 'Friday', '2 / 13', '', 4, 0, 0, 0, 0, 4, 0, 0, 0),
(1836, 63, 'set1week6', 'Saturday', '2 / 14', '', 0, 0, 0, 0, 0, 0, 0, 0, 0),
(1837, 63, 'set1week7', 'Sunday', '2 / 15', '', 0, 0, 0, 0, 0, 0, 0, 0, 0),
(1838, 63, 'set2week1', 'Monday', '2 / 16', '', 0, 8, 0, 0, 0, 0, 0, 0, 0),
(1839, 63, 'set2week2', 'Tuesday', '2 / 17', '', 8, 0, 0, 0, 0, 0, 0, 0, 0),
(1840, 63, 'set2week3', 'Wednesday', '2 / 18', '', 8, 0, 0, 0, 0, 0, 0, 0, 0),
(1841, 63, 'set2week4', 'Thursday', '2 / 19', '', 8, 0, 0, 0, 0, 0, 0, 0, 0),
(1842, 63, 'set2week5', 'Friday', '2 / 20', '', 8, 0, 0, 2, 0, 0, 0, 0, 0),
(1843, 63, 'set2week6', 'Saturday', '2 / 21', '', 0, 0, 0, 6, 0, 0, 0, 0, 0),
(1844, 63, 'set2week7', 'Sunday', '2 / 22', '', 0, 0, 0, 0, 0, 0, 0, 0, 0),
(1845, 63, 'set3week1', 'Monday', '2 / 23', '', 8, 0, 0, 0, 0, 0, 0, 0, 0),
(1846, 63, 'set3week2', 'Tuesday', '2 / 24', '', 8, 0, 0, 0, 0, 0, 0, 0, 0),
(1847, 63, 'set3week3', 'Wednesday', '2 / 25', '', 8, 0, 0, 0, 0, 0, 0, 0, 0),
(1848, 63, 'set3week4', 'Thursday', '2 / 26', '', 8, 0, 0, 3, 0, 0, 0, 0, 0),
(1849, 63, 'set3week5', 'Friday', '2 / 27', '', 8, 0, 0, 2, 0, 0, 0, 0, 0),
(1850, 63, 'set3week6', 'Saturday', '2 / 28', '', 0, 0, 0, 0, 0, 0, 0, 0, 0),
(1851, 63, 'set3week7', 'Sunday', '3 / 1', '', 0, 0, 0, 0, 2, 0, 0, 0, 0),
(1852, 63, 'set4week1', 'Monday', '3 / 2', '', 8, 0, 0, 0, 0, 0, 0, 0, 0),
(1853, 63, 'set4week2', 'Tuesday', '3 / 3', '', 8, 0, 0, 0, 0, 0, 0, 0, 0),
(1854, 63, 'set4week3', 'Wednesday', '3 / 4', '', 8, 0, 0, 0, 0, 0, 0, 0, 0),
(1855, 63, 'set4week4', 'Thursday', '3 / 5', '', 0, 0, 0, 0, 0, 0, 8, 0, 0),
(1856, 63, 'set4week5', 'Friday', '3 / 6', '', 8, 0, 0, 0, 0, 0, 0, 0, 0),
(1857, 63, 'set4week6', 'Saturday', '3 / 7', '', 0, 0, 0, 0, 0, 0, 0, 0, 0),
(1858, 63, 'set4week7', 'Sunday', '3 / 8', '', 0, 0, 0, 0, 0, 0, 0, 0, 0),
(1859, 64, 'set1week1', 'Monday', '2 / 9', '', 8, 0, 0, 0, 0, 0, 0, 0, 0),
(1860, 64, 'set1week2', 'Tuesday', '2 / 10', '', 6, 0, 0, 0, 0, 0, 0, 0, 0),
(1861, 64, 'set1week3', 'Wednesday', '2 / 11', 'doc', 0, 0, 0, 0, 0, 0, 0, 0, 0),
(1862, 64, 'set1week4', 'Thursday', '2 / 12', '', 8, 0, 0, 0, 0, 0, 0, 0, 0),
(1863, 64, 'set1week5', 'Friday', '2 / 13', '', 8, 0, 0, 0, 0, 0, 0, 0, 0),
(1864, 64, 'set1week6', 'Saturday', '2 / 14', '', 0, 0, 0, 0, 0, 0, 0, 0, 0),
(1865, 64, 'set1week7', 'Sunday', '2 / 15', '', 0, 0, 0, 0, 0, 0, 0, 0, 0),
(1866, 64, 'set2week1', 'Monday', '2 / 16', 'hol', 0, 0, 0, 0, 0, 0, 0, 0, 0),
(1867, 64, 'set2week2', 'Tuesday', '2 / 17', '', 8, 0, 0, 0, 0, 0, 0, 0, 0),
(1868, 64, 'set2week3', 'Wednesday', '2 / 18', '', 8, 0, 0, 0, 0, 0, 0, 0, 0),
(1869, 64, 'set2week4', 'Thursday', '2 / 19', '', 8, 0, 0, 0, 0, 0, 0, 0, 0),
(1870, 64, 'set2week5', 'Friday', '2 / 20', '', 8, 0, 0, 0, 0, 0, 0, 0, 0),
(1871, 64, 'set2week6', 'Saturday', '2 / 21', '', 0, 0, 0, 0, 0, 0, 0, 0, 0),
(1872, 64, 'set2week7', 'Sunday', '2 / 22', '', 0, 0, 0, 0, 0, 0, 0, 0, 0),
(1873, 64, 'set3week1', 'Monday', '2 / 23', '', 8, 0, 0, 0, 0, 0, 0, 0, 0),
(1874, 64, 'set3week2', 'Tuesday', '2 / 24', 'mov', 0, 0, 0, 0, 0, 0, 0, 0, 0),
(1875, 64, 'set3week3', 'Wednesday', '2 / 25', 'doc', 4, 0, 0, 0, 0, 0, 0, 0, 0),
(1876, 64, 'set3week4', 'Thursday', '2 / 26', 'mov', 0, 0, 0, 0, 0, 0, 0, 0, 0),
(1877, 64, 'set3week5', 'Friday', '2 / 27', '', 8, 0, 0, 0, 0, 0, 0, 0, 0),
(1878, 64, 'set3week6', 'Saturday', '2 / 28', '', 0, 0, 0, 0, 0, 0, 0, 0, 0),
(1879, 64, 'set3week7', 'Sunday', '3 / 1', '', 0, 0, 0, 0, 0, 0, 0, 0, 0),
(1880, 64, 'set4week1', 'Monday', '3 / 2', '', 8, 0, 0, 0, 0, 0, 0, 0, 0),
(1881, 64, 'set4week2', 'Tuesday', '3 / 3', '', 8, 0, 0, 0, 0, 0, 0, 0, 0),
(1882, 64, 'set4week3', 'Wednesday', '3 / 4', '', 8, 0, 0, 0, 0, 0, 0, 0, 0),
(1883, 64, 'set4week4', 'Thursday', '3 / 5', 'ed', 6, 0, 0, 0, 0, 0, 0, 0, 0),
(1884, 64, 'set4week5', 'Friday', '3 / 6', 'off', 0, 0, 0, 0, 0, 0, 0, 0, 0),
(1885, 64, 'set4week6', 'Saturday', '3 / 7', '', 0, 0, 0, 0, 0, 0, 0, 0, 0),
(1886, 64, 'set4week7', 'Sunday', '3 / 8', '', 0, 0, 0, 0, 0, 0, 0, 0, 0),
(1887, 65, 'set1week1', 'Monday', '1 / 12', '', 8, 0, 0, 0, 0, 0, 0, 2, 0),
(1888, 65, 'set1week2', 'Tuesday', '1 / 13', '', 8, 0, 0, 0, 0, 0, 0, 0, 0),
(1889, 65, 'set1week3', 'Wednesday', '1 / 14', '', 8, 0, 0, 0, 0, 0, 0, 0, 0),
(1890, 65, 'set1week4', 'Thursday', '1 / 15', '', 8, 0, 0, 0, 0, 0, 0, 2, 0),
(1891, 65, 'set1week5', 'Friday', '1 / 16', '', 8, 0, 0, 0, 0, 0, 0, 6, 0),
(1892, 65, 'set1week6', 'Saturday', '1 / 17', '', 0, 0, 0, 0, 0, 0, 0, 0, 0),
(1893, 65, 'set1week7', 'Sunday', '1 / 18', '', 0, 0, 0, 0, 0, 0, 0, 0, 0),
(1894, 65, 'set2week1', 'Monday', '1 / 19', '', 0, 8, 0, 0, 0, 0, 0, 0, 0),
(1895, 65, 'set2week2', 'Tuesday', '1 / 20', '', 8, 0, 0, 0, 0, 0, 0, 0, 0),
(1896, 65, 'set2week3', 'Wednesday', '1 / 21', '', 8, 0, 0, 0, 0, 0, 0, 0, 0),
(1897, 65, 'set2week4', 'Thursday', '1 / 22', '', 8, 0, 0, 0, 0, 0, 0, 0, 0),
(1898, 65, 'set2week5', 'Friday', '1 / 23', '', 8, 0, 0, 0, 0, 0, 0, 0, 0),
(1899, 65, 'set2week6', 'Saturday', '1 / 24', '', 0, 0, 0, 0, 0, 0, 0, 0, 0),
(1900, 65, 'set2week7', 'Sunday', '1 / 25', '', 0, 0, 0, 0, 0, 0, 0, 0, 0),
(1901, 65, 'set3week1', 'Monday', '1 / 26', '', 8, 0, 0, 0, 0, 0, 0, 0, 0),
(1902, 65, 'set3week2', 'Tuesday', '1 / 27', '', 8, 0, 0, 0, 0, 0, 0, 0, 0),
(1903, 65, 'set3week3', 'Wednesday', '1 / 28', '', 8, 0, 0, 0, 0, 0, 0, 0, 0),
(1904, 65, 'set3week4', 'Thursday', '1 / 29', '', 8, 0, 0, 0, 0, 0, 0, 0, 0),
(1905, 65, 'set3week5', 'Friday', '1 / 30', '', 8, 0, 0, 0, 0, 0, 0, 0, 0),
(1906, 65, 'set3week6', 'Saturday', '1 / 31', '', 0, 0, 0, 0, 0, 0, 0, 0, 0),
(1907, 65, 'set3week7', 'Sunday', '2 / 1', '', 0, 0, 0, 0, 0, 0, 0, 0, 0),
(1908, 65, 'set4week1', 'Monday', '2 / 2', '', 6, 0, 0, 0, 0, 0, 0, 0, 2),
(1909, 65, 'set4week2', 'Tuesday', '2 / 3', '', 8, 0, 0, 0, 0, 0, 0, 0, 0),
(1910, 65, 'set4week3', 'Wednesday', '2 / 4', '', 8, 0, 0, 0, 0, 0, 0, 0, 0),
(1911, 65, 'set4week4', 'Thursday', '2 / 5', '', 8, 0, 0, 0, 0, 0, 0, 0, 0),
(1912, 65, 'set4week5', 'Friday', '2 / 6', '', 7, 0, 0, 0, 0, 0, 0, 0, 1),
(1913, 65, 'set4week6', 'Saturday', '2 / 7', '', 0, 0, 0, 0, 0, 0, 0, 0, 0),
(1914, 65, 'set4week7', 'Sunday', '2 / 8', '', 0, 0, 0, 0, 0, 0, 0, 0, 0),
(1915, 66, 'set1week1', 'Monday', '3 / 9', '', 8, 0, 0, 0, 0, 0, 0, 0, 0),
(1916, 66, 'set1week2', 'Tuesday', '3 / 10', '', 8, 0, 0, 0, 0, 0, 0, 0, 0),
(1917, 66, 'set1week3', 'Wednesday', '3 / 11', '', 8, 0, 0, 2, 0, 0, 0, 0, 0),
(1918, 66, 'set1week4', 'Thursday', '3 / 12', '', 8, 0, 0, 2, 0, 0, 0, 0, 0),
(1919, 66, 'set1week5', 'Friday', '3 / 13', '', 2, 0, 0, 0, 0, 0, 6, 0, 0),
(1920, 66, 'set1week6', 'Saturday', '3 / 14', '', 0, 0, 0, 0, 0, 0, 0, 0, 0),
(1921, 66, 'set1week7', 'Sunday', '3 / 15', '', 0, 0, 0, 0, 0, 0, 0, 0, 0),
(1922, 66, 'set2week1', 'Monday', '3 / 16', '', 8, 0, 0, 0, 0, 0, 0, 0, 0),
(1923, 66, 'set2week2', 'Tuesday', '3 / 17', '', 8, 0, 0, 0, 0, 0, 0, 0, 0),
(1924, 66, 'set2week3', 'Wednesday', '3 / 18', '', 8, 0, 0, 0, 0, 0, 0, 0, 0),
(1925, 66, 'set2week4', 'Thursday', '3 / 19', '', 8, 0, 0, 0, 0, 0, 0, 0, 0),
(1926, 66, 'set2week5', 'Friday', '3 / 20', '', 4, 0, 0, 0, 0, 4, 0, 0, 0),
(1927, 66, 'set2week6', 'Saturday', '3 / 21', '', 0, 0, 0, 0, 0, 0, 0, 0, 0),
(1928, 66, 'set2week7', 'Sunday', '3 / 22', '', 0, 0, 0, 0, 0, 0, 0, 0, 0),
(1929, 66, 'set3week1', 'Monday', '3 / 23', '', 8, 0, 0, 0, 0, 0, 0, 0, 0),
(1930, 66, 'set3week2', 'Tuesday', '3 / 24', '', 8, 0, 0, 2, 0, 0, 0, 0, 0),
(1931, 66, 'set3week3', 'Wednesday', '3 / 25', '', 8, 0, 0, 2, 0, 0, 0, 0, 0),
(1932, 66, 'set3week4', 'Thursday', '3 / 26', '', 8, 0, 0, 0, 0, 0, 0, 0, 0),
(1933, 66, 'set3week5', 'Friday', '3 / 27', '', 8, 0, 0, 0, 0, 0, 0, 0, 0),
(1934, 66, 'set3week6', 'Saturday', '3 / 28', '', 0, 0, 0, 0, 0, 0, 0, 0, 0),
(1935, 66, 'set3week7', 'Sunday', '3 / 29', '', 0, 0, 0, 0, 0, 0, 0, 0, 0),
(1936, 66, 'set4week1', 'Monday', '3 / 30', '', 8, 0, 0, 0, 0, 0, 0, 0, 0),
(1937, 66, 'set4week2', 'Tuesday', '3 / 31', '', 8, 0, 0, 3.5, 0, 0, 0, 0, 0),
(1938, 66, 'set4week3', 'Wednesday', '4 / 1', '', 8, 0, 0, 0, 0, 0, 0, 0, 0),
(1939, 66, 'set4week4', 'Thursday', '4 / 2', 'family', 3, 0, 0, 0, 0, 0, 5, 0, 0),
(1940, 66, 'set4week5', 'Friday', '4 / 3', '', 8, 0, 0, 0, 0, 0, 0, 0, 0),
(1941, 66, 'set4week6', 'Saturday', '4 / 4', '', 0, 0, 0, 0, 0, 0, 0, 0, 0),
(1942, 66, 'set4week7', 'Sunday', '4 / 5', '', 0, 0, 0, 0, 0, 0, 0, 0, 0),
(1943, 66, 'set5week1', 'Monday', '4 / 6', '', 8, 0, 0, 0, 0, 0, 0, 0, 0),
(1944, 66, 'set5week2', 'Tuesday', '4 / 7', '', 8, 0, 0, 0, 0, 0, 0, 0, 0),
(1945, 66, 'set5week3', 'Wednesday', '4 / 8', '', 8, 0, 0, 0, 0, 0, 0, 0, 0),
(1946, 66, 'set5week4', 'Thursday', '4 / 9', '', 8, 0, 0, 0, 0, 0, 0, 0, 0),
(1947, 66, 'set5week5', 'Friday', '4 / 10', '', 8, 0, 0, 0, 0, 0, 0, 0, 0),
(1948, 66, 'set5week6', 'Saturday', '4 / 11', '', 0, 0, 0, 0, 0, 0, 0, 0, 0),
(1949, 66, 'set5week7', 'Sunday', '4 / 12', '', 0, 0, 0, 0, 0, 0, 0, 0, 0),
(1950, 67, 'set1week1', 'Monday', '3 / 9', '', 8, 0, 0, 0, 0, 0, 0, 0, 0),
(1951, 67, 'set1week2', 'Tuesday', '3 / 10', '', 8, 0, 0, 0, 0, 0, 0, 0, 0),
(1952, 67, 'set1week3', 'Wednesday', '3 / 11', '', 8, 0, 0, 0, 0, 0, 0, 0, 0),
(1953, 67, 'set1week4', 'Thursday', '3 / 12', '', 8, 0, 0, 0, 0, 0, 0, 0, 0),
(1954, 67, 'set1week5', 'Friday', '3 / 13', '', 8, 0, 0, 0, 0, 0, 0, 0, 0),
(1955, 67, 'set1week6', 'Saturday', '3 / 14', '', 0, 0, 0, 0, 0, 0, 0, 0, 0),
(1956, 67, 'set1week7', 'Sunday', '3 / 15', '', 0, 0, 0, 0, 0, 0, 0, 0, 0),
(1957, 67, 'set2week1', 'Monday', '3 / 16', '', 8, 0, 0, 0, 0, 0, 0, 0, 0),
(1958, 67, 'set2week2', 'Tuesday', '3 / 17', '', 8, 0, 0, 0, 0, 0, 0, 0, 0),
(1959, 67, 'set2week3', 'Wednesday', '3 / 18', '', 8, 0, 0, 0, 0, 0, 0, 0, 0),
(1960, 67, 'set2week4', 'Thursday', '3 / 19', '', 8, 0, 0, 0, 0, 0, 0, 0, 0),
(1961, 67, 'set2week5', 'Friday', '3 / 20', '', 8, 0, 0, 0, 0, 0, 0, 0, 0),
(1962, 67, 'set2week6', 'Saturday', '3 / 21', '', 0, 0, 0, 0, 0, 0, 0, 0, 0),
(1963, 67, 'set2week7', 'Sunday', '3 / 22', '', 0, 0, 0, 0, 0, 0, 0, 0, 0),
(1964, 67, 'set3week1', 'Monday', '3 / 23', '', 8, 0, 0, 0, 0, 0, 0, 0, 0),
(1965, 67, 'set3week2', 'Tuesday', '3 / 24', '', 8, 0, 0, 0, 0, 0, 0, 0, 0),
(1966, 67, 'set3week3', 'Wednesday', '3 / 25', '', 8, 0, 0, 0, 0, 0, 0, 0, 0),
(1967, 67, 'set3week4', 'Thursday', '3 / 26', 'invol off', 0, 0, 0, 0, 0, 0, 0, 0, 0),
(1968, 67, 'set3week5', 'Friday', '3 / 27', '', 8, 0, 0, 0, 0, 0, 0, 0, 0),
(1969, 67, 'set3week6', 'Saturday', '3 / 28', '', 0, 0, 0, 0, 0, 0, 0, 0, 0),
(1970, 67, 'set3week7', 'Sunday', '3 / 29', '', 0, 0, 0, 0, 0, 0, 0, 0, 0),
(1971, 67, 'set4week1', 'Monday', '3 / 30', '', 8, 0, 0, 0, 0, 0, 0, 0, 0),
(1972, 67, 'set4week2', 'Tuesday', '3 / 31', '', 8, 0, 0, 0, 0, 0, 0, 0, 0),
(1973, 67, 'set4week3', 'Wednesday', '4 / 1', '', 8, 0, 0, 0, 0, 0, 0, 0, 0),
(1974, 67, 'set4week4', 'Thursday', '4 / 2', 'r off', 4, 0, 0, 0, 0, 0, 0, 0, 0),
(1975, 67, 'set4week5', 'Friday', '4 / 3', 'reg off', 0, 0, 0, 0, 0, 0, 0, 0, 0),
(1976, 67, 'set4week6', 'Saturday', '4 / 4', '', 0, 0, 0, 0, 0, 0, 0, 0, 0),
(1977, 67, 'set4week7', 'Sunday', '4 / 5', '', 0, 0, 0, 0, 0, 0, 0, 0, 0),
(1978, 67, 'set5week1', 'Monday', '4 / 6', '', 8, 0, 0, 0, 0, 0, 0, 0, 0),
(1979, 67, 'set5week2', 'Tuesday', '4 / 7', '', 8, 0, 0, 0, 0, 0, 0, 0, 0),
(1980, 67, 'set5week3', 'Wednesday', '4 / 8', '', 8, 0, 0, 0, 0, 0, 0, 0, 0),
(1981, 67, 'set5week4', 'Thursday', '4 / 9', '', 8, 0, 0, 0, 0, 0, 0, 0, 0),
(1982, 67, 'set5week5', 'Friday', '4 / 10', '', 0, 0, 0, 0, 0, 0, 0, 0, 0),
(1983, 67, 'set5week6', 'Saturday', '4 / 11', '', 0, 0, 0, 0, 0, 0, 0, 0, 0),
(1984, 67, 'set5week7', 'Sunday', '4 / 12', '', 0, 0, 0, 0, 0, 0, 0, 0, 0),
(1985, 68, 'set1week1', 'Monday', '2 / 9', '', 8, 0, 0, 0, 0, 0, 0, 0, 0),
(1986, 68, 'set1week2', 'Tuesday', '2 / 10', '', 8, 0, 0, 0, 0, 0, 0, 0, 0),
(1987, 68, 'set1week3', 'Wednesday', '2 / 11', '', 8, 0, 0, 0, 0, 0, 0, 0, 0),
(1988, 68, 'set1week4', 'Thursday', '2 / 12', '', 8, 0, 0, 0, 0, 0, 0, 0, 0),
(1989, 68, 'set1week5', 'Friday', '2 / 13', '', 7, 0, 0, 0, 0, 0, 0, 0, 1);
INSERT INTO `tbl_timesheets_sub_w` (`week_id`, `time_sheet_parent`, `week1_stringname`, `week1_day`, `week1_date`, `week1_notes`, `week1_reg_hours`, `week1_hol_hours`, `week1_hol_pay`, `week1_ot`, `week1_dt`, `week1_vl`, `week1_sl`, `week1_ce`, `week1_ct`) VALUES
(1990, 68, 'set1week6', 'Saturday', '2 / 14', '', 0, 0, 0, 0, 0, 0, 0, 0, 0),
(1991, 68, 'set1week7', 'Sunday', '2 / 15', '', 0, 0, 0, 0, 0, 0, 0, 0, 0),
(1992, 68, 'set2week1', 'Monday', '2 / 16', '', 0, 8, 0, 0, 0, 0, 0, 0, 0),
(1993, 68, 'set2week2', 'Tuesday', '2 / 17', 'City Council', 7, 0, 0, 0, 0, 0, 0, 1.5, 1),
(1994, 68, 'set2week3', 'Wednesday', '2 / 18', '', 8, 0, 0, 0, 0, 0, 0, 0, 0),
(1995, 68, 'set2week4', 'Thursday', '2 / 19', '', 8, 0, 0, 0, 0, 0, 0, 0, 0),
(1996, 68, 'set2week5', 'Friday', '2 / 20', '', 7, 0, 0, 0, 0, 0, 0, 0, 1),
(1997, 68, 'set2week6', 'Saturday', '2 / 21', '', 0, 0, 0, 0, 0, 0, 0, 0, 0),
(1998, 68, 'set2week7', 'Sunday', '2 / 22', '', 0, 0, 0, 0, 0, 0, 0, 0, 0),
(1999, 68, 'set3week1', 'Monday', '2 / 23', '', 8, 0, 0, 0, 0, 0, 0, 0, 0),
(2000, 68, 'set3week2', 'Tuesday', '2 / 24', 'Public Works', 8, 0, 0, 0, 0, 0, 0, 1, 0),
(2001, 68, 'set3week3', 'Wednesday', '2 / 25', '', 8, 0, 0, 0, 0, 0, 0, 3, 0),
(2002, 68, 'set3week4', 'Thursday', '2 / 26', '', 8, 0, 0, 0, 0, 0, 0, 2, 0),
(2003, 68, 'set3week5', 'Friday', '2 / 27', '', 7, 0, 0, 0, 0, 0, 0, 0, 1),
(2004, 68, 'set3week6', 'Saturday', '2 / 28', '', 0, 0, 0, 0, 0, 0, 0, 0, 0),
(2005, 68, 'set3week7', 'Sunday', '3 / 1', '', 0, 0, 0, 0, 0, 0, 0, 0, 0),
(2006, 68, 'set4week1', 'Monday', '3 / 2', 'City Council', 8, 0, 0, 0, 0, 0, 0, 2, 0),
(2007, 68, 'set4week2', 'Tuesday', '3 / 3', '', 8, 0, 0, 0, 0, 0, 0, 0, 0),
(2008, 68, 'set4week3', 'Wednesday', '3 / 4', '', 8, 0, 0, 0, 0, 0, 0, 0, 0),
(2009, 68, 'set4week4', 'Thursday', '3 / 5', '', 8, 0, 0, 0, 0, 0, 0, 0, 0),
(2010, 68, 'set4week5', 'Friday', '3 / 6', '', 7, 0, 0, 0, 0, 0, 0, 0, 1),
(2011, 68, 'set4week6', 'Saturday', '3 / 7', '', 0, 0, 0, 0, 0, 0, 0, 0, 0),
(2012, 68, 'set4week7', 'Sunday', '3 / 8', '', 0, 0, 0, 0, 0, 0, 0, 0, 0),
(2013, 69, 'set1week1', 'Monday', '3 / 9', '', 8, 0, 0, 0, 0, 0, 0, 0, 0),
(2014, 69, 'set1week2', 'Tuesday', '3 / 10', '', 8, 0, 0, 0, 0, 0, 0, 2, 0),
(2015, 69, 'set1week3', 'Wednesday', '3 / 11', '', 8, 0, 0, 0, 0, 0, 0, 2, 0),
(2016, 69, 'set1week4', 'Thursday', '3 / 12', '', 8, 0, 0, 0, 0, 0, 0, 0, 0),
(2017, 69, 'set1week5', 'Friday', '3 / 13', '', 8, 0, 0, 0, 0, 0, 0, 0, 0),
(2018, 69, 'set1week6', 'Saturday', '3 / 14', '', 0, 0, 0, 0, 0, 0, 0, 0, 0),
(2019, 69, 'set1week7', 'Sunday', '3 / 15', '', 0, 0, 0, 0, 0, 0, 0, 0, 0),
(2020, 69, 'set2week1', 'Monday', '3 / 16', '', 8, 0, 0, 0, 0, 0, 0, 0, 0),
(2021, 69, 'set2week2', 'Tuesday', '3 / 17', '', 8, 0, 0, 0, 0, 0, 0, 0, 0),
(2022, 69, 'set2week3', 'Wednesday', '3 / 18', '', 8, 0, 0, 0, 0, 0, 0, 0, 0),
(2023, 69, 'set2week4', 'Thursday', '3 / 19', '', 8, 0, 0, 0, 0, 0, 0, 0, 0),
(2024, 69, 'set2week5', 'Friday', '3 / 20', '', 4, 0, 0, 0, 0, 0, 0, 0, 4),
(2025, 69, 'set2week6', 'Saturday', '3 / 21', '', 0, 0, 0, 0, 0, 0, 0, 0, 0),
(2026, 69, 'set2week7', 'Sunday', '3 / 22', '', 0, 0, 0, 0, 0, 0, 0, 0, 0),
(2027, 69, 'set3week1', 'Monday', '3 / 23', '', 8, 0, 0, 0, 0, 0, 0, 0, 0),
(2028, 69, 'set3week2', 'Tuesday', '3 / 24', '', 8, 0, 0, 0, 0, 0, 0, 1.25, 0),
(2029, 69, 'set3week3', 'Wednesday', '3 / 25', '', 8, 0, 0, 0, 0, 0, 0, 1.5, 0),
(2030, 69, 'set3week4', 'Thursday', '3 / 26', '', 8, 0, 0, 0, 0, 0, 0, 0, 0),
(2031, 69, 'set3week5', 'Friday', '3 / 27', '', 7, 0, 0, 0, 0, 0, 0, 0, 1),
(2032, 69, 'set3week6', 'Saturday', '3 / 28', '', 0, 0, 0, 0, 0, 0, 0, 0, 0),
(2033, 69, 'set3week7', 'Sunday', '3 / 29', '', 0, 0, 0, 0, 0, 0, 0, 0, 0),
(2034, 69, 'set4week1', 'Monday', '3 / 30', '', 8, 0, 0, 0, 0, 0, 0, 0, 0),
(2035, 69, 'set4week2', 'Tuesday', '3 / 31', '', 8, 0, 0, 0, 0, 0, 0, 3, 0),
(2036, 69, 'set4week3', 'Wednesday', '4 / 1', '', 8, 0, 0, 0, 0, 0, 0, 0, 0),
(2037, 69, 'set4week4', 'Thursday', '4 / 2', '', 8, 0, 0, 0, 0, 0, 0, 0, 0),
(2038, 69, 'set4week5', 'Friday', '4 / 3', '', 7, 0, 0, 0, 0, 0, 0, 0, 1),
(2039, 69, 'set4week6', 'Saturday', '4 / 4', '', 0, 0, 0, 0, 0, 0, 0, 0, 0),
(2040, 69, 'set4week7', 'Sunday', '4 / 5', '', 0, 0, 0, 0, 0, 0, 0, 0, 0),
(2041, 69, 'set5week1', 'Monday', '4 / 6', '', 8, 0, 0, 0, 0, 0, 0, 0, 0),
(2042, 69, 'set5week2', 'Tuesday', '4 / 7', '', 8, 0, 0, 0, 0, 0, 0, 0, 0),
(2043, 69, 'set5week3', 'Wednesday', '4 / 8', '', 8, 0, 0, 0, 0, 0, 0, 0, 0),
(2044, 69, 'set5week4', 'Thursday', '4 / 9', '', 8, 0, 0, 0, 0, 0, 0, 0, 0),
(2045, 69, 'set5week5', 'Friday', '4 / 10', '', 7, 0, 0, 0, 0, 0, 0, 0, 1),
(2046, 69, 'set5week6', 'Saturday', '4 / 11', '', 0, 0, 0, 0, 0, 0, 0, 0, 0),
(2047, 69, 'set5week7', 'Sunday', '4 / 12', '', 0, 0, 0, 0, 0, 0, 0, 0, 0),
(2048, 70, 'set1week1', 'Monday', '4 / 13', '', 4, 0, 0, 0, 0, 0, 4, 0, 0),
(2049, 70, 'set1week2', 'Tuesday', '4 / 14', '', 8, 0, 0, 0, 0, 0, 0, 0, 0),
(2050, 70, 'set1week3', 'Wednesday', '4 / 15', '', 8, 0, 0, 0, 0, 0, 0, 0, 0),
(2051, 70, 'set1week4', 'Thursday', '4 / 16', '', 8, 0, 0, 0, 0, 0, 0, 0, 0),
(2052, 70, 'set1week5', 'Friday', '4 / 17', '', 8, 0, 0, 0, 0, 0, 0, 0, 0),
(2053, 70, 'set1week6', 'Saturday', '4 / 18', '', 0, 0, 0, 0, 0, 0, 0, 0, 0),
(2054, 70, 'set1week7', 'Sunday', '4 / 19', '', 0, 0, 0, 0, 0, 0, 0, 0, 0),
(2055, 70, 'set2week1', 'Monday', '4 / 20', '', 8, 0, 0, 0, 0, 0, 0, 0, 0),
(2056, 70, 'set2week2', 'Tuesday', '4 / 21', '', 8, 0, 0, 0, 0, 0, 0, 0, 0),
(2057, 70, 'set2week3', 'Wednesday', '4 / 22', '', 8, 0, 0, 0, 0, 0, 0, 0, 0),
(2058, 70, 'set2week4', 'Thursday', '4 / 23', '', 8, 0, 0, 0, 0, 0, 0, 0, 0),
(2059, 70, 'set2week5', 'Friday', '4 / 24', '', 8, 0, 0, 0, 0, 0, 0, 0, 0),
(2060, 70, 'set2week6', 'Saturday', '4 / 25', '', 0, 0, 0, 0, 0, 0, 0, 0, 0),
(2061, 70, 'set2week7', 'Sunday', '4 / 26', '', 0, 0, 0, 0, 0, 0, 0, 0, 0),
(2062, 70, 'set3week1', 'Monday', '4 / 27', '', 8, 0, 0, 0, 0, 0, 0, 0, 0),
(2063, 70, 'set3week2', 'Tuesday', '4 / 28', '', 8, 0, 0, 0, 0, 0, 0, 0, 0),
(2064, 70, 'set3week3', 'Wednesday', '4 / 29', '', 8, 0, 0, 0, 0, 0, 0, 0, 0),
(2065, 70, 'set3week4', 'Thursday', '4 / 30', '', 8, 0, 0, 0, 0, 0, 0, 0, 0),
(2066, 70, 'set3week5', 'Friday', '5 / 1', '', 8, 0, 0, 0, 0, 0, 0, 0, 0),
(2067, 70, 'set3week6', 'Saturday', '5 / 2', '', 0, 0, 0, 0, 0, 0, 0, 0, 0),
(2068, 70, 'set3week7', 'Sunday', '5 / 3', '', 0, 0, 0, 0, 0, 0, 0, 0, 0),
(2069, 70, 'set4week1', 'Monday', '5 / 4', '', 8, 0, 0, 1.5, 0, 0, 0, 0, 0),
(2070, 70, 'set4week2', 'Tuesday', '5 / 5', '', 8, 0, 0, 1.5, 0, 0, 0, 0, 0),
(2071, 70, 'set4week3', 'Wednesday', '5 / 6', '', 8, 0, 0, 1.5, 0, 0, 0, 0, 0),
(2072, 70, 'set4week4', 'Thursday', '5 / 7', '', 8, 0, 0, 0, 0, 0, 0, 0, 0),
(2073, 70, 'set4week5', 'Friday', '5 / 8', '', 8, 0, 0, 1.5, 0, 0, 0, 0, 0),
(2074, 70, 'set4week6', 'Saturday', '5 / 9', '', 0, 0, 0, 0, 0, 0, 0, 0, 0),
(2075, 70, 'set4week7', 'Sunday', '5 / 10', '', 0, 0, 0, 0, 0, 0, 0, 0, 0),
(2076, 71, 'set1week1', 'Monday', '4 / 13', '', 8, 0, 0, 0, 0, 0, 0, 0, 0),
(2077, 71, 'set1week2', 'Tuesday', '4 / 14', '', 8, 0, 0, 0, 0, 0, 0, 0, 0),
(2078, 71, 'set1week3', 'Wednesday', '4 / 15', '', 8, 0, 0, 0, 0, 0, 0, 0, 0),
(2079, 71, 'set1week4', 'Thursday', '4 / 16', '', 4, 0, 0, 0, 0, 0, 0, 0, 0),
(2080, 71, 'set1week5', 'Friday', '4 / 17', '', 0, 0, 0, 0, 0, 0, 0, 0, 0),
(2081, 71, 'set1week6', 'Saturday', '4 / 18', '', 0, 0, 0, 0, 0, 0, 0, 0, 0),
(2082, 71, 'set1week7', 'Sunday', '4 / 19', '', 0, 0, 0, 0, 0, 0, 0, 0, 0),
(2083, 71, 'set2week1', 'Monday', '4 / 20', '', 8, 0, 0, 0, 0, 0, 0, 0, 0),
(2084, 71, 'set2week2', 'Tuesday', '4 / 21', '', 8, 0, 0, 0, 0, 0, 0, 0, 0),
(2085, 71, 'set2week3', 'Wednesday', '4 / 22', '', 8, 0, 0, 0, 0, 0, 0, 0, 0),
(2086, 71, 'set2week4', 'Thursday', '4 / 23', '', 8, 0, 0, 0, 0, 0, 0, 0, 0),
(2087, 71, 'set2week5', 'Friday', '4 / 24', '', 0, 0, 0, 0, 0, 0, 0, 0, 0),
(2088, 71, 'set2week6', 'Saturday', '4 / 25', '', 0, 0, 0, 0, 0, 0, 0, 0, 0),
(2089, 71, 'set2week7', 'Sunday', '4 / 26', '', 0, 0, 0, 0, 0, 0, 0, 0, 0),
(2090, 71, 'set3week1', 'Monday', '4 / 27', '', 8, 0, 0, 0, 0, 0, 0, 0, 0),
(2091, 71, 'set3week2', 'Tuesday', '4 / 28', '', 8, 0, 0, 0, 0, 0, 0, 0, 0),
(2092, 71, 'set3week3', 'Wednesday', '4 / 29', '', 8, 0, 0, 0, 0, 0, 0, 0, 0),
(2093, 71, 'set3week4', 'Thursday', '4 / 30', '', 8, 0, 0, 0, 0, 0, 0, 0, 0),
(2094, 71, 'set3week5', 'Friday', '5 / 1', '', 0, 0, 0, 0, 0, 0, 0, 0, 0),
(2095, 71, 'set3week6', 'Saturday', '5 / 2', '', 0, 0, 0, 0, 0, 0, 0, 0, 0),
(2096, 71, 'set3week7', 'Sunday', '5 / 3', '', 0, 0, 0, 0, 0, 0, 0, 0, 0),
(2097, 71, 'set4week1', 'Monday', '5 / 4', '', 8, 0, 0, 0, 0, 0, 0, 0, 0),
(2098, 71, 'set4week2', 'Tuesday', '5 / 5', '', 8, 0, 0, 0, 0, 0, 0, 0, 0),
(2099, 71, 'set4week3', 'Wednesday', '5 / 6', '', 8, 0, 0, 0, 0, 0, 0, 0, 0),
(2100, 71, 'set4week4', 'Thursday', '5 / 7', '', 8, 0, 0, 0, 0, 0, 0, 0, 0),
(2101, 71, 'set4week5', 'Friday', '5 / 8', '', 0, 0, 0, 0, 0, 0, 0, 0, 0),
(2102, 71, 'set4week6', 'Saturday', '5 / 9', '', 0, 0, 0, 0, 0, 0, 0, 0, 0),
(2103, 71, 'set4week7', 'Sunday', '5 / 10', '', 0, 0, 0, 0, 0, 0, 0, 0, 0),
(2104, 72, 'set1week1', 'Monday', '5 / 11', '', 8, 0, 0, 0, 0, 0, 0, 0, 0),
(2105, 72, 'set1week2', 'Tuesday', '5 / 12', '', 8, 0, 0, 0, 0, 0, 0, 0, 0),
(2106, 72, 'set1week3', 'Wednesday', '5 / 13', '', 8, 0, 0, 0, 0, 0, 0, 0, 0),
(2107, 72, 'set1week4', 'Thursday', '5 / 14', '', 8, 0, 0, 0, 0, 0, 0, 0, 0),
(2108, 72, 'set1week5', 'Friday', '5 / 15', '', 8, 0, 0, 0, 0, 0, 0, 0, 0),
(2109, 72, 'set1week6', 'Saturday', '5 / 16', '', 0, 0, 0, 0, 0, 0, 0, 0, 0),
(2110, 72, 'set1week7', 'Sunday', '5 / 17', '', 0, 0, 0, 0, 0, 0, 0, 0, 0),
(2111, 72, 'set2week1', 'Monday', '5 / 18', '', 8, 0, 0, 0, 0, 0, 0, 0, 0),
(2112, 72, 'set2week2', 'Tuesday', '5 / 19', '', 8, 0, 0, 0, 0, 0, 0, 0, 0),
(2113, 72, 'set2week3', 'Wednesday', '5 / 20', '', 8, 0, 0, 0, 0, 0, 0, 0, 0),
(2114, 72, 'set2week4', 'Thursday', '5 / 21', '', 8, 0, 0, 0, 0, 0, 0, 0, 0),
(2115, 72, 'set2week5', 'Friday', '5 / 22', '', 8, 0, 0, 0, 0, 0, 0, 0, 0),
(2116, 72, 'set2week6', 'Saturday', '5 / 23', '', 0, 0, 0, 0, 0, 0, 0, 0, 0),
(2117, 72, 'set2week7', 'Sunday', '5 / 24', '', 0, 0, 0, 0, 0, 0, 0, 0, 0),
(2118, 72, 'set3week1', 'Monday', '5 / 25', '', 0, 0, 0, 0, 0, 0, 0, 0, 0),
(2119, 72, 'set3week2', 'Tuesday', '5 / 26', '', 8, 0, 0, 0, 0, 0, 0, 0, 0),
(2120, 72, 'set3week3', 'Wednesday', '5 / 27', '', 8, 0, 0, 0, 0, 0, 0, 0, 0),
(2121, 72, 'set3week4', 'Thursday', '5 / 28', '', 8, 0, 0, 0, 0, 0, 0, 0, 0),
(2122, 72, 'set3week5', 'Friday', '5 / 29', '', 8, 0, 0, 0, 0, 0, 0, 0, 0),
(2123, 72, 'set3week6', 'Saturday', '5 / 30', '', 0, 0, 0, 0, 0, 0, 0, 0, 0),
(2124, 72, 'set3week7', 'Sunday', '5 / 31', '', 0, 0, 0, 0, 0, 0, 0, 0, 0),
(2125, 72, 'set4week1', 'Monday', '6 / 1', '', 8, 0, 0, 0, 0, 0, 0, 0, 0),
(2126, 72, 'set4week2', 'Tuesday', '6 / 2', '', 8, 0, 0, 0, 0, 0, 0, 0, 0),
(2127, 72, 'set4week3', 'Wednesday', '6 / 3', '', 8, 0, 0, 0, 0, 0, 0, 0, 0),
(2128, 72, 'set4week4', 'Thursday', '6 / 4', '', 8, 0, 0, 0, 0, 0, 0, 0, 0),
(2129, 72, 'set4week5', 'Friday', '6 / 5', '', 8, 0, 0, 0, 0, 0, 0, 0, 0),
(2130, 72, 'set4week6', 'Saturday', '6 / 6', '', 0, 0, 0, 0, 0, 0, 0, 0, 0),
(2131, 72, 'set4week7', 'Sunday', '6 / 7', '', 0, 0, 0, 0, 0, 0, 0, 0, 0),
(2132, 73, 'set1week1', 'Monday', '5 / 11', '', 8, 0, 0, 0, 0, 0, 0, 0, 0),
(2133, 73, 'set1week2', 'Tuesday', '5 / 12', '', 8, 0, 0, 0, 0, 0, 0, 0, 0),
(2134, 73, 'set1week3', 'Wednesday', '5 / 13', '', 8, 0, 0, 0, 0, 0, 0, 0, 0),
(2135, 73, 'set1week4', 'Thursday', '5 / 14', '', 8, 0, 0, 0, 0, 0, 0, 0, 0),
(2136, 73, 'set1week5', 'Friday', '5 / 15', '', 8, 0, 0, 0, 0, 0, 0, 0, 0),
(2137, 73, 'set1week6', 'Saturday', '5 / 16', '', 0, 0, 0, 0, 0, 0, 0, 0, 0),
(2138, 73, 'set1week7', 'Sunday', '5 / 17', '', 0, 0, 0, 0, 0, 0, 0, 0, 0),
(2139, 73, 'set2week1', 'Monday', '5 / 18', '', 8, 0, 0, 0, 0, 0, 0, 0, 0),
(2140, 73, 'set2week2', 'Tuesday', '5 / 19', '', 8, 0, 0, 0, 0, 0, 0, 0, 0),
(2141, 73, 'set2week3', 'Wednesday', '5 / 20', '', 8, 0, 0, 0, 0, 0, 0, 0, 0),
(2142, 73, 'set2week4', 'Thursday', '5 / 21', '', 8, 0, 0, 0, 0, 0, 0, 0, 0),
(2143, 73, 'set2week5', 'Friday', '5 / 22', '', 8, 0, 0, 0, 0, 0, 0, 0, 0),
(2144, 73, 'set2week6', 'Saturday', '5 / 23', '', 0, 0, 0, 0, 0, 0, 0, 0, 0),
(2145, 73, 'set2week7', 'Sunday', '5 / 24', '', 0, 0, 0, 0, 0, 0, 0, 0, 0),
(2146, 73, 'set3week1', 'Monday', '5 / 25', '', 0, 8, 0, 0, 0, 0, 0, 0, 0),
(2147, 73, 'set3week2', 'Tuesday', '5 / 26', '', 8, 0, 0, 0, 0, 0, 0, 0, 0),
(2148, 73, 'set3week3', 'Wednesday', '5 / 27', '', 4, 0, 0, 0, 0, 4, 0, 0, 0),
(2149, 73, 'set3week4', 'Thursday', '5 / 28', '', 8, 0, 0, 0, 0, 0, 0, 0, 0),
(2150, 73, 'set3week5', 'Friday', '5 / 29', '', 8, 0, 0, 0, 0, 0, 0, 0, 0),
(2151, 73, 'set3week6', 'Saturday', '5 / 30', '', 0, 0, 0, 0, 0, 0, 0, 0, 0),
(2152, 73, 'set3week7', 'Sunday', '5 / 31', '', 0, 0, 0, 0, 0, 0, 0, 0, 0),
(2153, 73, 'set4week1', 'Monday', '6 / 1', '', 8, 0, 0, 0, 0, 0, 0, 0, 0),
(2154, 73, 'set4week2', 'Tuesday', '6 / 2', '', 8, 0, 0, 0, 0, 0, 0, 0, 0),
(2155, 73, 'set4week3', 'Wednesday', '6 / 3', '', 8, 0, 0, 0, 0, 0, 0, 0, 0),
(2156, 73, 'set4week4', 'Thursday', '6 / 4', '', 8, 0, 0, 0, 0, 0, 0, 0, 0),
(2157, 73, 'set4week5', 'Friday', '6 / 5', '', 8, 0, 0, 0, 0, 0, 0, 0, 0),
(2158, 73, 'set4week6', 'Saturday', '6 / 6', '', 0, 0, 0, 0, 0, 0, 0, 0, 0),
(2159, 73, 'set4week7', 'Sunday', '6 / 7', '', 0, 0, 0, 0, 0, 0, 0, 0, 0),
(2160, 74, 'set1week1', 'Monday', '5 / 11', '', 8, 0, 0, 0, 0, 0, 0, 0, 0),
(2161, 74, 'set1week2', 'Tuesday', '5 / 12', '', 8, 0, 0, 0, 0, 0, 0, 0, 0),
(2162, 74, 'set1week3', 'Wednesday', '5 / 13', '', 8, 0, 0, 0, 0, 0, 0, 0, 0),
(2163, 74, 'set1week4', 'Thursday', '5 / 14', '', 8, 0, 0, 0, 0, 0, 0, 0, 0),
(2164, 74, 'set1week5', 'Friday', '5 / 15', '', 8, 0, 0, 0, 0, 0, 0, 0, 0),
(2165, 74, 'set1week6', 'Saturday', '5 / 16', '', 0, 0, 0, 0, 0, 0, 0, 0, 0),
(2166, 74, 'set1week7', 'Sunday', '5 / 17', '', 0, 0, 0, 0, 0, 0, 0, 0, 0),
(2167, 74, 'set2week1', 'Monday', '5 / 18', '', 0, 0, 0, 0, 0, 0, 0, 0, 0),
(2168, 74, 'set2week2', 'Tuesday', '5 / 19', '', 0, 0, 0, 0, 0, 0, 0, 0, 0),
(2169, 74, 'set2week3', 'Wednesday', '5 / 20', '', 0, 0, 0, 0, 0, 0, 0, 0, 0),
(2170, 74, 'set2week4', 'Thursday', '5 / 21', '', 8, 0, 0, 0, 0, 0, 0, 0, 0),
(2171, 74, 'set2week5', 'Friday', '5 / 22', '', 8, 0, 0, 0, 0, 0, 0, 0, 0),
(2172, 74, 'set2week6', 'Saturday', '5 / 23', '', 0, 0, 0, 0, 0, 0, 0, 0, 0),
(2173, 74, 'set2week7', 'Sunday', '5 / 24', '', 0, 0, 0, 0, 0, 0, 0, 0, 0),
(2174, 74, 'set3week1', 'Monday', '5 / 25', '', 0, 0, 0, 0, 0, 0, 0, 0, 0),
(2175, 74, 'set3week2', 'Tuesday', '5 / 26', '', 0, 0, 0, 0, 0, 0, 0, 0, 0),
(2176, 74, 'set3week3', 'Wednesday', '5 / 27', '', 8, 0, 0, 0, 0, 0, 0, 0, 0),
(2177, 74, 'set3week4', 'Thursday', '5 / 28', '', 8, 0, 0, 0, 0, 0, 0, 0, 0),
(2178, 74, 'set3week5', 'Friday', '5 / 29', '', 8, 0, 0, 0, 0, 0, 0, 0, 0),
(2179, 74, 'set3week6', 'Saturday', '5 / 30', '', 0, 0, 0, 0, 0, 0, 0, 0, 0),
(2180, 74, 'set3week7', 'Sunday', '5 / 31', '', 0, 0, 0, 0, 0, 0, 0, 0, 0),
(2181, 74, 'set4week1', 'Monday', '6 / 1', '', 8, 0, 0, 0, 0, 0, 0, 0, 0),
(2182, 74, 'set4week2', 'Tuesday', '6 / 2', '', 8, 0, 0, 0, 0, 0, 0, 0, 0),
(2183, 74, 'set4week3', 'Wednesday', '6 / 3', '', 8, 0, 0, 0, 0, 0, 0, 0, 0),
(2184, 74, 'set4week4', 'Thursday', '6 / 4', '', 8, 0, 0, 0, 0, 0, 0, 0, 0),
(2185, 74, 'set4week5', 'Friday', '6 / 5', '', 0, 0, 0, 0, 0, 0, 0, 0, 0),
(2186, 74, 'set4week6', 'Saturday', '6 / 6', '', 0, 0, 0, 0, 0, 0, 0, 0, 0),
(2187, 74, 'set4week7', 'Sunday', '6 / 7', '', 0, 0, 0, 0, 0, 0, 0, 0, 0),
(2188, 75, 'set1week1', 'Monday', '4 / 13', '', 8, 0, 0, 0, 0, 0, 0, 0, 0),
(2189, 75, 'set1week2', 'Tuesday', '4 / 14', '', 8, 0, 0, 0, 0, 0, 0, 0, 0),
(2190, 75, 'set1week3', 'Wednesday', '4 / 15', '', 8, 0, 0, 0, 0, 0, 0, 0, 0),
(2191, 75, 'set1week4', 'Thursday', '4 / 16', '', 8, 0, 0, 0, 0, 0, 0, 0, 0),
(2192, 75, 'set1week5', 'Friday', '4 / 17', '', 6, 0, 0, 0, 0, 0, 0, 0, 2),
(2193, 75, 'set1week6', 'Saturday', '4 / 18', '', 0, 0, 0, 0, 0, 0, 0, 0, 0),
(2194, 75, 'set1week7', 'Sunday', '4 / 19', '', 0, 0, 0, 0, 0, 0, 0, 0, 0),
(2195, 75, 'set2week1', 'Monday', '4 / 20', '', 8, 0, 0, 0, 0, 0, 0, 0, 0),
(2196, 75, 'set2week2', 'Tuesday', '4 / 21', '', 8, 0, 0, 0, 0, 0, 0, 0, 0),
(2197, 75, 'set2week3', 'Wednesday', '4 / 22', '', 8, 0, 0, 0, 0, 0, 0, 0, 0),
(2198, 75, 'set2week4', 'Thursday', '4 / 23', '', 8, 0, 0, 0, 0, 0, 0, 0, 0),
(2199, 75, 'set2week5', 'Friday', '4 / 24', '', 6, 0, 0, 0, 0, 0, 0, 0, 2),
(2200, 75, 'set2week6', 'Saturday', '4 / 25', '', 0, 0, 0, 0, 0, 0, 0, 0, 0),
(2201, 75, 'set2week7', 'Sunday', '4 / 26', '', 0, 0, 0, 0, 0, 0, 0, 0, 0),
(2202, 75, 'set3week1', 'Monday', '4 / 27', '', 8, 0, 0, 0, 0, 0, 0, 0, 0),
(2203, 75, 'set3week2', 'Tuesday', '4 / 28', '', 8, 0, 0, 0, 0, 0, 0, 0, 0),
(2204, 75, 'set3week3', 'Wednesday', '4 / 29', '', 8, 0, 0, 0, 0, 0, 0, 0, 0),
(2205, 75, 'set3week4', 'Thursday', '4 / 30', '', 8, 0, 0, 0, 0, 0, 0, 0, 0),
(2206, 75, 'set3week5', 'Friday', '5 / 1', '', 7, 0, 0, 0, 0, 0, 0, 0, 1),
(2207, 75, 'set3week6', 'Saturday', '5 / 2', '', 0, 0, 0, 0, 0, 0, 0, 0, 0),
(2208, 75, 'set3week7', 'Sunday', '5 / 3', '', 0, 0, 0, 0, 0, 0, 0, 0, 0),
(2209, 75, 'set4week1', 'Monday', '5 / 4', '', 8, 0, 0, 0, 0, 0, 0, 0, 0),
(2210, 75, 'set4week2', 'Tuesday', '5 / 5', '', 8, 0, 0, 0, 0, 0, 0, 0, 0),
(2211, 75, 'set4week3', 'Wednesday', '5 / 6', '', 8, 0, 0, 0, 0, 0, 0, 0, 0),
(2212, 75, 'set4week4', 'Thursday', '5 / 7', '', 8, 0, 0, 0, 0, 0, 0, 0, 0),
(2213, 75, 'set4week5', 'Friday', '5 / 8', '', 6, 0, 0, 0, 0, 0, 0, 0, 2),
(2214, 75, 'set4week6', 'Saturday', '5 / 9', '', 0, 0, 0, 0, 0, 0, 0, 0, 0),
(2215, 75, 'set4week7', 'Sunday', '5 / 10', '', 0, 0, 0, 0, 0, 0, 0, 0, 0),
(2216, 76, 'set1week1', 'Monday', '5 / 11', '', 2, 0, 0, 0, 0, 0, 0, 0, 0),
(2217, 76, 'set1week2', 'Tuesday', '5 / 12', '', 2, 0, 0, 0, 0, 0, 0, 0, 0),
(2218, 76, 'set1week3', 'Wednesday', '5 / 13', '', 2, 0, 0, 0, 0, 0, 0, 0, 0),
(2219, 76, 'set1week4', 'Thursday', '5 / 14', '', 2, 0, 0, 0, 0, 0, 0, 0, 0),
(2220, 76, 'set1week5', 'Friday', '5 / 15', '', 2, 0, 0, 0, 0, 0, 0, 0, 0),
(2221, 76, 'set1week6', 'Saturday', '5 / 16', '', 0, 0, 0, 0, 0, 0, 0, 0, 0),
(2222, 76, 'set1week7', 'Sunday', '5 / 17', '', 0, 0, 0, 0, 0, 0, 0, 0, 0),
(2223, 76, 'set2week1', 'Monday', '5 / 18', '', 2, 0, 0, 0, 0, 0, 0, 0, 0),
(2224, 76, 'set2week2', 'Tuesday', '5 / 19', '', 2, 0, 0, 0, 0, 0, 0, 0, 0),
(2225, 76, 'set2week3', 'Wednesday', '5 / 20', '', 2, 0, 0, 0, 0, 0, 0, 0, 0),
(2226, 76, 'set2week4', 'Thursday', '5 / 21', '', 0, 0, 0, 0, 0, 0, 0, 0, 0),
(2227, 76, 'set2week5', 'Friday', '5 / 22', '', 0, 0, 0, 0, 0, 0, 0, 0, 0),
(2228, 76, 'set2week6', 'Saturday', '5 / 23', '', 2, 0, 0, 0, 0, 0, 0, 0, 0),
(2229, 76, 'set2week7', 'Sunday', '5 / 24', '', 2, 0, 0, 0, 0, 0, 0, 0, 0),
(2230, 76, 'set3week1', 'Monday', '5 / 25', '', 2, 0, 0, 0, 0, 0, 0, 0, 0),
(2231, 76, 'set3week2', 'Tuesday', '5 / 26', '', 2, 0, 0, 0, 0, 0, 0, 0, 0),
(2232, 76, 'set3week3', 'Wednesday', '5 / 27', '', 2, 0, 0, 0, 0, 0, 0, 0, 0),
(2233, 76, 'set3week4', 'Thursday', '5 / 28', '', 0, 0, 0, 0, 0, 0, 0, 0, 0),
(2234, 76, 'set3week5', 'Friday', '5 / 29', '', 2, 0, 0, 0, 0, 0, 0, 0, 0),
(2235, 76, 'set3week6', 'Saturday', '5 / 30', '', 0, 0, 0, 0, 0, 0, 0, 0, 0),
(2236, 76, 'set3week7', 'Sunday', '5 / 31', '', 2, 0, 0, 0, 0, 0, 0, 0, 0),
(2237, 76, 'set4week1', 'Monday', '6 / 1', '', 0, 0, 0, 0, 0, 0, 0, 0, 0),
(2238, 76, 'set4week2', 'Tuesday', '6 / 2', '', 2, 0, 0, 0, 0, 0, 0, 0, 0),
(2239, 76, 'set4week3', 'Wednesday', '6 / 3', '', 2, 0, 0, 0, 0, 0, 0, 0, 0),
(2240, 76, 'set4week4', 'Thursday', '6 / 4', '', 2, 0, 0, 0, 0, 0, 0, 0, 0),
(2241, 76, 'set4week5', 'Friday', '6 / 5', '', 0, 0, 0, 0, 0, 0, 0, 0, 0),
(2242, 76, 'set4week6', 'Saturday', '6 / 6', '', 0, 0, 0, 0, 0, 0, 0, 0, 0),
(2243, 76, 'set4week7', 'Sunday', '6 / 7', '', 0, 0, 0, 0, 0, 0, 0, 0, 0),
(2244, 77, 'set1week1', 'Monday', '5 / 11', '', 8, 0, 0, 0, 0, 0, 0, 0, 0),
(2245, 77, 'set1week2', 'Tuesday', '5 / 12', 'Public Works', 8, 0, 0, 0, 0, 0, 0, 1, 0),
(2246, 77, 'set1week3', 'Wednesday', '5 / 13', '', 8, 0, 0, 0, 0, 0, 0, 0, 0),
(2247, 77, 'set1week4', 'Thursday', '5 / 14', '', 8, 0, 0, 0, 0, 0, 0, 0, 0),
(2248, 77, 'set1week5', 'Friday', '5 / 15', '', 8, 0, 0, 0, 0, 0, 0, 0, 0),
(2249, 77, 'set1week6', 'Saturday', '5 / 16', '', 0, 0, 0, 0, 0, 0, 0, 0, 0),
(2250, 77, 'set1week7', 'Sunday', '5 / 17', '', 0, 0, 0, 0, 0, 0, 0, 0, 0),
(2251, 77, 'set2week1', 'Monday', '5 / 18', 'City Council', 8, 0, 0, 0, 0, 0, 0, 1, 0),
(2252, 77, 'set2week2', 'Tuesday', '5 / 19', '', 8, 0, 0, 0, 0, 0, 0, 0, 0),
(2253, 77, 'set2week3', 'Wednesday', '5 / 20', '', 8, 0, 0, 0, 0, 0, 0, 0, 0),
(2254, 77, 'set2week4', 'Thursday', '5 / 21', '', 8, 0, 0, 0, 0, 0, 0, 0, 0),
(2255, 77, 'set2week5', 'Friday', '5 / 22', '', 8, 0, 0, 0, 0, 0, 0, 0, 0),
(2256, 77, 'set2week6', 'Saturday', '5 / 23', '', 0, 0, 0, 0, 0, 0, 0, 0, 0),
(2257, 77, 'set2week7', 'Sunday', '5 / 24', '', 0, 0, 0, 0, 0, 0, 0, 0, 0),
(2258, 77, 'set3week1', 'Monday', '5 / 25', '', 0, 8, 0, 0, 0, 0, 0, 0, 0),
(2259, 77, 'set3week2', 'Tuesday', '5 / 26', 'Public Works', 8, 0, 0, 0, 0, 0, 0, 1, 0),
(2260, 77, 'set3week3', 'Wednesday', '5 / 27', '', 8, 0, 0, 0, 0, 0, 0, 0, 0),
(2261, 77, 'set3week4', 'Thursday', '5 / 28', '', 8, 0, 0, 0, 0, 0, 0, 0, 0),
(2262, 77, 'set3week5', 'Friday', '5 / 29', '', 8, 0, 0, 0, 0, 0, 0, 0, 0),
(2263, 77, 'set3week6', 'Saturday', '5 / 30', '', 0, 0, 0, 0, 0, 0, 0, 0, 0),
(2264, 77, 'set3week7', 'Sunday', '5 / 31', '', 0, 0, 0, 0, 0, 0, 0, 0, 0),
(2265, 77, 'set4week1', 'Monday', '6 / 1', '', 8, 0, 0, 0, 0, 0, 0, 0, 0),
(2266, 77, 'set4week2', 'Tuesday', '6 / 2', '', 8, 0, 0, 0, 0, 0, 0, 0, 0),
(2267, 77, 'set4week3', 'Wednesday', '6 / 3', '', 8, 0, 0, 0, 0, 0, 0, 0, 0),
(2268, 77, 'set4week4', 'Thursday', '6 / 4', '', 8, 0, 0, 0, 0, 0, 0, 0, 0),
(2269, 77, 'set4week5', 'Friday', '6 / 5', '', 8, 0, 0, 0, 0, 0, 0, 0, 0),
(2270, 77, 'set4week6', 'Saturday', '6 / 6', '', 0, 0, 0, 0, 0, 0, 0, 0, 0),
(2271, 77, 'set4week7', 'Sunday', '6 / 7', '', 0, 0, 0, 0, 0, 0, 0, 0, 0),
(2272, 78, 'set1week1', 'Monday', '6 / 8', '', 8, 0, 0, 0, 0, 0, 0, 0, 0),
(2273, 78, 'set1week2', 'Tuesday', '6 / 9', '', 2, 0, 0, 0, 0, 0, 0, 0, 0),
(2274, 78, 'set1week3', 'Wednesday', '6 / 10', '', 8, 0, 0, 0, 0, 0, 0, 0, 0),
(2275, 78, 'set1week4', 'Thursday', '6 / 11', '', 8, 0, 0, 0, 0, 0, 0, 0, 0),
(2276, 78, 'set1week5', 'Friday', '6 / 12', '', 8, 0, 0, 0, 0, 0, 0, 0, 0),
(2277, 78, 'set1week6', 'Saturday', '6 / 13', '', 0, 0, 0, 0, 0, 0, 0, 0, 0),
(2278, 78, 'set1week7', 'Sunday', '6 / 14', '', 0, 0, 0, 0, 0, 0, 0, 0, 0),
(2279, 78, 'set2week1', 'Monday', '6 / 15', '', 0, 0, 0, 0, 0, 0, 0, 0, 0),
(2280, 78, 'set2week2', 'Tuesday', '6 / 16', '', 0, 0, 0, 0, 0, 0, 0, 0, 0),
(2281, 78, 'set2week3', 'Wednesday', '6 / 17', '', 0, 0, 0, 0, 0, 0, 0, 0, 0),
(2282, 78, 'set2week4', 'Thursday', '6 / 18', '', 0, 0, 0, 0, 0, 0, 0, 0, 0),
(2283, 78, 'set2week5', 'Friday', '6 / 19', '', 0, 0, 0, 0, 0, 0, 0, 0, 0),
(2284, 78, 'set2week6', 'Saturday', '6 / 20', '', 0, 0, 0, 0, 0, 0, 0, 0, 0),
(2285, 78, 'set2week7', 'Sunday', '6 / 21', '', 0, 0, 0, 0, 0, 0, 0, 0, 0),
(2286, 78, 'set3week1', 'Monday', '6 / 22', '', 0, 0, 0, 0, 0, 0, 0, 0, 0),
(2287, 78, 'set3week2', 'Tuesday', '6 / 23', '', 0, 0, 0, 0, 0, 0, 0, 0, 0),
(2288, 78, 'set3week3', 'Wednesday', '6 / 24', '', 0, 0, 0, 0, 0, 0, 0, 0, 0),
(2289, 78, 'set3week4', 'Thursday', '6 / 25', '', 0, 0, 0, 0, 0, 0, 0, 0, 0),
(2290, 78, 'set3week5', 'Friday', '6 / 26', '', 0, 0, 0, 0, 0, 0, 0, 0, 0),
(2291, 78, 'set3week6', 'Saturday', '6 / 27', '', 0, 0, 0, 0, 0, 0, 0, 0, 0),
(2292, 78, 'set3week7', 'Sunday', '6 / 28', '', 0, 0, 0, 0, 0, 0, 0, 0, 0),
(2293, 78, 'set4week1', 'Monday', '6 / 29', '', 0, 0, 0, 0, 0, 0, 0, 0, 0),
(2294, 78, 'set4week2', 'Tuesday', '6 / 30', '', 0, 0, 0, 0, 0, 0, 0, 0, 0),
(2295, 78, 'set4week3', 'Wednesday', '7 / 1', '', 0, 0, 0, 0, 0, 0, 0, 0, 0),
(2296, 78, 'set4week4', 'Thursday', '7 / 2', '', 0, 0, 0, 0, 0, 0, 0, 0, 0),
(2297, 78, 'set4week5', 'Friday', '7 / 3', '', 0, 0, 0, 0, 0, 0, 0, 0, 0),
(2298, 78, 'set4week6', 'Saturday', '7 / 4', '', 0, 0, 0, 0, 0, 0, 0, 0, 0),
(2299, 78, 'set4week7', 'Sunday', '7 / 5', '', 0, 0, 0, 0, 0, 0, 0, 0, 0),
(2300, 78, 'set5week1', 'Monday', '7 / 6', '', 0, 0, 0, 0, 0, 0, 0, 0, 0),
(2301, 78, 'set5week2', 'Tuesday', '7 / 7', '', 0, 0, 0, 0, 0, 0, 0, 0, 0),
(2302, 78, 'set5week3', 'Wednesday', '7 / 8', '', 0, 0, 0, 0, 0, 0, 0, 0, 0),
(2303, 78, 'set5week4', 'Thursday', '7 / 9', '', 0, 0, 0, 0, 0, 0, 0, 0, 0),
(2304, 78, 'set5week5', 'Friday', '7 / 10', '', 0, 0, 0, 0, 0, 0, 0, 0, 0),
(2305, 78, 'set5week6', 'Saturday', '7 / 11', '', 0, 0, 0, 0, 0, 0, 0, 0, 0),
(2306, 78, 'set5week7', 'Sunday', '7 / 12', '', 0, 0, 0, 0, 0, 0, 0, 0, 0),
(2307, 79, 'set1week1', 'Monday', '6 / 8', '', 2, 0, 0, 0, 0, 0, 0, 0, 0),
(2308, 79, 'set1week2', 'Tuesday', '6 / 9', '', 2, 0, 0, 0, 0, 0, 0, 0, 0),
(2309, 79, 'set1week3', 'Wednesday', '6 / 10', '', 1.75, 0, 0, 0, 0, 0, 0, 0, 0),
(2310, 79, 'set1week4', 'Thursday', '6 / 11', '', 1.75, 0, 0, 0, 0, 0, 0, 0, 0),
(2311, 79, 'set1week5', 'Friday', '6 / 12', '', 0, 0, 0, 0, 0, 0, 0, 0, 0),
(2312, 79, 'set1week6', 'Saturday', '6 / 13', '', 1.75, 0, 0, 0, 0, 0, 0, 0, 0),
(2313, 79, 'set1week7', 'Sunday', '6 / 14', '', 0, 0, 0, 0, 0, 0, 0, 0, 0),
(2314, 79, 'set2week1', 'Monday', '6 / 15', '', 0, 0, 0, 0, 0, 0, 0, 0, 0),
(2315, 79, 'set2week2', 'Tuesday', '6 / 16', '', 2, 0, 0, 0, 0, 0, 0, 0, 0),
(2316, 79, 'set2week3', 'Wednesday', '6 / 17', '', 2, 0, 0, 0, 0, 0, 0, 0, 0),
(2317, 79, 'set2week4', 'Thursday', '6 / 18', '', 2, 0, 0, 0, 0, 0, 0, 0, 0),
(2318, 79, 'set2week5', 'Friday', '6 / 19', '', 2, 0, 0, 0, 0, 0, 0, 0, 0),
(2319, 79, 'set2week6', 'Saturday', '6 / 20', '', 2, 0, 0, 0, 0, 0, 0, 0, 0),
(2320, 79, 'set2week7', 'Sunday', '6 / 21', '', 0, 0, 0, 0, 0, 0, 0, 0, 0),
(2321, 79, 'set3week1', 'Monday', '6 / 22', '', 0, 0, 0, 0, 0, 0, 0, 0, 0),
(2322, 79, 'set3week2', 'Tuesday', '6 / 23', '', 2, 0, 0, 0, 0, 0, 0, 0, 0),
(2323, 79, 'set3week3', 'Wednesday', '6 / 24', '', 1.75, 0, 0, 0, 0, 0, 0, 0, 0),
(2324, 79, 'set3week4', 'Thursday', '6 / 25', '', 1.75, 0, 0, 0, 0, 0, 0, 0, 0),
(2325, 79, 'set3week5', 'Friday', '6 / 26', '', 1.75, 0, 0, 0, 0, 0, 0, 0, 0),
(2326, 79, 'set3week6', 'Saturday', '6 / 27', '', 0, 0, 0, 0, 0, 0, 0, 0, 0),
(2327, 79, 'set3week7', 'Sunday', '6 / 28', '', 1.75, 0, 0, 0, 0, 0, 0, 0, 0),
(2328, 79, 'set4week1', 'Monday', '6 / 29', '', 0, 0, 0, 0, 0, 0, 0, 0, 0),
(2329, 79, 'set4week2', 'Tuesday', '6 / 30', '', 0, 0, 0, 0, 0, 0, 0, 0, 0),
(2330, 79, 'set4week3', 'Wednesday', '7 / 1', '', 0, 0, 0, 0, 0, 0, 0, 0, 0),
(2331, 79, 'set4week4', 'Thursday', '7 / 2', '', 1.75, 0, 0, 0, 0, 0, 0, 0, 0),
(2332, 79, 'set4week5', 'Friday', '7 / 3', '', 1.5, 0, 0, 0, 0, 0, 0, 0, 0),
(2333, 79, 'set4week6', 'Saturday', '7 / 4', '', 1.5, 0, 0, 0, 0, 0, 0, 0, 0),
(2334, 79, 'set4week7', 'Sunday', '7 / 5', '', 1.5, 0, 0, 0, 0, 0, 0, 0, 0),
(2335, 79, 'set5week1', 'Monday', '7 / 6', '', 0, 0, 0, 0, 0, 0, 0, 0, 0),
(2336, 79, 'set5week2', 'Tuesday', '7 / 7', '', 2, 0, 0, 0, 0, 0, 0, 0, 0),
(2337, 79, 'set5week3', 'Wednesday', '7 / 8', '', 1.5, 0, 0, 0, 0, 0, 0, 0, 0),
(2338, 79, 'set5week4', 'Thursday', '7 / 9', '', 1.5, 0, 0, 0, 0, 0, 0, 0, 0),
(2339, 79, 'set5week5', 'Friday', '7 / 10', '', 1.5, 0, 0, 0, 0, 0, 0, 0, 0),
(2340, 79, 'set5week6', 'Saturday', '7 / 11', '', 1.5, 0, 0, 0, 0, 0, 0, 0, 0),
(2341, 79, 'set5week7', 'Sunday', '7 / 12', '', 0, 0, 0, 0, 0, 0, 0, 0, 0),
(2342, 80, 'set1week1', 'Monday', '6 / 8', '', 8, 0, 0, 0, 0, 0, 0, 0, 0),
(2343, 80, 'set1week2', 'Tuesday', '6 / 9', '', 8, 0, 0, 0, 0, 0, 0, 0, 0),
(2344, 80, 'set1week3', 'Wednesday', '6 / 10', '', 8, 0, 0, 0, 0, 0, 0, 0, 0),
(2345, 80, 'set1week4', 'Thursday', '6 / 11', '', 8, 0, 0, 0, 0, 0, 0, 0, 0),
(2346, 80, 'set1week5', 'Friday', '6 / 12', '', 8, 0, 0, 0, 0, 0, 0, 0, 0),
(2347, 80, 'set1week6', 'Saturday', '6 / 13', '', 0, 0, 0, 0, 0, 0, 0, 0, 0),
(2348, 80, 'set1week7', 'Sunday', '6 / 14', '', 0, 0, 0, 0, 0, 0, 0, 0, 0),
(2349, 80, 'set2week1', 'Monday', '6 / 15', '', 8, 0, 0, 0, 0, 0, 0, 0, 0),
(2350, 80, 'set2week2', 'Tuesday', '6 / 16', '', 0, 0, 0, 0, 0, 8, 0, 0, 0),
(2351, 80, 'set2week3', 'Wednesday', '6 / 17', '', 8, 0, 0, 0, 0, 0, 0, 0, 0),
(2352, 80, 'set2week4', 'Thursday', '6 / 18', '', 8, 0, 0, 0, 0, 0, 0, 0, 0),
(2353, 80, 'set2week5', 'Friday', '6 / 19', '', 8, 0, 0, 0, 0, 0, 0, 0, 0),
(2354, 80, 'set2week6', 'Saturday', '6 / 20', '', 0, 0, 0, 0, 0, 0, 0, 0, 0),
(2355, 80, 'set2week7', 'Sunday', '6 / 21', '', 0, 0, 0, 0, 0, 0, 0, 0, 0),
(2356, 80, 'set3week1', 'Monday', '6 / 22', '', 8, 0, 0, 0, 0, 0, 0, 0, 0),
(2357, 80, 'set3week2', 'Tuesday', '6 / 23', '', 8, 0, 0, 0, 0, 0, 0, 0, 0),
(2358, 80, 'set3week3', 'Wednesday', '6 / 24', '', 8, 0, 0, 0, 0, 0, 0, 0, 0),
(2359, 80, 'set3week4', 'Thursday', '6 / 25', '', 8, 0, 0, 0, 0, 0, 0, 0, 0),
(2360, 80, 'set3week5', 'Friday', '6 / 26', '', 8, 0, 0, 0, 0, 0, 0, 0, 0),
(2361, 80, 'set3week6', 'Saturday', '6 / 27', '', 0, 0, 0, 0, 0, 0, 0, 0, 0),
(2362, 80, 'set3week7', 'Sunday', '6 / 28', '', 0, 0, 0, 0, 0, 0, 0, 0, 0),
(2363, 80, 'set4week1', 'Monday', '6 / 29', '', 8, 0, 0, 0, 0, 0, 0, 0, 0),
(2364, 80, 'set4week2', 'Tuesday', '6 / 30', '', 8, 0, 0, 0, 0, 0, 0, 0, 0),
(2365, 80, 'set4week3', 'Wednesday', '7 / 1', '', 8, 0, 0, 0, 0, 0, 0, 0, 0),
(2366, 80, 'set4week4', 'Thursday', '7 / 2', '', 0, 0, 0, 0, 0, 8, 0, 0, 0),
(2367, 80, 'set4week5', 'Friday', '7 / 3', '', 0, 8, 0, 0, 0, 0, 0, 0, 0),
(2368, 80, 'set4week6', 'Saturday', '7 / 4', '', 0, 0, 0, 0, 0, 0, 0, 0, 0),
(2369, 80, 'set4week7', 'Sunday', '7 / 5', '', 0, 0, 0, 0, 0, 0, 0, 0, 0),
(2370, 80, 'set5week1', 'Monday', '7 / 6', '', 0, 0, 0, 0, 0, 8, 0, 0, 0),
(2371, 80, 'set5week2', 'Tuesday', '7 / 7', '', 0, 0, 0, 0, 0, 8, 0, 0, 0),
(2372, 80, 'set5week3', 'Wednesday', '7 / 8', '', 0, 0, 0, 0, 0, 8, 0, 0, 0),
(2373, 80, 'set5week4', 'Thursday', '7 / 9', '', 0, 0, 0, 0, 0, 8, 0, 0, 0),
(2374, 80, 'set5week5', 'Friday', '7 / 10', '', 0, 0, 0, 0, 0, 8, 0, 0, 0),
(2375, 80, 'set5week6', 'Saturday', '7 / 11', '', 0, 0, 0, 0, 0, 0, 0, 0, 0),
(2376, 80, 'set5week7', 'Sunday', '7 / 12', '', 0, 0, 0, 0, 0, 0, 0, 0, 0),
(2377, 81, 'set1week1', 'Monday', '6 / 8', '', 0, 0, 0, 0, 0, 0, 0, 0, 0),
(2378, 81, 'set1week2', 'Tuesday', '6 / 9', '', 8, 0, 0, 0, 0, 0, 0, 0, 0),
(2379, 81, 'set1week3', 'Wednesday', '6 / 10', '', 8, 0, 0, 0, 0, 0, 0, 0, 0),
(2380, 81, 'set1week4', 'Thursday', '6 / 11', '', 8, 0, 0, 0, 0, 0, 0, 0, 0),
(2381, 81, 'set1week5', 'Friday', '6 / 12', '', 8, 0, 0, 0, 0, 0, 0, 0, 0),
(2382, 81, 'set1week6', 'Saturday', '6 / 13', '', 0, 0, 0, 0, 0, 0, 0, 0, 0),
(2383, 81, 'set1week7', 'Sunday', '6 / 14', '', 0, 0, 0, 0, 0, 0, 0, 0, 0),
(2384, 81, 'set2week1', 'Monday', '6 / 15', '', 8, 0, 0, 0, 0, 0, 0, 0, 0),
(2385, 81, 'set2week2', 'Tuesday', '6 / 16', '', 8, 0, 0, 0, 0, 0, 0, 0, 0),
(2386, 81, 'set2week3', 'Wednesday', '6 / 17', '', 8, 0, 0, 0, 0, 0, 0, 0, 0),
(2387, 81, 'set2week4', 'Thursday', '6 / 18', '', 8, 0, 0, 0, 0, 0, 0, 0, 0),
(2388, 81, 'set2week5', 'Friday', '6 / 19', '', 8, 0, 0, 0, 0, 0, 0, 0, 0),
(2389, 81, 'set2week6', 'Saturday', '6 / 20', '', 0, 0, 0, 0, 0, 0, 0, 0, 0),
(2390, 81, 'set2week7', 'Sunday', '6 / 21', '', 0, 0, 0, 0, 0, 0, 0, 0, 0),
(2391, 81, 'set3week1', 'Monday', '6 / 22', '', 8, 0, 0, 0, 0, 0, 0, 0, 0),
(2392, 81, 'set3week2', 'Tuesday', '6 / 23', 'sick', 0, 0, 0, 0, 0, 0, 0, 0, 0),
(2393, 81, 'set3week3', 'Wednesday', '6 / 24', '', 8, 0, 0, 0, 0, 0, 0, 0, 0),
(2394, 81, 'set3week4', 'Thursday', '6 / 25', '', 8, 0, 0, 0, 0, 0, 0, 0, 0),
(2395, 81, 'set3week5', 'Friday', '6 / 26', '', 8, 0, 0, 0, 0, 0, 0, 0, 0),
(2396, 81, 'set3week6', 'Saturday', '6 / 27', '', 0, 0, 0, 0, 0, 0, 0, 0, 0),
(2397, 81, 'set3week7', 'Sunday', '6 / 28', '', 0, 0, 0, 0, 0, 0, 0, 0, 0),
(2398, 81, 'set4week1', 'Monday', '6 / 29', '', 8, 0, 0, 0, 0, 0, 0, 0, 0),
(2399, 81, 'set4week2', 'Tuesday', '6 / 30', '', 8, 0, 0, 0, 0, 0, 0, 0, 0),
(2400, 81, 'set4week3', 'Wednesday', '7 / 1', '', 8, 0, 0, 0, 0, 0, 0, 0, 0),
(2401, 81, 'set4week4', 'Thursday', '7 / 2', '', 8, 0, 0, 0, 0, 0, 0, 0, 0),
(2402, 81, 'set4week5', 'Friday', '7 / 3', 'hol', 0, 0, 0, 0, 0, 0, 0, 0, 0),
(2403, 81, 'set4week6', 'Saturday', '7 / 4', '', 0, 0, 0, 0, 0, 0, 0, 0, 0),
(2404, 81, 'set4week7', 'Sunday', '7 / 5', '', 0, 0, 0, 0, 0, 0, 0, 0, 0),
(2405, 81, 'set5week1', 'Monday', '7 / 6', '', 8, 0, 0, 0, 0, 0, 0, 0, 0),
(2406, 81, 'set5week2', 'Tuesday', '7 / 7', '', 7, 0, 0, 0, 0, 0, 0, 0, 0),
(2407, 81, 'set5week3', 'Wednesday', '7 / 8', '', 8, 0, 0, 0, 0, 0, 0, 0, 0),
(2408, 81, 'set5week4', 'Thursday', '7 / 9', '', 8, 0, 0, 0, 0, 0, 0, 0, 0),
(2409, 81, 'set5week5', 'Friday', '7 / 10', '', 8, 0, 0, 0, 0, 0, 0, 0, 0),
(2410, 81, 'set5week6', 'Saturday', '7 / 11', '', 0, 0, 0, 0, 0, 0, 0, 0, 0),
(2411, 81, 'set5week7', 'Sunday', '7 / 12', '', 0, 0, 0, 0, 0, 0, 0, 0, 0),
(2412, 82, 'set1week1', 'Monday', '6 / 8', '', 0, 0, 0, 0, 0, 0, 0, 0, 0),
(2413, 82, 'set1week2', 'Tuesday', '6 / 9', '', 0, 0, 0, 0, 0, 0, 0, 0, 0),
(2414, 82, 'set1week3', 'Wednesday', '6 / 10', '', 0, 0, 0, 0, 0, 0, 0, 0, 0),
(2415, 82, 'set1week4', 'Thursday', '6 / 11', '', 0, 0, 0, 0, 0, 0, 0, 0, 0),
(2416, 82, 'set1week5', 'Friday', '6 / 12', '', 0, 0, 0, 0, 0, 0, 0, 0, 0),
(2417, 82, 'set1week6', 'Saturday', '6 / 13', '', 0, 0, 0, 0, 0, 0, 0, 0, 0),
(2418, 82, 'set1week7', 'Sunday', '6 / 14', '', 0, 0, 0, 0, 0, 0, 0, 0, 0),
(2419, 82, 'set2week1', 'Monday', '6 / 15', '', 0, 0, 0, 0, 0, 0, 0, 0, 0),
(2420, 82, 'set2week2', 'Tuesday', '6 / 16', '', 2, 0, 0, 0, 0, 0, 0, 0, 0),
(2421, 82, 'set2week3', 'Wednesday', '6 / 17', '', 8, 0, 0, 0, 0, 0, 0, 0, 0),
(2422, 82, 'set2week4', 'Thursday', '6 / 18', '', 8, 0, 0, 0, 0, 0, 0, 0, 0),
(2423, 82, 'set2week5', 'Friday', '6 / 19', '', 8, 0, 0, 0, 0, 0, 0, 0, 0),
(2424, 82, 'set2week6', 'Saturday', '6 / 20', '', 0, 0, 0, 0, 0, 0, 0, 0, 0),
(2425, 82, 'set2week7', 'Sunday', '6 / 21', '', 0, 0, 0, 0, 0, 0, 0, 0, 0),
(2426, 82, 'set3week1', 'Monday', '6 / 22', '', 8, 0, 0, 0, 0, 0, 0, 0, 0),
(2427, 82, 'set3week2', 'Tuesday', '6 / 23', '', 8, 0, 0, 0, 0, 0, 0, 0, 0),
(2428, 82, 'set3week3', 'Wednesday', '6 / 24', '', 8, 0, 0, 0, 0, 0, 0, 0, 0),
(2429, 82, 'set3week4', 'Thursday', '6 / 25', '', 8, 0, 0, 0, 0, 0, 0, 0, 0),
(2430, 82, 'set3week5', 'Friday', '6 / 26', '', 0, 0, 0, 0, 0, 0, 0, 0, 0),
(2431, 82, 'set3week6', 'Saturday', '6 / 27', '', 0, 0, 0, 0, 0, 0, 0, 0, 0),
(2432, 82, 'set3week7', 'Sunday', '6 / 28', '', 0, 0, 0, 0, 0, 0, 0, 0, 0),
(2433, 82, 'set4week1', 'Monday', '6 / 29', '', 8, 0, 0, 0, 0, 0, 0, 0, 0),
(2434, 82, 'set4week2', 'Tuesday', '6 / 30', '', 8, 0, 0, 0, 0, 0, 0, 0, 0),
(2435, 82, 'set4week3', 'Wednesday', '7 / 1', '', 8, 0, 0, 0, 0, 0, 0, 0, 0),
(2436, 82, 'set4week4', 'Thursday', '7 / 2', '', 8, 0, 0, 0, 0, 0, 0, 0, 0),
(2437, 82, 'set4week5', 'Friday', '7 / 3', '', 0, 0, 0, 0, 0, 0, 0, 0, 0),
(2438, 82, 'set4week6', 'Saturday', '7 / 4', '', 0, 0, 0, 0, 0, 0, 0, 0, 0),
(2439, 82, 'set4week7', 'Sunday', '7 / 5', '', 0, 0, 0, 0, 0, 0, 0, 0, 0),
(2440, 82, 'set5week1', 'Monday', '7 / 6', '', 8, 0, 0, 0, 0, 0, 0, 0, 0),
(2441, 82, 'set5week2', 'Tuesday', '7 / 7', '', 0, 0, 0, 0, 0, 0, 0, 0, 0),
(2442, 82, 'set5week3', 'Wednesday', '7 / 8', '', 8, 0, 0, 0, 0, 0, 0, 0, 0),
(2443, 82, 'set5week4', 'Thursday', '7 / 9', '', 8, 0, 0, 0, 0, 0, 0, 0, 0),
(2444, 82, 'set5week5', 'Friday', '7 / 10', '', 0, 0, 0, 0, 0, 0, 0, 0, 0),
(2445, 82, 'set5week6', 'Saturday', '7 / 11', '', 0, 0, 0, 0, 0, 0, 0, 0, 0),
(2446, 82, 'set5week7', 'Sunday', '7 / 12', '', 0, 0, 0, 0, 0, 0, 0, 0, 0),
(2447, 83, 'set1week1', 'Monday', '6 / 8', '', 0, 0, 0, 0, 0, 0, 0, 0, 0),
(2448, 83, 'set1week2', 'Tuesday', '6 / 9', '', 0, 0, 0, 0, 0, 0, 0, 0, 0),
(2449, 83, 'set1week3', 'Wednesday', '6 / 10', '', 0, 0, 0, 0, 0, 0, 0, 0, 0),
(2450, 83, 'set1week4', 'Thursday', '6 / 11', '', 0, 0, 0, 0, 0, 0, 0, 0, 0),
(2451, 83, 'set1week5', 'Friday', '6 / 12', '', 0, 0, 0, 0, 0, 0, 0, 0, 0),
(2452, 83, 'set1week6', 'Saturday', '6 / 13', '', 0, 0, 0, 0, 0, 0, 0, 0, 0),
(2453, 83, 'set1week7', 'Sunday', '6 / 14', '', 0, 0, 0, 0, 0, 0, 0, 0, 0),
(2454, 83, 'set2week1', 'Monday', '6 / 15', '', 0, 0, 0, 0, 0, 0, 0, 0, 0),
(2455, 83, 'set2week2', 'Tuesday', '6 / 16', '', 0, 0, 0, 0, 0, 0, 0, 0, 0),
(2456, 83, 'set2week3', 'Wednesday', '6 / 17', '', 0, 0, 0, 0, 0, 0, 0, 0, 0),
(2457, 83, 'set2week4', 'Thursday', '6 / 18', '', 0, 0, 0, 0, 0, 0, 0, 0, 0),
(2458, 83, 'set2week5', 'Friday', '6 / 19', '', 0, 0, 0, 0, 0, 0, 0, 0, 0),
(2459, 83, 'set2week6', 'Saturday', '6 / 20', '', 0, 0, 0, 0, 0, 0, 0, 0, 0),
(2460, 83, 'set2week7', 'Sunday', '6 / 21', '', 0, 0, 0, 0, 0, 0, 0, 0, 0),
(2461, 83, 'set3week1', 'Monday', '6 / 22', '', 0, 0, 0, 0, 0, 0, 0, 0, 0),
(2462, 83, 'set3week2', 'Tuesday', '6 / 23', '', 0, 0, 0, 0, 0, 0, 0, 0, 0),
(2463, 83, 'set3week3', 'Wednesday', '6 / 24', '', 8, 0, 0, 0, 0, 0, 0, 0, 0),
(2464, 83, 'set3week4', 'Thursday', '6 / 25', '', 8, 0, 0, 0, 0, 0, 0, 0, 0),
(2465, 83, 'set3week5', 'Friday', '6 / 26', '', 8, 0, 0, 0, 0, 0, 0, 0, 0),
(2466, 83, 'set3week6', 'Saturday', '6 / 27', '', 0, 0, 0, 0, 0, 0, 0, 0, 0),
(2467, 83, 'set3week7', 'Sunday', '6 / 28', '', 0, 0, 0, 0, 0, 0, 0, 0, 0),
(2468, 83, 'set4week1', 'Monday', '6 / 29', '', 8, 0, 0, 0, 0, 0, 0, 0, 0),
(2469, 83, 'set4week2', 'Tuesday', '6 / 30', '', 8, 0, 0, 0, 0, 0, 0, 0, 0),
(2470, 83, 'set4week3', 'Wednesday', '7 / 1', '', 8, 0, 0, 0, 0, 0, 0, 0, 0),
(2471, 83, 'set4week4', 'Thursday', '7 / 2', '', 8, 0, 0, 0, 0, 0, 0, 0, 0),
(2472, 83, 'set4week5', 'Friday', '7 / 3', 'hol', 0, 0, 0, 0, 0, 0, 0, 0, 0),
(2473, 83, 'set4week6', 'Saturday', '7 / 4', '', 0, 0, 0, 0, 0, 0, 0, 0, 0),
(2474, 83, 'set4week7', 'Sunday', '7 / 5', '', 0, 0, 0, 0, 0, 0, 0, 0, 0),
(2475, 83, 'set5week1', 'Monday', '7 / 6', '', 7, 0, 0, 0, 0, 0, 0, 0, 0),
(2476, 83, 'set5week2', 'Tuesday', '7 / 7', '', 6, 0, 0, 0, 0, 0, 0, 0, 0),
(2477, 83, 'set5week3', 'Wednesday', '7 / 8', '', 7, 0, 0, 0, 0, 0, 0, 0, 0),
(2478, 83, 'set5week4', 'Thursday', '7 / 9', '', 5, 0, 0, 0, 0, 0, 0, 0, 0),
(2479, 83, 'set5week5', 'Friday', '7 / 10', '', 8, 0, 0, 0, 0, 0, 0, 0, 0),
(2480, 83, 'set5week6', 'Saturday', '7 / 11', '', 0, 0, 0, 0, 0, 0, 0, 0, 0),
(2481, 83, 'set5week7', 'Sunday', '7 / 12', '', 0, 0, 0, 0, 0, 0, 0, 0, 0),
(2482, 84, 'set1week1', 'Monday', '7 / 13', '', 8, 0, 0, 0, 0, 0, 0, 0, 0),
(2483, 84, 'set1week2', 'Tuesday', '7 / 14', '', 8, 0, 0, 0, 0, 0, 0, 0, 0),
(2484, 84, 'set1week3', 'Wednesday', '7 / 15', 'bismark ', 8, 0, 0, 4, 0, 0, 0, 0, 0),
(2485, 84, 'set1week4', 'Thursday', '7 / 16', '', 8, 0, 0, 0, 0, 0, 0, 0, 0),
(2486, 84, 'set1week5', 'Friday', '7 / 17', '', 0, 0, 0, 0, 0, 8, 0, 0, 0),
(2487, 84, 'set1week6', 'Saturday', '7 / 18', '', 0, 0, 0, 0, 0, 0, 0, 0, 0),
(2488, 84, 'set1week7', 'Sunday', '7 / 19', '', 0, 0, 0, 0, 0, 0, 0, 0, 0),
(2489, 84, 'set2week1', 'Monday', '7 / 20', '', 8, 0, 0, 0, 0, 0, 0, 0, 0),
(2490, 84, 'set2week2', 'Tuesday', '7 / 21', '', 8, 0, 0, 0, 0, 0, 0, 0, 0),
(2491, 84, 'set2week3', 'Wednesday', '7 / 22', '', 8, 0, 0, 0, 0, 0, 0, 0, 0),
(2492, 84, 'set2week4', 'Thursday', '7 / 23', '', 8, 0, 0, 0, 0, 0, 0, 0, 0),
(2493, 84, 'set2week5', 'Friday', '7 / 24', '', 8, 0, 0, 0, 0, 0, 0, 0, 0),
(2494, 84, 'set2week6', 'Saturday', '7 / 25', '', 0, 0, 0, 0, 0, 0, 0, 0, 0),
(2495, 84, 'set2week7', 'Sunday', '7 / 26', '', 0, 0, 0, 0, 0, 0, 0, 0, 0),
(2496, 84, 'set3week1', 'Monday', '7 / 27', '', 8, 0, 0, 0, 0, 0, 0, 0, 0),
(2497, 84, 'set3week2', 'Tuesday', '7 / 28', '', 8, 0, 0, 0, 0, 0, 0, 0, 0),
(2498, 84, 'set3week3', 'Wednesday', '7 / 29', '', 8, 0, 0, 0, 0, 0, 0, 0, 0),
(2499, 84, 'set3week4', 'Thursday', '7 / 30', '', 8, 0, 0, 0, 0, 0, 0, 0, 0),
(2500, 84, 'set3week5', 'Friday', '7 / 31', '', 8, 0, 0, 0, 0, 0, 0, 0, 0),
(2501, 84, 'set3week6', 'Saturday', '8 / 1', '', 0, 0, 0, 0, 0, 0, 0, 0, 0),
(2502, 84, 'set3week7', 'Sunday', '8 / 2', '', 0, 0, 0, 0, 0, 0, 0, 0, 0),
(2503, 84, 'set4week1', 'Monday', '8 / 3', '', 8, 0, 0, 0, 0, 0, 0, 0, 0),
(2504, 84, 'set4week2', 'Tuesday', '8 / 4', '', 8, 0, 0, 0, 0, 0, 0, 0, 0),
(2505, 84, 'set4week3', 'Wednesday', '8 / 5', '', 8, 0, 0, 0, 0, 0, 0, 0, 0),
(2506, 84, 'set4week4', 'Thursday', '8 / 6', '', 8, 0, 0, 0, 0, 0, 0, 0, 0),
(2507, 84, 'set4week5', 'Friday', '8 / 7', '', 0, 0, 0, 0, 0, 0, 8, 0, 0),
(2508, 84, 'set4week6', 'Saturday', '8 / 8', '', 0, 0, 0, 0, 0, 0, 0, 0, 0),
(2509, 84, 'set4week7', 'Sunday', '8 / 9', '', 0, 0, 0, 0, 0, 0, 0, 0, 0),
(2510, 85, 'set1week1', 'Monday', '6 / 8', '', 8, 0, 0, 0, 0, 0, 0, 0, 0),
(2511, 85, 'set1week2', 'Tuesday', '6 / 9', 'Public Works', 8, 0, 0, 0, 0, 0, 0, 1, 0),
(2512, 85, 'set1week3', 'Wednesday', '6 / 10', '', 8, 0, 0, 0, 0, 0, 0, 0, 0),
(2513, 85, 'set1week4', 'Thursday', '6 / 11', '', 8, 0, 0, 0, 0, 0, 0, 0, 0),
(2514, 85, 'set1week5', 'Friday', '6 / 12', '', 8, 0, 0, 0, 0, 0, 0, 0, 0),
(2515, 85, 'set1week6', 'Saturday', '6 / 13', '', 0, 0, 0, 0, 0, 0, 0, 0, 0),
(2516, 85, 'set1week7', 'Sunday', '6 / 14', '', 0, 0, 0, 0, 0, 0, 0, 0, 0),
(2517, 85, 'set2week1', 'Monday', '6 / 15', 'City Council', 8, 0, 0, 0, 0, 0, 0, 1.5, 0),
(2518, 85, 'set2week2', 'Tuesday', '6 / 16', '', 8, 0, 0, 0, 0, 0, 0, 0, 0),
(2519, 85, 'set2week3', 'Wednesday', '6 / 17', '', 8, 0, 0, 0, 0, 0, 0, 0, 0),
(2520, 85, 'set2week4', 'Thursday', '6 / 18', '', 8, 0, 0, 0, 0, 0, 0, 0, 0),
(2521, 85, 'set2week5', 'Friday', '6 / 19', '', 8, 0, 0, 0, 0, 0, 0, 0, 0),
(2522, 85, 'set2week6', 'Saturday', '6 / 20', '', 0, 0, 0, 0, 0, 0, 0, 0, 0),
(2523, 85, 'set2week7', 'Sunday', '6 / 21', '', 0, 0, 0, 0, 0, 0, 0, 0, 0),
(2524, 85, 'set3week1', 'Monday', '6 / 22', '', 8, 0, 0, 0, 0, 0, 0, 0, 0),
(2525, 85, 'set3week2', 'Tuesday', '6 / 23', 'Public Works', 8, 0, 0, 0, 0, 0, 0, 1, 0),
(2526, 85, 'set3week3', 'Wednesday', '6 / 24', '', 8, 0, 0, 0, 0, 0, 0, 0, 0),
(2527, 85, 'set3week4', 'Thursday', '6 / 25', '', 8, 0, 0, 0, 0, 0, 0, 0, 0),
(2528, 85, 'set3week5', 'Friday', '6 / 26', '', 8, 0, 0, 0, 0, 0, 0, 0, 0),
(2529, 85, 'set3week6', 'Saturday', '6 / 27', '', 0, 0, 0, 0, 0, 0, 0, 0, 0),
(2530, 85, 'set3week7', 'Sunday', '6 / 28', '', 0, 0, 0, 0, 0, 0, 0, 0, 0),
(2531, 85, 'set4week1', 'Monday', '6 / 29', '', 8, 0, 0, 0, 0, 0, 0, 0, 0),
(2532, 85, 'set4week2', 'Tuesday', '6 / 30', 'Public Works', 8, 0, 0, 0, 0, 0, 0, 1, 0),
(2533, 85, 'set4week3', 'Wednesday', '7 / 1', '', 8, 0, 0, 0, 0, 0, 0, 0, 0),
(2534, 85, 'set4week4', 'Thursday', '7 / 2', '', 8, 0, 0, 0, 0, 0, 0, 0, 0),
(2535, 85, 'set4week5', 'Friday', '7 / 3', '', 0, 8, 0, 0, 0, 0, 0, 0, 0),
(2536, 85, 'set4week6', 'Saturday', '7 / 4', '', 0, 0, 0, 0, 0, 0, 0, 0, 0),
(2537, 85, 'set4week7', 'Sunday', '7 / 5', '', 0, 0, 0, 0, 0, 0, 0, 0, 0),
(2538, 85, 'set5week1', 'Monday', '7 / 6', 'City Council', 8, 0, 0, 0, 0, 0, 0, 1.5, 0),
(2539, 85, 'set5week2', 'Tuesday', '7 / 7', '', 8, 0, 0, 0, 0, 0, 0, 0, 0),
(2540, 85, 'set5week3', 'Wednesday', '7 / 8', '', 8, 0, 0, 0, 0, 0, 0, 0, 0),
(2541, 85, 'set5week4', 'Thursday', '7 / 9', '', 8, 0, 0, 0, 0, 0, 0, 0, 0),
(2542, 85, 'set5week5', 'Friday', '7 / 10', '', 7, 0, 0, 0, 0, 0, 0, 0, 1),
(2543, 85, 'set5week6', 'Saturday', '7 / 11', '', 0, 0, 0, 0, 0, 0, 0, 0, 0),
(2544, 85, 'set5week7', 'Sunday', '7 / 12', '', 0, 0, 0, 0, 0, 0, 0, 0, 0),
(2545, 86, 'set1week1', 'Monday', '7 / 13', '', 1.5, 0, 0, 0, 0, 0, 0, 0, 0),
(2546, 86, 'set1week2', 'Tuesday', '7 / 14', '', 0, 0, 0, 0, 0, 0, 0, 0, 0),
(2547, 86, 'set1week3', 'Wednesday', '7 / 15', '', 1.5, 0, 0, 0, 0, 0, 0, 0, 0),
(2548, 86, 'set1week4', 'Thursday', '7 / 16', '', 1.5, 0, 0, 0, 0, 0, 0, 0, 0),
(2549, 86, 'set1week5', 'Friday', '7 / 17', '', 1.5, 0, 0, 0, 0, 0, 0, 0, 0),
(2550, 86, 'set1week6', 'Saturday', '7 / 18', '', 1.5, 0, 0, 0, 0, 0, 0, 0, 0),
(2551, 86, 'set1week7', 'Sunday', '7 / 19', '', 1.5, 0, 0, 0, 0, 0, 0, 0, 0),
(2552, 86, 'set2week1', 'Monday', '7 / 20', '', 1.5, 0, 0, 0, 0, 0, 0, 0, 0),
(2553, 86, 'set2week2', 'Tuesday', '7 / 21', '', 1.5, 0, 0, 0, 0, 0, 0, 0, 0),
(2554, 86, 'set2week3', 'Wednesday', '7 / 22', '', 0, 0, 0, 0, 0, 0, 0, 0, 0),
(2555, 86, 'set2week4', 'Thursday', '7 / 23', '', 1.5, 0, 0, 0, 0, 0, 0, 0, 0),
(2556, 86, 'set2week5', 'Friday', '7 / 24', '', 1.5, 0, 0, 0, 0, 0, 0, 0, 0),
(2557, 86, 'set2week6', 'Saturday', '7 / 25', '', 0, 0, 0, 0, 0, 0, 0, 0, 0),
(2558, 86, 'set2week7', 'Sunday', '7 / 26', '', 2, 0, 0, 0, 0, 0, 0, 0, 0),
(2559, 86, 'set3week1', 'Monday', '7 / 27', '', 1.5, 0, 0, 0, 0, 0, 0, 0, 0),
(2560, 86, 'set3week2', 'Tuesday', '7 / 28', '', 1.5, 0, 0, 0, 0, 0, 0, 0, 0),
(2561, 86, 'set3week3', 'Wednesday', '7 / 29', '', 0, 0, 0, 0, 0, 0, 0, 0, 0),
(2562, 86, 'set3week4', 'Thursday', '7 / 30', '', 1.5, 0, 0, 0, 0, 0, 0, 0, 0),
(2563, 86, 'set3week5', 'Friday', '7 / 31', '', 1.5, 0, 0, 0, 0, 0, 0, 0, 0),
(2564, 86, 'set3week6', 'Saturday', '8 / 1', '', 1.5, 0, 0, 0, 0, 0, 0, 0, 0),
(2565, 86, 'set3week7', 'Sunday', '8 / 2', '', 1.5, 0, 0, 0, 0, 0, 0, 0, 0),
(2566, 86, 'set4week1', 'Monday', '8 / 3', '', 0, 0, 0, 0, 0, 0, 0, 0, 0),
(2567, 86, 'set4week2', 'Tuesday', '8 / 4', '', 1.5, 0, 0, 0, 0, 0, 0, 0, 0),
(2568, 86, 'set4week3', 'Wednesday', '8 / 5', '', 1.5, 0, 0, 0, 0, 0, 0, 0, 0),
(2569, 86, 'set4week4', 'Thursday', '8 / 6', '', 0, 0, 0, 0, 0, 0, 0, 0, 0),
(2570, 86, 'set4week5', 'Friday', '8 / 7', '', 1.5, 0, 0, 0, 0, 0, 0, 0, 0),
(2571, 86, 'set4week6', 'Saturday', '8 / 8', '', 1.5, 0, 0, 0, 0, 0, 0, 0, 0),
(2572, 86, 'set4week7', 'Sunday', '8 / 9', '', 1.5, 0, 0, 0, 0, 0, 0, 0, 0),
(2573, 87, 'set1week1', 'Monday', '7 / 13', '', 8, 0, 0, 0, 0, 0, 0, 0, 0),
(2574, 87, 'set1week2', 'Tuesday', '7 / 14', '', 8, 0, 0, 0, 0, 0, 0, 0, 0),
(2575, 87, 'set1week3', 'Wednesday', '7 / 15', '', 8, 0, 0, 0, 0, 0, 0, 0, 0),
(2576, 87, 'set1week4', 'Thursday', '7 / 16', '', 8, 0, 0, 0, 0, 0, 0, 0, 0),
(2577, 87, 'set1week5', 'Friday', '7 / 17', '', 8, 0, 0, 0, 0, 0, 0, 0, 0),
(2578, 87, 'set1week6', 'Saturday', '7 / 18', '', 0, 0, 0, 0, 0, 0, 0, 0, 0),
(2579, 87, 'set1week7', 'Sunday', '7 / 19', '', 0, 0, 0, 0, 0, 0, 0, 0, 0),
(2580, 87, 'set2week1', 'Monday', '7 / 20', '', 8, 0, 0, 0, 0, 0, 0, 0, 0),
(2581, 87, 'set2week2', 'Tuesday', '7 / 21', '', 8, 0, 0, 0, 0, 0, 0, 0, 0),
(2582, 87, 'set2week3', 'Wednesday', '7 / 22', '', 8, 0, 0, 0, 0, 0, 0, 0, 0),
(2583, 87, 'set2week4', 'Thursday', '7 / 23', '', 8, 0, 0, 0, 0, 0, 0, 0, 0),
(2584, 87, 'set2week5', 'Friday', '7 / 24', '', 8, 0, 0, 0, 0, 0, 0, 0, 0),
(2585, 87, 'set2week6', 'Saturday', '7 / 25', '', 0, 0, 0, 0, 0, 0, 0, 0, 0),
(2586, 87, 'set2week7', 'Sunday', '7 / 26', '', 0, 0, 0, 0, 0, 0, 0, 0, 0),
(2587, 87, 'set3week1', 'Monday', '7 / 27', '', 8, 0, 0, 0, 0, 0, 0, 0, 0),
(2588, 87, 'set3week2', 'Tuesday', '7 / 28', '', 8, 0, 0, 0, 0, 0, 0, 0, 0),
(2589, 87, 'set3week3', 'Wednesday', '7 / 29', '', 8, 0, 0, 0, 0, 0, 0, 0, 0),
(2590, 87, 'set3week4', 'Thursday', '7 / 30', '', 8, 0, 0, 0, 0, 0, 0, 0, 0),
(2591, 87, 'set3week5', 'Friday', '7 / 31', '', 8, 0, 0, 0, 0, 0, 0, 0, 0),
(2592, 87, 'set3week6', 'Saturday', '8 / 1', '', 0, 0, 0, 0, 0, 0, 0, 0, 0),
(2593, 87, 'set3week7', 'Sunday', '8 / 2', '', 0, 0, 0, 0, 0, 0, 0, 0, 0),
(2594, 87, 'set4week1', 'Monday', '8 / 3', '', 8, 0, 0, 0, 0, 0, 0, 0, 0),
(2595, 87, 'set4week2', 'Tuesday', '8 / 4', '', 8, 0, 0, 0, 0, 0, 0, 0, 0),
(2596, 87, 'set4week3', 'Wednesday', '8 / 5', '', 8, 0, 0, 0, 0, 0, 0, 0, 0),
(2597, 87, 'set4week4', 'Thursday', '8 / 6', '', 8, 0, 0, 0, 0, 0, 0, 0, 0),
(2598, 87, 'set4week5', 'Friday', '8 / 7', '', 8, 0, 0, 0, 0, 0, 0, 0, 0),
(2599, 87, 'set4week6', 'Saturday', '8 / 8', '', 0, 0, 0, 0, 0, 0, 0, 0, 0),
(2600, 87, 'set4week7', 'Sunday', '8 / 9', '', 0, 0, 0, 0, 0, 0, 0, 0, 0),
(2601, 88, 'set1week1', 'Monday', '7 / 13', '', 8, 0, 0, 0, 0, 0, 0, 0, 0),
(2602, 88, 'set1week2', 'Tuesday', '7 / 14', '', 8, 0, 0, 0, 0, 0, 0, 0, 0),
(2603, 88, 'set1week3', 'Wednesday', '7 / 15', '', 8, 0, 0, 0, 0, 0, 0, 0, 0),
(2604, 88, 'set1week4', 'Thursday', '7 / 16', '', 8, 0, 0, 0, 0, 0, 0, 0, 0),
(2605, 88, 'set1week5', 'Friday', '7 / 17', '', 8, 0, 0, 0, 0, 0, 0, 0, 0),
(2606, 88, 'set1week6', 'Saturday', '7 / 18', '', 0, 0, 0, 0, 0, 0, 0, 0, 0),
(2607, 88, 'set1week7', 'Sunday', '7 / 19', '', 0, 0, 0, 0, 0, 0, 0, 0, 0),
(2608, 88, 'set2week1', 'Monday', '7 / 20', '', 8, 0, 0, 0, 0, 0, 0, 0, 0),
(2609, 88, 'set2week2', 'Tuesday', '7 / 21', '', 8, 0, 0, 0, 0, 0, 0, 0, 0),
(2610, 88, 'set2week3', 'Wednesday', '7 / 22', '', 8, 0, 0, 0, 0, 0, 0, 0, 0),
(2611, 88, 'set2week4', 'Thursday', '7 / 23', '', 8, 0, 0, 0, 0, 0, 0, 0, 0),
(2612, 88, 'set2week5', 'Friday', '7 / 24', '', 8, 0, 0, 0, 0, 0, 0, 0, 0),
(2613, 88, 'set2week6', 'Saturday', '7 / 25', '', 0, 0, 0, 0, 0, 0, 0, 0, 0),
(2614, 88, 'set2week7', 'Sunday', '7 / 26', '', 0, 0, 0, 0, 0, 0, 0, 0, 0),
(2615, 88, 'set3week1', 'Monday', '7 / 27', '', 8, 0, 0, 0, 0, 0, 0, 0, 0),
(2616, 88, 'set3week2', 'Tuesday', '7 / 28', '', 8, 0, 0, 0, 0, 0, 0, 0, 0),
(2617, 88, 'set3week3', 'Wednesday', '7 / 29', '', 8, 0, 0, 0, 0, 0, 0, 0, 0),
(2618, 88, 'set3week4', 'Thursday', '7 / 30', '', 0, 0, 0, 0, 0, 0, 0, 0, 0),
(2619, 88, 'set3week5', 'Friday', '7 / 31', '', 0, 0, 0, 0, 0, 0, 0, 0, 0),
(2620, 88, 'set3week6', 'Saturday', '8 / 1', '', 0, 0, 0, 0, 0, 0, 0, 0, 0),
(2621, 88, 'set3week7', 'Sunday', '8 / 2', '', 0, 0, 0, 0, 0, 0, 0, 0, 0),
(2622, 88, 'set4week1', 'Monday', '8 / 3', '', 0, 0, 0, 0, 0, 0, 0, 0, 0),
(2623, 88, 'set4week2', 'Tuesday', '8 / 4', '', 0, 0, 0, 0, 0, 0, 0, 0, 0),
(2624, 88, 'set4week3', 'Wednesday', '8 / 5', '', 8, 0, 0, 0, 0, 0, 0, 0, 0),
(2625, 88, 'set4week4', 'Thursday', '8 / 6', '', 8, 0, 0, 0, 0, 0, 0, 0, 0),
(2626, 88, 'set4week5', 'Friday', '8 / 7', '', 0, 0, 0, 0, 0, 0, 0, 0, 0),
(2627, 88, 'set4week6', 'Saturday', '8 / 8', '', 0, 0, 0, 0, 0, 0, 0, 0, 0),
(2628, 88, 'set4week7', 'Sunday', '8 / 9', '', 0, 0, 0, 0, 0, 0, 0, 0, 0),
(2629, 89, 'set1week1', 'Monday', '7 / 13', '', 8, 0, 0, 0, 0, 0, 0, 0, 0),
(2630, 89, 'set1week2', 'Tuesday', '7 / 14', '', 8, 0, 0, 0, 0, 0, 0, 0, 0),
(2631, 89, 'set1week3', 'Wednesday', '7 / 15', '', 8, 0, 0, 0, 0, 0, 0, 0, 0),
(2632, 89, 'set1week4', 'Thursday', '7 / 16', '', 8, 0, 0, 0, 0, 0, 0, 0, 0),
(2633, 89, 'set1week5', 'Friday', '7 / 17', '', 0, 0, 0, 0, 0, 0, 0, 0, 0),
(2634, 89, 'set1week6', 'Saturday', '7 / 18', '', 0, 0, 0, 0, 0, 0, 0, 0, 0),
(2635, 89, 'set1week7', 'Sunday', '7 / 19', '', 0, 0, 0, 0, 0, 0, 0, 0, 0),
(2636, 89, 'set2week1', 'Monday', '7 / 20', '', 8, 0, 0, 0, 0, 0, 0, 0, 0),
(2637, 89, 'set2week2', 'Tuesday', '7 / 21', '', 8, 0, 0, 0, 0, 0, 0, 0, 0),
(2638, 89, 'set2week3', 'Wednesday', '7 / 22', '', 8, 0, 0, 0, 0, 0, 0, 0, 0),
(2639, 89, 'set2week4', 'Thursday', '7 / 23', '', 8, 0, 0, 0, 0, 0, 0, 0, 0),
(2640, 89, 'set2week5', 'Friday', '7 / 24', '', 0, 0, 0, 0, 0, 0, 0, 0, 0),
(2641, 89, 'set2week6', 'Saturday', '7 / 25', '', 0, 0, 0, 0, 0, 0, 0, 0, 0),
(2642, 89, 'set2week7', 'Sunday', '7 / 26', '', 0, 0, 0, 0, 0, 0, 0, 0, 0),
(2643, 89, 'set3week1', 'Monday', '7 / 27', '', 8, 0, 0, 0, 0, 0, 0, 0, 0),
(2644, 89, 'set3week2', 'Tuesday', '7 / 28', '', 8, 0, 0, 0, 0, 0, 0, 0, 0),
(2645, 89, 'set3week3', 'Wednesday', '7 / 29', '', 8, 0, 0, 0, 0, 0, 0, 0, 0),
(2646, 89, 'set3week4', 'Thursday', '7 / 30', '', 8, 0, 0, 0, 0, 0, 0, 0, 0),
(2647, 89, 'set3week5', 'Friday', '7 / 31', '', 0, 0, 0, 0, 0, 0, 0, 0, 0),
(2648, 89, 'set3week6', 'Saturday', '8 / 1', '', 0, 0, 0, 0, 0, 0, 0, 0, 0),
(2649, 89, 'set3week7', 'Sunday', '8 / 2', '', 0, 0, 0, 0, 0, 0, 0, 0, 0),
(2650, 89, 'set4week1', 'Monday', '8 / 3', '', 8, 0, 0, 0, 0, 0, 0, 0, 0);
INSERT INTO `tbl_timesheets_sub_w` (`week_id`, `time_sheet_parent`, `week1_stringname`, `week1_day`, `week1_date`, `week1_notes`, `week1_reg_hours`, `week1_hol_hours`, `week1_hol_pay`, `week1_ot`, `week1_dt`, `week1_vl`, `week1_sl`, `week1_ce`, `week1_ct`) VALUES
(2651, 89, 'set4week2', 'Tuesday', '8 / 4', '', 8, 0, 0, 0, 0, 0, 0, 0, 0),
(2652, 89, 'set4week3', 'Wednesday', '8 / 5', '', 8, 0, 0, 0, 0, 0, 0, 0, 0),
(2653, 89, 'set4week4', 'Thursday', '8 / 6', '', 8, 0, 0, 0, 0, 0, 0, 0, 0),
(2654, 89, 'set4week5', 'Friday', '8 / 7', '', 0, 0, 0, 0, 0, 0, 0, 0, 0),
(2655, 89, 'set4week6', 'Saturday', '8 / 8', '', 0, 0, 0, 0, 0, 0, 0, 0, 0),
(2656, 89, 'set4week7', 'Sunday', '8 / 9', '', 0, 0, 0, 0, 0, 0, 0, 0, 0),
(2657, 90, 'set1week1', 'Monday', '8 / 10', '', 8, 0, 0, 0, 0, 0, 0, 0, 0),
(2658, 90, 'set1week2', 'Tuesday', '8 / 11', '', 8, 0, 0, 0, 0, 0, 0, 0, 0),
(2659, 90, 'set1week3', 'Wednesday', '8 / 12', '', 8, 0, 0, 0, 0, 0, 0, 0, 0),
(2660, 90, 'set1week4', 'Thursday', '8 / 13', '', 6, 0, 0, 0, 0, 0, 2, 0, 0),
(2661, 90, 'set1week5', 'Friday', '8 / 14', '', 8, 0, 0, 0, 0, 0, 0, 0, 0),
(2662, 90, 'set1week6', 'Saturday', '8 / 15', '', 0, 0, 0, 0, 0, 0, 0, 0, 0),
(2663, 90, 'set1week7', 'Sunday', '8 / 16', '', 0, 0, 0, 0, 0, 0, 0, 0, 0),
(2664, 90, 'set2week1', 'Monday', '8 / 17', '', 8, 0, 0, 0, 0, 0, 0, 0, 0),
(2665, 90, 'set2week2', 'Tuesday', '8 / 18', '', 8, 0, 0, 0, 0, 0, 0, 0, 0),
(2666, 90, 'set2week3', 'Wednesday', '8 / 19', '', 8, 0, 0, 0, 0, 0, 0, 0, 0),
(2667, 90, 'set2week4', 'Thursday', '8 / 20', '', 0, 0, 0, 0, 0, 0, 8, 0, 0),
(2668, 90, 'set2week5', 'Friday', '8 / 21', '', 8, 0, 0, 0, 0, 0, 0, 0, 0),
(2669, 90, 'set2week6', 'Saturday', '8 / 22', '', 0, 0, 0, 0, 0, 0, 0, 0, 0),
(2670, 90, 'set2week7', 'Sunday', '8 / 23', '', 0, 0, 0, 0, 0, 0, 0, 0, 0),
(2671, 90, 'set3week1', 'Monday', '8 / 24', '', 8, 0, 0, 0, 0, 0, 0, 0, 0),
(2672, 90, 'set3week2', 'Tuesday', '8 / 25', '', 8, 0, 0, 0, 0, 0, 0, 0, 0),
(2673, 90, 'set3week3', 'Wednesday', '8 / 26', '', 8, 0, 0, 0, 0, 0, 0, 0, 0),
(2674, 90, 'set3week4', 'Thursday', '8 / 27', '', 8, 0, 0, 0, 0, 0, 0, 0, 0),
(2675, 90, 'set3week5', 'Friday', '8 / 28', '', 0, 0, 0, 0, 0, 0, 8, 0, 0),
(2676, 90, 'set3week6', 'Saturday', '8 / 29', '', 0, 0, 0, 0, 0, 0, 0, 0, 0),
(2677, 90, 'set3week7', 'Sunday', '8 / 30', '', 0, 0, 0, 0, 0, 0, 0, 0, 0),
(2678, 90, 'set4week1', 'Monday', '8 / 31', '', 8, 0, 0, 0, 0, 0, 0, 0, 0),
(2679, 90, 'set4week2', 'Tuesday', '9 / 1', '', 8, 0, 0, 0, 0, 0, 0, 0, 0),
(2680, 90, 'set4week3', 'Wednesday', '9 / 2', '', 8, 0, 0, 0, 0, 0, 0, 0, 0),
(2681, 90, 'set4week4', 'Thursday', '9 / 3', '', 8, 0, 0, 0, 0, 0, 0, 0, 0),
(2682, 90, 'set4week5', 'Friday', '9 / 4', '', 8, 0, 0, 0, 0, 0, 0, 0, 0),
(2683, 90, 'set4week6', 'Saturday', '9 / 5', '', 0, 0, 0, 0, 0, 0, 0, 0, 0),
(2684, 90, 'set4week7', 'Sunday', '9 / 6', '', 0, 0, 0, 0, 0, 0, 0, 0, 0),
(2685, 91, 'set1week1', 'Monday', '8 / 10', '', 8, 0, 0, 0, 0, 0, 0, 0, 0),
(2686, 91, 'set1week2', 'Tuesday', '8 / 11', '', 8, 0, 0, 0, 0, 0, 0, 0, 0),
(2687, 91, 'set1week3', 'Wednesday', '8 / 12', '', 8, 0, 0, 0, 0, 0, 0, 0, 0),
(2688, 91, 'set1week4', 'Thursday', '8 / 13', '', 8, 0, 0, 0, 0, 0, 0, 0, 0),
(2689, 91, 'set1week5', 'Friday', '8 / 14', '', 8, 0, 0, 0, 0, 0, 0, 0, 0),
(2690, 91, 'set1week6', 'Saturday', '8 / 15', '', 0, 0, 0, 0, 0, 0, 0, 0, 0),
(2691, 91, 'set1week7', 'Sunday', '8 / 16', '', 0, 0, 0, 0, 0, 0, 0, 0, 0),
(2692, 91, 'set2week1', 'Monday', '8 / 17', '', 8, 0, 0, 0, 0, 0, 0, 0, 0),
(2693, 91, 'set2week2', 'Tuesday', '8 / 18', '', 8, 0, 0, 0, 0, 0, 0, 0, 0),
(2694, 91, 'set2week3', 'Wednesday', '8 / 19', '', 8, 0, 0, 0, 0, 0, 0, 0, 0),
(2695, 91, 'set2week4', 'Thursday', '8 / 20', '', 8, 0, 0, 0, 0, 0, 0, 0, 0),
(2696, 91, 'set2week5', 'Friday', '8 / 21', '', 8, 0, 0, 0, 0, 0, 0, 0, 0),
(2697, 91, 'set2week6', 'Saturday', '8 / 22', '', 0, 0, 0, 0, 0, 0, 0, 0, 0),
(2698, 91, 'set2week7', 'Sunday', '8 / 23', '', 0, 0, 0, 0, 0, 0, 0, 0, 0),
(2699, 91, 'set3week1', 'Monday', '8 / 24', '', 8, 0, 0, 0, 0, 0, 0, 0, 0),
(2700, 91, 'set3week2', 'Tuesday', '8 / 25', '', 8, 0, 0, 0, 0, 0, 0, 0, 0),
(2701, 91, 'set3week3', 'Wednesday', '8 / 26', '', 8, 0, 0, 0, 0, 0, 0, 0, 0),
(2702, 91, 'set3week4', 'Thursday', '8 / 27', '', 8, 0, 0, 0, 0, 0, 0, 0, 0),
(2703, 91, 'set3week5', 'Friday', '8 / 28', '', 8, 0, 0, 0, 0, 0, 0, 0, 0),
(2704, 91, 'set3week6', 'Saturday', '8 / 29', '', 0, 0, 0, 0, 0, 0, 0, 0, 0),
(2705, 91, 'set3week7', 'Sunday', '8 / 30', '', 0, 0, 0, 0, 0, 0, 0, 0, 0),
(2706, 91, 'set4week1', 'Monday', '8 / 31', '', 8, 0, 0, 0, 0, 0, 0, 0, 0),
(2707, 91, 'set4week2', 'Tuesday', '9 / 1', '', 8, 0, 0, 0, 0, 0, 0, 0, 0),
(2708, 91, 'set4week3', 'Wednesday', '9 / 2', '', 8, 0, 0, 0, 0, 0, 0, 0, 0),
(2709, 91, 'set4week4', 'Thursday', '9 / 3', '', 8, 0, 0, 0, 0, 0, 0, 0, 0),
(2710, 91, 'set4week5', 'Friday', '9 / 4', '', 0, 0, 0, 0, 0, 0, 0, 0, 0),
(2711, 91, 'set4week6', 'Saturday', '9 / 5', '', 0, 0, 0, 0, 0, 0, 0, 0, 0),
(2712, 91, 'set4week7', 'Sunday', '9 / 6', '', 0, 0, 0, 0, 0, 0, 0, 0, 0),
(2713, 92, 'set1week1', 'Monday', '8 / 10', '', 0, 0, 0, 0, 0, 0, 0, 0, 0),
(2714, 92, 'set1week2', 'Tuesday', '8 / 11', '', 0, 0, 0, 0, 0, 0, 0, 0, 0),
(2715, 92, 'set1week3', 'Wednesday', '8 / 12', '', 8, 0, 0, 0, 0, 0, 0, 0, 0),
(2716, 92, 'set1week4', 'Thursday', '8 / 13', '', 8, 0, 0, 0, 0, 0, 0, 0, 0),
(2717, 92, 'set1week5', 'Friday', '8 / 14', '', 4, 0, 0, 0, 0, 0, 0, 0, 0),
(2718, 92, 'set1week6', 'Saturday', '8 / 15', '', 0, 0, 0, 0, 0, 0, 0, 0, 0),
(2719, 92, 'set1week7', 'Sunday', '8 / 16', '', 0, 0, 0, 0, 0, 0, 0, 0, 0),
(2720, 92, 'set2week1', 'Monday', '8 / 17', '', 0, 0, 0, 0, 0, 0, 0, 0, 0),
(2721, 92, 'set2week2', 'Tuesday', '8 / 18', '', 0, 0, 0, 0, 0, 0, 0, 0, 0),
(2722, 92, 'set2week3', 'Wednesday', '8 / 19', '', 8, 0, 0, 0, 0, 0, 0, 0, 0),
(2723, 92, 'set2week4', 'Thursday', '8 / 20', '', 8, 0, 0, 0, 0, 0, 0, 0, 0),
(2724, 92, 'set2week5', 'Friday', '8 / 21', '', 8, 0, 0, 0, 0, 0, 0, 0, 0),
(2725, 92, 'set2week6', 'Saturday', '8 / 22', '', 0, 0, 0, 0, 0, 0, 0, 0, 0),
(2726, 92, 'set2week7', 'Sunday', '8 / 23', '', 0, 0, 0, 0, 0, 0, 0, 0, 0),
(2727, 92, 'set3week1', 'Monday', '8 / 24', '', 0, 0, 0, 0, 0, 0, 0, 0, 0),
(2728, 92, 'set3week2', 'Tuesday', '8 / 25', '', 0, 0, 0, 0, 0, 0, 0, 0, 0),
(2729, 92, 'set3week3', 'Wednesday', '8 / 26', '', 8, 0, 0, 0, 0, 0, 0, 0, 0),
(2730, 92, 'set3week4', 'Thursday', '8 / 27', '', 8, 0, 0, 0, 0, 0, 0, 0, 0),
(2731, 92, 'set3week5', 'Friday', '8 / 28', '', 8, 0, 0, 0, 0, 0, 0, 0, 0),
(2732, 92, 'set3week6', 'Saturday', '8 / 29', '', 0, 0, 0, 0, 0, 0, 0, 0, 0),
(2733, 92, 'set3week7', 'Sunday', '8 / 30', '', 0, 0, 0, 0, 0, 0, 0, 0, 0),
(2734, 92, 'set4week1', 'Monday', '8 / 31', '', 0, 0, 0, 0, 0, 0, 0, 0, 0),
(2735, 92, 'set4week2', 'Tuesday', '9 / 1', '', 4, 0, 0, 0, 0, 0, 0, 0, 0),
(2736, 92, 'set4week3', 'Wednesday', '9 / 2', '', 4, 0, 0, 0, 0, 0, 0, 0, 0),
(2737, 92, 'set4week4', 'Thursday', '9 / 3', '', 8, 0, 0, 0, 0, 0, 0, 0, 0),
(2738, 92, 'set4week5', 'Friday', '9 / 4', '', 8, 0, 0, 0, 0, 0, 0, 0, 0),
(2739, 92, 'set4week6', 'Saturday', '9 / 5', '', 0, 0, 0, 0, 0, 0, 0, 0, 0),
(2740, 92, 'set4week7', 'Sunday', '9 / 6', '', 0, 0, 0, 0, 0, 0, 0, 0, 0),
(2741, 93, 'set1week1', 'Monday', '8 / 10', '', 8, 0, 0, 0, 0, 0, 0, 0, 0),
(2742, 93, 'set1week2', 'Tuesday', '8 / 11', '', 8, 0, 0, 0, 0, 0, 0, 0, 0),
(2743, 93, 'set1week3', 'Wednesday', '8 / 12', '', 8, 0, 0, 0, 0, 0, 0, 0, 0),
(2744, 93, 'set1week4', 'Thursday', '8 / 13', '', 8, 0, 0, 0, 0, 0, 0, 0, 0),
(2745, 93, 'set1week5', 'Friday', '8 / 14', '', 0, 0, 0, 0, 0, 0, 0, 0, 0),
(2746, 93, 'set1week6', 'Saturday', '8 / 15', '', 0, 0, 0, 0, 0, 0, 0, 0, 0),
(2747, 93, 'set1week7', 'Sunday', '8 / 16', '', 0, 0, 0, 0, 0, 0, 0, 0, 0),
(2748, 93, 'set2week1', 'Monday', '8 / 17', '', 8, 0, 0, 0, 0, 0, 0, 0, 0),
(2749, 93, 'set2week2', 'Tuesday', '8 / 18', '', 8, 0, 0, 0, 0, 0, 0, 0, 0),
(2750, 93, 'set2week3', 'Wednesday', '8 / 19', '', 8, 0, 0, 0, 0, 0, 0, 0, 0),
(2751, 93, 'set2week4', 'Thursday', '8 / 20', '', 8, 0, 0, 0, 0, 0, 0, 0, 0),
(2752, 93, 'set2week5', 'Friday', '8 / 21', '', 0, 0, 0, 0, 0, 0, 0, 0, 0),
(2753, 93, 'set2week6', 'Saturday', '8 / 22', '', 0, 0, 0, 0, 0, 0, 0, 0, 0),
(2754, 93, 'set2week7', 'Sunday', '8 / 23', '', 0, 0, 0, 0, 0, 0, 0, 0, 0),
(2755, 93, 'set3week1', 'Monday', '8 / 24', '', 8, 0, 0, 0, 0, 0, 0, 0, 0),
(2756, 93, 'set3week2', 'Tuesday', '8 / 25', '', 8, 0, 0, 0, 0, 0, 0, 0, 0),
(2757, 93, 'set3week3', 'Wednesday', '8 / 26', '', 8, 0, 0, 0, 0, 0, 0, 0, 0),
(2758, 93, 'set3week4', 'Thursday', '8 / 27', '', 8, 0, 0, 0, 0, 0, 0, 0, 0),
(2759, 93, 'set3week5', 'Friday', '8 / 28', '', 0, 0, 0, 0, 0, 0, 0, 0, 0),
(2760, 93, 'set3week6', 'Saturday', '8 / 29', '', 0, 0, 0, 0, 0, 0, 0, 0, 0),
(2761, 93, 'set3week7', 'Sunday', '8 / 30', '', 0, 0, 0, 0, 0, 0, 0, 0, 0),
(2762, 93, 'set4week1', 'Monday', '8 / 31', '', 8, 0, 0, 0, 0, 0, 0, 0, 0),
(2763, 93, 'set4week2', 'Tuesday', '9 / 1', '', 8, 0, 0, 0, 0, 0, 0, 0, 0),
(2764, 93, 'set4week3', 'Wednesday', '9 / 2', '', 8, 0, 0, 0, 0, 0, 0, 0, 0),
(2765, 93, 'set4week4', 'Thursday', '9 / 3', '', 8, 0, 0, 0, 0, 0, 0, 0, 0),
(2766, 93, 'set4week5', 'Friday', '9 / 4', '', 0, 0, 0, 0, 0, 0, 0, 0, 0),
(2767, 93, 'set4week6', 'Saturday', '9 / 5', '', 0, 0, 0, 0, 0, 0, 0, 0, 0),
(2768, 93, 'set4week7', 'Sunday', '9 / 6', '', 0, 0, 0, 0, 0, 0, 0, 0, 0),
(2769, 94, 'set1week1', 'Monday', '7 / 13', '', 8, 0, 0, 0, 0, 0, 0, 0, 0),
(2770, 94, 'set1week2', 'Tuesday', '7 / 14', '', 8, 0, 0, 0, 0, 0, 0, 0, 0),
(2771, 94, 'set1week3', 'Wednesday', '7 / 15', '', 8, 0, 0, 0, 0, 0, 0, 0, 0),
(2772, 94, 'set1week4', 'Thursday', '7 / 16', '', 8, 0, 0, 0, 0, 0, 0, 0, 0),
(2773, 94, 'set1week5', 'Friday', '7 / 17', '', 7, 0, 0, 0, 0, 0, 0, 0, 1),
(2774, 94, 'set1week6', 'Saturday', '7 / 18', '', 0, 0, 0, 0, 0, 0, 0, 0, 0),
(2775, 94, 'set1week7', 'Sunday', '7 / 19', '', 0, 0, 0, 0, 0, 0, 0, 0, 0),
(2776, 94, 'set2week1', 'Monday', '7 / 20', '', 8, 0, 0, 0, 0, 0, 0, 0, 0),
(2777, 94, 'set2week2', 'Tuesday', '7 / 21', '', 8, 0, 0, 0, 0, 0, 0, 0, 0),
(2778, 94, 'set2week3', 'Wednesday', '7 / 22', '', 8, 0, 0, 0, 0, 0, 0, 0, 0),
(2779, 94, 'set2week4', 'Thursday', '7 / 23', '', 7, 0, 0, 0, 0, 0, 0, 0, 1),
(2780, 94, 'set2week5', 'Friday', '7 / 24', '', 7, 0, 0, 0, 0, 0, 0, 0, 1),
(2781, 94, 'set2week6', 'Saturday', '7 / 25', '', 0, 0, 0, 0, 0, 0, 0, 0, 0),
(2782, 94, 'set2week7', 'Sunday', '7 / 26', '', 0, 0, 0, 0, 0, 0, 0, 0, 0),
(2783, 94, 'set3week1', 'Monday', '7 / 27', '', 8, 0, 0, 0, 0, 0, 0, 0, 0),
(2784, 94, 'set3week2', 'Tuesday', '7 / 28', '', 8, 0, 0, 0, 0, 0, 0, 0, 0),
(2785, 94, 'set3week3', 'Wednesday', '7 / 29', '', 8, 0, 0, 0, 0, 0, 0, 0, 0),
(2786, 94, 'set3week4', 'Thursday', '7 / 30', '', 8, 0, 0, 0, 0, 0, 0, 0, 0),
(2787, 94, 'set3week5', 'Friday', '7 / 31', '', 7, 0, 0, 0, 0, 0, 0, 0, 1),
(2788, 94, 'set3week6', 'Saturday', '8 / 1', '', 0, 0, 0, 0, 0, 0, 0, 0, 0),
(2789, 94, 'set3week7', 'Sunday', '8 / 2', '', 0, 0, 0, 0, 0, 0, 0, 0, 0),
(2790, 94, 'set4week1', 'Monday', '8 / 3', '', 8, 0, 0, 0, 0, 0, 0, 0, 0),
(2791, 94, 'set4week2', 'Tuesday', '8 / 4', '', 8, 0, 0, 0, 0, 0, 0, 0, 0),
(2792, 94, 'set4week3', 'Wednesday', '8 / 5', '', 8, 0, 0, 0, 0, 0, 0, 0, 0),
(2793, 94, 'set4week4', 'Thursday', '8 / 6', '', 8, 0, 0, 0, 0, 0, 0, 0, 0),
(2794, 94, 'set4week5', 'Friday', '8 / 7', '', 8, 0, 0, 0, 0, 0, 0, 0, 0),
(2795, 94, 'set4week6', 'Saturday', '8 / 8', '', 0, 0, 0, 0, 0, 0, 0, 0, 0),
(2796, 94, 'set4week7', 'Sunday', '8 / 9', '', 0, 0, 0, 0, 0, 0, 0, 0, 0),
(2797, 95, 'set1week1', 'Monday', '8 / 10', '', 8, 0, 0, 0, 0, 0, 0, 0, 0),
(2798, 95, 'set1week2', 'Tuesday', '8 / 11', '', 8, 0, 0, 0, 0, 0, 0, 0, 0),
(2799, 95, 'set1week3', 'Wednesday', '8 / 12', '', 8, 0, 0, 0, 0, 0, 0, 0, 0),
(2800, 95, 'set1week4', 'Thursday', '8 / 13', '', 8, 0, 0, 0, 0, 0, 0, 0, 0),
(2801, 95, 'set1week5', 'Friday', '8 / 14', '', 8, 0, 0, 0, 0, 0, 0, 0, 0),
(2802, 95, 'set1week6', 'Saturday', '8 / 15', '', 0, 0, 0, 0, 0, 0, 0, 0, 0),
(2803, 95, 'set1week7', 'Sunday', '8 / 16', '', 0, 0, 0, 0, 0, 0, 0, 0, 0),
(2804, 95, 'set2week1', 'Monday', '8 / 17', 'City Council', 8, 0, 0, 0, 0, 0, 0, 1.5, 0),
(2805, 95, 'set2week2', 'Tuesday', '8 / 18', '', 8, 0, 0, 0, 0, 0, 0, 0, 0),
(2806, 95, 'set2week3', 'Wednesday', '8 / 19', '', 8, 0, 0, 0, 0, 0, 0, 0, 0),
(2807, 95, 'set2week4', 'Thursday', '8 / 20', '', 8, 0, 0, 0, 0, 0, 0, 0, 0),
(2808, 95, 'set2week5', 'Friday', '8 / 21', '', 4, 0, 0, 0, 0, 0, 0, 0, 4),
(2809, 95, 'set2week6', 'Saturday', '8 / 22', '', 0, 0, 0, 0, 0, 0, 0, 0, 0),
(2810, 95, 'set2week7', 'Sunday', '8 / 23', '', 0, 0, 0, 0, 0, 0, 0, 0, 0),
(2811, 95, 'set3week1', 'Monday', '8 / 24', '', 0, 0, 0, 0, 0, 0, 0, 0, 8),
(2812, 95, 'set3week2', 'Tuesday', '8 / 25', '', 4, 0, 0, 0, 0, 0, 0, 0, 4),
(2813, 95, 'set3week3', 'Wednesday', '8 / 26', '', 8, 0, 0, 0, 0, 0, 0, 0, 0),
(2814, 95, 'set3week4', 'Thursday', '8 / 27', '', 8, 0, 0, 0, 0, 0, 0, 0, 0),
(2815, 95, 'set3week5', 'Friday', '8 / 28', '', 8, 0, 0, 0, 0, 0, 0, 0, 0),
(2816, 95, 'set3week6', 'Saturday', '8 / 29', '', 0, 0, 0, 0, 0, 0, 0, 0, 0),
(2817, 95, 'set3week7', 'Sunday', '8 / 30', '', 0, 0, 0, 0, 0, 0, 0, 0, 0),
(2818, 95, 'set4week1', 'Monday', '8 / 31', '', 8, 0, 0, 0, 0, 0, 0, 0, 0),
(2819, 95, 'set4week2', 'Tuesday', '9 / 1', '', 8, 0, 0, 0, 0, 0, 0, 0, 0),
(2820, 95, 'set4week3', 'Wednesday', '9 / 2', '', 8, 0, 0, 0, 0, 0, 0, 0, 0),
(2821, 95, 'set4week4', 'Thursday', '9 / 3', '', 8, 0, 0, 0, 0, 0, 0, 0, 0),
(2822, 95, 'set4week5', 'Friday', '9 / 4', '', 8, 0, 0, 0, 0, 0, 0, 0, 0),
(2823, 95, 'set4week6', 'Saturday', '9 / 5', '', 0, 0, 0, 0, 0, 0, 0, 0, 0),
(2824, 95, 'set4week7', 'Sunday', '9 / 6', '', 0, 0, 0, 0, 0, 0, 0, 0, 0),
(2825, 95, 'set5week1', 'Monday', '9 / 7', 'Holiday', 0, 8, 0, 0, 0, 0, 0, 0, 0),
(2826, 95, 'set5week2', 'Tuesday', '9 / 8', 'City Council', 8, 0, 0, 0, 0, 0, 0, 2, 0),
(2827, 95, 'set5week3', 'Wednesday', '9 / 9', '', 8, 0, 0, 0, 0, 0, 0, 0, 0),
(2828, 95, 'set5week4', 'Thursday', '9 / 10', '', 8, 0, 0, 0, 0, 0, 0, 0, 0),
(2829, 95, 'set5week5', 'Friday', '9 / 11', '', 8, 0, 0, 0, 0, 0, 0, 0, 0),
(2830, 95, 'set5week6', 'Saturday', '9 / 12', '', 0, 0, 0, 0, 0, 0, 0, 0, 0),
(2831, 95, 'set5week7', 'Sunday', '9 / 13', '', 0, 0, 0, 0, 0, 0, 0, 0, 0),
(2832, 94, 'set5week1', 'Monday', '9 / 7', '', 8, 0, 0, 0, 0, 0, 0, 0, 0),
(2833, 94, 'set5week2', 'Tuesday', '9 / 8', '', 8, 0, 0, 0, 0, 0, 0, 0, 0),
(2834, 94, 'set5week3', 'Wednesday', '9 / 9', '', 8, 0, 0, 0, 0, 0, 0, 0, 0),
(2835, 94, 'set5week4', 'Thursday', '9 / 10', '', 8, 0, 0, 0, 0, 0, 0, 0, 0),
(2836, 94, 'set5week5', 'Friday', '9 / 11', '', 8, 0, 0, 0, 0, 0, 0, 0, 0),
(2837, 94, 'set5week6', 'Saturday', '9 / 12', '', 0, 0, 0, 0, 0, 0, 0, 0, 0),
(2838, 94, 'set5week7', 'Sunday', '9 / 13', '', 0, 0, 0, 0, 0, 0, 0, 0, 0),
(2839, 90, 'set5week1', 'Monday', '9 / 7', '', 0, 8, 0, 0, 0, 0, 0, 0, 0),
(2840, 90, 'set5week2', 'Tuesday', '9 / 8', '', 8, 0, 0, 0, 0, 0, 0, 0, 0),
(2841, 90, 'set5week3', 'Wednesday', '9 / 9', '', 8, 0, 0, 0, 0, 0, 0, 0, 0),
(2842, 90, 'set5week4', 'Thursday', '9 / 10', '', 8, 0, 0, 0, 0, 0, 0, 0, 0),
(2843, 90, 'set5week5', 'Friday', '9 / 11', '', 8, 0, 0, 0, 0, 0, 0, 0, 0),
(2844, 90, 'set5week6', 'Saturday', '9 / 12', '', 0, 0, 0, 0, 0, 0, 0, 0, 0),
(2845, 90, 'set5week7', 'Sunday', '9 / 13', '', 0, 0, 0, 0, 0, 0, 0, 0, 0),
(2846, 91, 'set5week1', 'Monday', '9 / 7', '', 0, 0, 0, 0, 0, 0, 0, 0, 0),
(2847, 91, 'set5week2', 'Tuesday', '9 / 8', '', 8, 0, 0, 0, 0, 0, 0, 0, 0),
(2848, 91, 'set5week3', 'Wednesday', '9 / 9', '', 8, 0, 0, 0, 0, 0, 0, 0, 0),
(2849, 91, 'set5week4', 'Thursday', '9 / 10', '', 8, 0, 0, 0, 0, 0, 0, 0, 0),
(2850, 91, 'set5week5', 'Friday', '9 / 11', '', 8, 0, 0, 0, 0, 0, 0, 0, 0),
(2851, 91, 'set5week6', 'Saturday', '9 / 12', '', 0, 0, 0, 0, 0, 0, 0, 0, 0),
(2852, 91, 'set5week7', 'Sunday', '9 / 13', '', 0, 0, 0, 0, 0, 0, 0, 0, 0),
(2853, 92, 'set5week1', 'Monday', '9 / 7', '', 0, 0, 0, 0, 0, 0, 0, 0, 0),
(2854, 92, 'set5week2', 'Tuesday', '9 / 8', '', 0, 0, 0, 0, 0, 0, 0, 0, 0),
(2855, 92, 'set5week3', 'Wednesday', '9 / 9', '', 8, 0, 0, 0, 0, 0, 0, 0, 0),
(2856, 92, 'set5week4', 'Thursday', '9 / 10', '', 8, 0, 0, 0, 0, 0, 0, 0, 0),
(2857, 92, 'set5week5', 'Friday', '9 / 11', '', 4, 0, 0, 0, 0, 0, 0, 0, 0),
(2858, 92, 'set5week6', 'Saturday', '9 / 12', '', 0, 0, 0, 0, 0, 0, 0, 0, 0),
(2859, 92, 'set5week7', 'Sunday', '9 / 13', '', 0, 0, 0, 0, 0, 0, 0, 0, 0),
(2860, 93, 'set5week1', 'Monday', '9 / 7', '', 0, 0, 0, 0, 0, 0, 0, 0, 0),
(2861, 93, 'set5week2', 'Tuesday', '9 / 8', '', 8, 0, 0, 0, 0, 0, 0, 0, 0),
(2862, 93, 'set5week3', 'Wednesday', '9 / 9', '', 8, 0, 0, 0, 0, 0, 0, 0, 0),
(2863, 93, 'set5week4', 'Thursday', '9 / 10', '', 8, 0, 0, 0, 0, 0, 0, 0, 0),
(2864, 93, 'set5week5', 'Friday', '9 / 11', '', 0, 0, 0, 0, 0, 0, 0, 0, 0),
(2865, 93, 'set5week6', 'Saturday', '9 / 12', '', 0, 0, 0, 0, 0, 0, 0, 0, 0),
(2866, 93, 'set5week7', 'Sunday', '9 / 13', '', 0, 0, 0, 0, 0, 0, 0, 0, 0),
(2867, 96, 'set1week1', 'Monday', '8 / 10', '', 0, 0, 0, 0, 0, 0, 0, 0, 0),
(2868, 96, 'set1week2', 'Tuesday', '8 / 11', '', 1.5, 0, 0, 0, 0, 0, 0, 0, 0),
(2869, 96, 'set1week3', 'Wednesday', '8 / 12', '', 1.5, 0, 0, 0, 0, 0, 0, 0, 0),
(2870, 96, 'set1week4', 'Thursday', '8 / 13', '', 1.5, 0, 0, 0, 0, 0, 0, 0, 0),
(2871, 96, 'set1week5', 'Friday', '8 / 14', '', 0, 0, 0, 0, 0, 0, 0, 0, 0),
(2872, 96, 'set1week6', 'Saturday', '8 / 15', '', 1.5, 0, 0, 0, 0, 0, 0, 0, 0),
(2873, 96, 'set1week7', 'Sunday', '8 / 16', '', 1.5, 0, 0, 0, 0, 0, 0, 0, 0),
(2874, 96, 'set2week1', 'Monday', '8 / 17', '', 1.5, 0, 0, 0, 0, 0, 0, 0, 0),
(2875, 96, 'set2week2', 'Tuesday', '8 / 18', '', 0, 0, 0, 0, 0, 0, 0, 0, 0),
(2876, 96, 'set2week3', 'Wednesday', '8 / 19', '', 1.5, 0, 0, 0, 0, 0, 0, 0, 0),
(2877, 96, 'set2week4', 'Thursday', '8 / 20', '', 1.5, 0, 0, 0, 0, 0, 0, 0, 0),
(2878, 96, 'set2week5', 'Friday', '8 / 21', '', 0, 0, 0, 0, 0, 0, 0, 0, 0),
(2879, 96, 'set2week6', 'Saturday', '8 / 22', '', 1.5, 0, 0, 0, 0, 0, 0, 0, 0),
(2880, 96, 'set2week7', 'Sunday', '8 / 23', '', 1.5, 0, 0, 0, 0, 0, 0, 0, 0),
(2881, 96, 'set3week1', 'Monday', '8 / 24', '', 0, 0, 0, 0, 0, 0, 0, 0, 0),
(2882, 96, 'set3week2', 'Tuesday', '8 / 25', '', 1.5, 0, 0, 0, 0, 0, 0, 0, 0),
(2883, 96, 'set3week3', 'Wednesday', '8 / 26', '', 0, 0, 0, 0, 0, 0, 0, 0, 0),
(2884, 96, 'set3week4', 'Thursday', '8 / 27', '', 1.5, 0, 0, 0, 0, 0, 0, 0, 0),
(2885, 96, 'set3week5', 'Friday', '8 / 28', '', 1.5, 0, 0, 0, 0, 0, 0, 0, 0),
(2886, 96, 'set3week6', 'Saturday', '8 / 29', '', 1.5, 0, 0, 0, 0, 0, 0, 0, 0),
(2887, 96, 'set3week7', 'Sunday', '8 / 30', '', 1.5, 0, 0, 0, 0, 0, 0, 0, 0),
(2888, 96, 'set4week1', 'Monday', '8 / 31', '', 1.5, 0, 0, 0, 0, 0, 0, 0, 0),
(2889, 96, 'set4week2', 'Tuesday', '9 / 1', '', 0, 0, 0, 0, 0, 0, 0, 0, 0),
(2890, 96, 'set4week3', 'Wednesday', '9 / 2', '', 1.5, 0, 0, 0, 0, 0, 0, 0, 0),
(2891, 96, 'set4week4', 'Thursday', '9 / 3', '', 1.5, 0, 0, 0, 0, 0, 0, 0, 0),
(2892, 96, 'set4week5', 'Friday', '9 / 4', '', 1.5, 0, 0, 0, 0, 0, 0, 0, 0),
(2893, 96, 'set4week6', 'Saturday', '9 / 5', '', 0, 0, 0, 0, 0, 0, 0, 0, 0),
(2894, 96, 'set4week7', 'Sunday', '9 / 6', '', 1.5, 0, 0, 0, 0, 0, 0, 0, 0),
(2895, 96, 'set5week1', 'Monday', '9 / 7', '', 1.5, 0, 0, 0, 0, 0, 0, 0, 0),
(2896, 96, 'set5week2', 'Tuesday', '9 / 8', '', 1.5, 0, 0, 0, 0, 0, 0, 0, 0),
(2897, 96, 'set5week3', 'Wednesday', '9 / 9', '', 0, 0, 0, 0, 0, 0, 0, 0, 0),
(2898, 96, 'set5week4', 'Thursday', '9 / 10', '', 1.5, 0, 0, 0, 0, 0, 0, 0, 0),
(2899, 96, 'set5week5', 'Friday', '9 / 11', '', 1.5, 0, 0, 0, 0, 0, 0, 0, 0),
(2900, 96, 'set5week6', 'Saturday', '9 / 12', '', 1.5, 0, 0, 0, 0, 0, 0, 0, 0),
(2901, 96, 'set5week7', 'Sunday', '9 / 13', '', 1.5, 0, 0, 0, 0, 0, 0, 0, 0),
(2902, 97, 'set1week1', 'Monday', '9 / 14', '', 8, 0, 0, 0, 0, 0, 0, 0, 0),
(2903, 97, 'set1week2', 'Tuesday', '9 / 15', 'off', 0, 0, 0, 0, 0, 0, 0, 0, 0),
(2904, 97, 'set1week3', 'Wednesday', '9 / 16', 'off', 0, 0, 0, 0, 0, 0, 0, 0, 0),
(2905, 97, 'set1week4', 'Thursday', '9 / 17', '', 0, 0, 0, 0, 0, 0, 0, 0, 0),
(2906, 97, 'set1week5', 'Friday', '9 / 18', '', 0, 0, 0, 0, 0, 0, 0, 0, 0),
(2907, 97, 'set1week6', 'Saturday', '9 / 19', '', 0, 0, 0, 0, 0, 0, 0, 0, 0),
(2908, 97, 'set1week7', 'Sunday', '9 / 20', '', 0, 0, 0, 0, 0, 0, 0, 0, 0),
(2909, 97, 'set2week1', 'Monday', '9 / 21', '', 2, 0, 0, 0, 0, 0, 0, 0, 0),
(2910, 97, 'set2week2', 'Tuesday', '9 / 22', '', 8, 0, 0, 0, 0, 0, 0, 0, 0),
(2911, 97, 'set2week3', 'Wednesday', '9 / 23', '', 8, 0, 0, 0, 0, 0, 0, 0, 0),
(2912, 97, 'set2week4', 'Thursday', '9 / 24', '', 8, 0, 0, 0, 0, 0, 0, 0, 0),
(2913, 97, 'set2week5', 'Friday', '9 / 25', '', 4, 0, 0, 0, 0, 0, 0, 0, 0),
(2914, 97, 'set2week6', 'Saturday', '9 / 26', '', 0, 0, 0, 0, 0, 0, 0, 0, 0),
(2915, 97, 'set2week7', 'Sunday', '9 / 27', '', 0, 0, 0, 0, 0, 0, 0, 0, 0),
(2916, 97, 'set3week1', 'Monday', '9 / 28', '', 8, 0, 0, 0, 0, 0, 0, 0, 0),
(2917, 97, 'set3week2', 'Tuesday', '9 / 29', '', 8, 0, 0, 0, 0, 0, 0, 0, 0),
(2918, 97, 'set3week3', 'Wednesday', '9 / 30', '', 8, 0, 0, 0, 0, 0, 0, 0, 0),
(2919, 97, 'set3week4', 'Thursday', '10 / 1', '', 0, 0, 0, 0, 0, 0, 0, 0, 0),
(2920, 97, 'set3week5', 'Friday', '10 / 2', '', 0, 0, 0, 0, 0, 0, 0, 0, 0),
(2921, 97, 'set3week6', 'Saturday', '10 / 3', '', 0, 0, 0, 0, 0, 0, 0, 0, 0),
(2922, 97, 'set3week7', 'Sunday', '10 / 4', '', 0, 0, 0, 0, 0, 0, 0, 0, 0),
(2923, 97, 'set4week1', 'Monday', '10 / 5', '', 8, 0, 0, 0, 0, 0, 0, 0, 0),
(2924, 97, 'set4week2', 'Tuesday', '10 / 6', '', 8, 0, 0, 0, 0, 0, 0, 0, 0),
(2925, 97, 'set4week3', 'Wednesday', '10 / 7', '', 8, 0, 0, 0, 0, 0, 0, 0, 0),
(2926, 97, 'set4week4', 'Thursday', '10 / 8', '', 8, 0, 0, 0, 0, 0, 0, 0, 0),
(2927, 97, 'set4week5', 'Friday', '10 / 9', '', 8, 0, 0, 0, 0, 0, 0, 0, 0),
(2928, 97, 'set4week6', 'Saturday', '10 / 10', '', 0, 0, 0, 0, 0, 0, 0, 0, 0),
(2929, 97, 'set4week7', 'Sunday', '10 / 11', '', 0, 0, 0, 0, 0, 0, 0, 0, 0),
(2930, 98, 'set1week1', 'Monday', '9 / 14', '', 8, 0, 0, 0, 0, 0, 0, 0, 0),
(2931, 98, 'set1week2', 'Tuesday', '9 / 15', '', 8, 0, 0, 0, 0, 0, 0, 0, 0),
(2932, 98, 'set1week3', 'Wednesday', '9 / 16', '', 8, 0, 0, 0, 0, 0, 0, 0, 0),
(2933, 98, 'set1week4', 'Thursday', '9 / 17', '', 8, 0, 0, 0, 0, 0, 0, 0, 0),
(2934, 98, 'set1week5', 'Friday', '9 / 18', '', 0, 0, 0, 0, 0, 0, 0, 0, 0),
(2935, 98, 'set1week6', 'Saturday', '9 / 19', '', 0, 0, 0, 0, 0, 0, 0, 0, 0),
(2936, 98, 'set1week7', 'Sunday', '9 / 20', '', 0, 0, 0, 0, 0, 0, 0, 0, 0),
(2937, 98, 'set2week1', 'Monday', '9 / 21', '', 4, 0, 0, 0, 0, 0, 0, 0, 0),
(2938, 98, 'set2week2', 'Tuesday', '9 / 22', '', 8, 0, 0, 0, 0, 0, 0, 0, 0),
(2939, 98, 'set2week3', 'Wednesday', '9 / 23', '', 8, 0, 0, 0, 0, 0, 0, 0, 0),
(2940, 98, 'set2week4', 'Thursday', '9 / 24', '', 8, 0, 0, 0, 0, 0, 0, 0, 0),
(2941, 98, 'set2week5', 'Friday', '9 / 25', '', 0, 0, 0, 0, 0, 0, 0, 0, 0),
(2942, 98, 'set2week6', 'Saturday', '9 / 26', '', 0, 0, 0, 0, 0, 0, 0, 0, 0),
(2943, 98, 'set2week7', 'Sunday', '9 / 27', '', 0, 0, 0, 0, 0, 0, 0, 0, 0),
(2944, 98, 'set3week1', 'Monday', '9 / 28', '', 8, 0, 0, 0, 0, 0, 0, 0, 0),
(2945, 98, 'set3week2', 'Tuesday', '9 / 29', '', 8, 0, 0, 0, 0, 0, 0, 0, 0),
(2946, 98, 'set3week3', 'Wednesday', '9 / 30', '', 8, 0, 0, 0, 0, 0, 0, 0, 0),
(2947, 98, 'set3week4', 'Thursday', '10 / 1', '', 8, 0, 0, 0, 0, 0, 0, 0, 0),
(2948, 98, 'set3week5', 'Friday', '10 / 2', '', 0, 0, 0, 0, 0, 0, 0, 0, 0),
(2949, 98, 'set3week6', 'Saturday', '10 / 3', '', 0, 0, 0, 0, 0, 0, 0, 0, 0),
(2950, 98, 'set3week7', 'Sunday', '10 / 4', '', 0, 0, 0, 0, 0, 0, 0, 0, 0),
(2951, 98, 'set4week1', 'Monday', '10 / 5', '', 0, 0, 0, 0, 0, 0, 0, 0, 0),
(2952, 98, 'set4week2', 'Tuesday', '10 / 6', '', 0, 0, 0, 0, 0, 0, 0, 0, 0),
(2953, 98, 'set4week3', 'Wednesday', '10 / 7', '', 0, 0, 0, 0, 0, 0, 0, 0, 0),
(2954, 98, 'set4week4', 'Thursday', '10 / 8', '', 0, 0, 0, 0, 0, 0, 0, 0, 0),
(2955, 98, 'set4week5', 'Friday', '10 / 9', '', 0, 0, 0, 0, 0, 0, 0, 0, 0),
(2956, 98, 'set4week6', 'Saturday', '10 / 10', '', 0, 0, 0, 0, 0, 0, 0, 0, 0),
(2957, 98, 'set4week7', 'Sunday', '10 / 11', '', 0, 0, 0, 0, 0, 0, 0, 0, 0),
(2958, 99, 'set1week1', 'Monday', '9 / 14', '', 8, 0, 0, 0, 0, 0, 0, 0, 0),
(2959, 99, 'set1week2', 'Tuesday', '9 / 15', '', 8, 0, 0, 0, 0, 0, 0, 0, 0),
(2960, 99, 'set1week3', 'Wednesday', '9 / 16', '', 8, 0, 0, 0, 0, 0, 0, 0, 0),
(2961, 99, 'set1week4', 'Thursday', '9 / 17', '', 8, 0, 0, 0, 0, 0, 0, 0, 0),
(2962, 99, 'set1week5', 'Friday', '9 / 18', '', 0, 0, 0, 0, 0, 8, 0, 0, 0),
(2963, 99, 'set1week6', 'Saturday', '9 / 19', '', 0, 0, 0, 0, 0, 0, 0, 0, 0),
(2964, 99, 'set1week7', 'Sunday', '9 / 20', '', 0, 0, 0, 0, 0, 0, 0, 0, 0),
(2965, 99, 'set2week1', 'Monday', '9 / 21', '', 8, 0, 0, 0, 0, 0, 0, 0, 0),
(2966, 99, 'set2week2', 'Tuesday', '9 / 22', '', 8, 0, 0, 0, 0, 0, 0, 0, 0),
(2967, 99, 'set2week3', 'Wednesday', '9 / 23', '', 8, 0, 0, 0, 0, 0, 0, 0, 0),
(2968, 99, 'set2week4', 'Thursday', '9 / 24', '', 8, 0, 0, 0, 0, 0, 0, 0, 0),
(2969, 99, 'set2week5', 'Friday', '9 / 25', '', 8, 0, 0, 0, 0, 0, 0, 0, 0),
(2970, 99, 'set2week6', 'Saturday', '9 / 26', '', 0, 0, 0, 0, 0, 0, 0, 0, 0),
(2971, 99, 'set2week7', 'Sunday', '9 / 27', '', 0, 0, 0, 0, 0, 0, 0, 0, 0),
(2972, 99, 'set3week1', 'Monday', '9 / 28', '', 8, 0, 0, 0, 0, 0, 0, 0, 0),
(2973, 99, 'set3week2', 'Tuesday', '9 / 29', '', 8, 0, 0, 0, 0, 0, 0, 0, 0),
(2974, 99, 'set3week3', 'Wednesday', '9 / 30', '', 0, 0, 0, 0, 0, 0, 8, 0, 0),
(2975, 99, 'set3week4', 'Thursday', '10 / 1', '', 8, 0, 0, 0, 0, 0, 0, 0, 0),
(2976, 99, 'set3week5', 'Friday', '10 / 2', '', 8, 0, 0, 0, 0, 0, 0, 0, 0),
(2977, 99, 'set3week6', 'Saturday', '10 / 3', '', 0, 0, 0, 0, 0, 0, 0, 0, 0),
(2978, 99, 'set3week7', 'Sunday', '10 / 4', '', 0, 0, 0, 0, 0, 0, 0, 0, 0),
(2979, 99, 'set4week1', 'Monday', '10 / 5', '', 8, 0, 0, 0, 0, 0, 0, 0, 0),
(2980, 99, 'set4week2', 'Tuesday', '10 / 6', '', 8, 0, 0, 0, 0, 0, 0, 0, 0),
(2981, 99, 'set4week3', 'Wednesday', '10 / 7', '', 8, 0, 0, 0, 0, 0, 0, 0, 0),
(2982, 99, 'set4week4', 'Thursday', '10 / 8', '', 8, 0, 0, 0, 0, 0, 0, 0, 0),
(2983, 99, 'set4week5', 'Friday', '10 / 9', '', 8, 0, 0, 0, 0, 0, 0, 0, 0),
(2984, 99, 'set4week6', 'Saturday', '10 / 10', '', 0, 0, 0, 0, 0, 0, 0, 0, 0),
(2985, 99, 'set4week7', 'Sunday', '10 / 11', '', 0, 0, 0, 0, 0, 0, 0, 0, 0),
(2986, 100, 'set1week1', 'Monday', '9 / 14', '', 1.5, 0, 0, 0, 0, 0, 0, 0, 0),
(2987, 100, 'set1week2', 'Tuesday', '9 / 15', '', 0, 0, 0, 0, 0, 0, 0, 0, 0),
(2988, 100, 'set1week3', 'Wednesday', '9 / 16', '', 0, 0, 0, 0, 0, 0, 0, 0, 0),
(2989, 100, 'set1week4', 'Thursday', '9 / 17', '', 2, 0, 0, 0, 0, 0, 0, 0, 0),
(2990, 100, 'set1week5', 'Friday', '9 / 18', '', 2, 0, 0, 0, 0, 0, 0, 0, 0),
(2991, 100, 'set1week6', 'Saturday', '9 / 19', '', 2, 0, 0, 0, 0, 0, 0, 0, 0),
(2992, 100, 'set1week7', 'Sunday', '9 / 20', '', 2, 0, 0, 0, 0, 0, 0, 0, 0),
(2993, 100, 'set2week1', 'Monday', '9 / 21', '', 2, 0, 0, 0, 0, 0, 0, 0, 0),
(2994, 100, 'set2week2', 'Tuesday', '9 / 22', '', 0, 0, 0, 0, 0, 0, 0, 0, 0),
(2995, 100, 'set2week3', 'Wednesday', '9 / 23', '', 2, 0, 0, 0, 0, 0, 0, 0, 0),
(2996, 100, 'set2week4', 'Thursday', '9 / 24', '', 0, 0, 0, 0, 0, 0, 0, 0, 0),
(2997, 100, 'set2week5', 'Friday', '9 / 25', '', 2, 0, 0, 0, 0, 0, 0, 0, 0),
(2998, 100, 'set2week6', 'Saturday', '9 / 26', '', 2, 0, 0, 0, 0, 0, 0, 0, 0),
(2999, 100, 'set2week7', 'Sunday', '9 / 27', '', 2, 0, 0, 0, 0, 0, 0, 0, 0),
(3000, 100, 'set3week1', 'Monday', '9 / 28', '', 2, 0, 0, 0, 0, 0, 0, 0, 0),
(3001, 100, 'set3week2', 'Tuesday', '9 / 29', '', 2, 0, 0, 0, 0, 0, 0, 0, 0),
(3002, 100, 'set3week3', 'Wednesday', '9 / 30', '', 2, 0, 0, 0, 0, 0, 0, 0, 0),
(3003, 100, 'set3week4', 'Thursday', '10 / 1', '', 0, 0, 0, 0, 0, 0, 0, 0, 0),
(3004, 100, 'set3week5', 'Friday', '10 / 2', '', 0, 0, 0, 0, 0, 0, 0, 0, 0),
(3005, 100, 'set3week6', 'Saturday', '10 / 3', '', 2, 0, 0, 0, 0, 0, 0, 0, 0),
(3006, 100, 'set3week7', 'Sunday', '10 / 4', '', 2, 0, 0, 0, 0, 0, 0, 0, 0),
(3007, 100, 'set4week1', 'Monday', '10 / 5', '', 2, 0, 0, 0, 0, 0, 0, 0, 0),
(3008, 100, 'set4week2', 'Tuesday', '10 / 6', '', 0, 0, 0, 0, 0, 0, 0, 0, 0),
(3009, 100, 'set4week3', 'Wednesday', '10 / 7', '', 2, 0, 0, 0, 0, 0, 0, 0, 0),
(3010, 100, 'set4week4', 'Thursday', '10 / 8', '', 0, 0, 0, 0, 0, 0, 0, 0, 0),
(3011, 100, 'set4week5', 'Friday', '10 / 9', '', 2, 0, 0, 0, 0, 0, 0, 0, 0),
(3012, 100, 'set4week6', 'Saturday', '10 / 10', '', 2, 0, 0, 0, 0, 0, 0, 0, 0),
(3013, 100, 'set4week7', 'Sunday', '10 / 11', '', 2, 0, 0, 0, 0, 0, 0, 0, 0),
(3014, 101, 'set1week1', 'Monday', '9 / 14', '', 8, 0, 0, 0, 0, 0, 0, 0, 0),
(3015, 101, 'set1week2', 'Tuesday', '9 / 15', '', 8, 0, 0, 0, 0, 0, 0, 0, 0),
(3016, 101, 'set1week3', 'Wednesday', '9 / 16', '', 8, 0, 0, 0, 0, 0, 0, 0, 0),
(3017, 101, 'set1week4', 'Thursday', '9 / 17', '', 8, 0, 0, 0, 0, 0, 0, 0, 0),
(3018, 101, 'set1week5', 'Friday', '9 / 18', '', 8, 0, 0, 0, 0, 0, 0, 0, 0),
(3019, 101, 'set1week6', 'Saturday', '9 / 19', '', 0, 0, 0, 0, 0, 0, 0, 0, 0),
(3020, 101, 'set1week7', 'Sunday', '9 / 20', '', 0, 0, 0, 0, 0, 0, 0, 0, 0),
(3021, 101, 'set2week1', 'Monday', '9 / 21', 'City Council', 8, 0, 0, 0, 0, 0, 0, 1, 0),
(3022, 101, 'set2week2', 'Tuesday', '9 / 22', '', 8, 0, 0, 0, 0, 0, 0, 0, 0),
(3023, 101, 'set2week3', 'Wednesday', '9 / 23', '', 8, 0, 0, 0, 0, 0, 0, 0, 0),
(3024, 101, 'set2week4', 'Thursday', '9 / 24', '', 8, 0, 0, 0, 0, 0, 0, 0, 0),
(3025, 101, 'set2week5', 'Friday', '9 / 25', '', 8, 0, 0, 0, 0, 0, 0, 0, 0),
(3026, 101, 'set2week6', 'Saturday', '9 / 26', '', 0, 0, 0, 0, 0, 0, 0, 0, 0),
(3027, 101, 'set2week7', 'Sunday', '9 / 27', '', 0, 0, 0, 0, 0, 0, 0, 0, 0),
(3028, 101, 'set3week1', 'Monday', '9 / 28', '', 8, 0, 0, 0, 0, 0, 0, 0, 0),
(3029, 101, 'set3week2', 'Tuesday', '9 / 29', '', 8, 0, 0, 0, 0, 0, 0, 0, 0),
(3030, 101, 'set3week3', 'Wednesday', '9 / 30', '', 8, 0, 0, 0, 0, 0, 0, 0, 0),
(3031, 101, 'set3week4', 'Thursday', '10 / 1', '', 8, 0, 0, 0, 0, 0, 0, 0, 0),
(3032, 101, 'set3week5', 'Friday', '10 / 2', '', 8, 0, 0, 0, 0, 0, 0, 0, 0),
(3033, 101, 'set3week6', 'Saturday', '10 / 3', '', 0, 0, 0, 0, 0, 0, 0, 0, 0),
(3034, 101, 'set3week7', 'Sunday', '10 / 4', '', 0, 0, 0, 0, 0, 0, 0, 0, 0),
(3035, 101, 'set4week1', 'Monday', '10 / 5', '', 8, 0, 0, 0, 0, 0, 0, 1, 0),
(3036, 101, 'set4week2', 'Tuesday', '10 / 6', '', 8, 0, 0, 0, 0, 0, 0, 0, 0),
(3037, 101, 'set4week3', 'Wednesday', '10 / 7', '', 8, 0, 0, 0, 0, 0, 0, 0, 0),
(3038, 101, 'set4week4', 'Thursday', '10 / 8', '', 8, 0, 0, 0, 0, 0, 0, 0, 0),
(3039, 101, 'set4week5', 'Friday', '10 / 9', '', 8, 0, 0, 0, 0, 0, 0, 0, 0),
(3040, 101, 'set4week6', 'Saturday', '10 / 10', '', 0, 0, 0, 0, 0, 0, 0, 0, 0),
(3041, 101, 'set4week7', 'Sunday', '10 / 11', '', 0, 0, 0, 0, 0, 0, 0, 0, 0),
(3042, 102, 'set1week1', 'Monday', '10 / 12', '', 8, 0, 0, 0, 0, 0, 0, 0, 0),
(3043, 102, 'set1week2', 'Tuesday', '10 / 13', '', 8, 0, 0, 0, 0, 0, 0, 0, 0),
(3044, 102, 'set1week3', 'Wednesday', '10 / 14', '', 8, 0, 0, 0, 0, 0, 0, 0, 0),
(3045, 102, 'set1week4', 'Thursday', '10 / 15', '', 8, 0, 0, 0, 0, 0, 0, 0, 0),
(3046, 102, 'set1week5', 'Friday', '10 / 16', '', 8, 0, 0, 0, 0, 0, 0, 0, 0),
(3047, 102, 'set1week6', 'Saturday', '10 / 17', '', 0, 0, 0, 0, 0, 0, 0, 0, 0),
(3048, 102, 'set1week7', 'Sunday', '10 / 18', '', 0, 0, 0, 0, 0, 0, 0, 0, 0),
(3049, 102, 'set2week1', 'Monday', '10 / 19', '', 8, 0, 0, 0, 0, 0, 0, 0, 0),
(3050, 102, 'set2week2', 'Tuesday', '10 / 20', '', 8, 0, 0, 0, 0, 0, 0, 0, 0),
(3051, 102, 'set2week3', 'Wednesday', '10 / 21', 'family', 4, 0, 0, 0, 0, 0, 4, 0, 0),
(3052, 102, 'set2week4', 'Thursday', '10 / 22', '', 8, 0, 0, 0, 0, 0, 0, 0, 0),
(3053, 102, 'set2week5', 'Friday', '10 / 23', '', 8, 0, 0, 0, 0, 0, 0, 0, 0),
(3054, 102, 'set2week6', 'Saturday', '10 / 24', '', 0, 0, 0, 0, 0, 0, 0, 0, 0),
(3055, 102, 'set2week7', 'Sunday', '10 / 25', '', 0, 0, 0, 0, 0, 0, 0, 0, 0),
(3056, 102, 'set3week1', 'Monday', '10 / 26', '', 8, 0, 0, 0, 0, 0, 0, 0, 0),
(3057, 102, 'set3week2', 'Tuesday', '10 / 27', 'circuit breaker at term', 8, 0, 0, 2, 0, 0, 0, 0, 0),
(3058, 102, 'set3week3', 'Wednesday', '10 / 28', '', 8, 0, 0, 0, 0, 0, 0, 0, 0),
(3059, 102, 'set3week4', 'Thursday', '10 / 29', '', 8, 0, 0, 0, 0, 0, 0, 0, 0),
(3060, 102, 'set3week5', 'Friday', '10 / 30', '', 8, 0, 0, 0, 0, 0, 0, 0, 0),
(3061, 102, 'set3week6', 'Saturday', '10 / 31', '', 0, 0, 0, 0, 0, 0, 0, 0, 0),
(3062, 102, 'set3week7', 'Sunday', '11 / 1', '', 0, 0, 0, 0, 0, 0, 0, 0, 0),
(3063, 102, 'set4week1', 'Monday', '11 / 2', 'family', 5, 0, 0, 0, 0, 0, 3, 0, 0),
(3064, 102, 'set4week2', 'Tuesday', '11 / 3', 'family', 2, 0, 0, 0, 0, 0, 6, 0, 0),
(3065, 102, 'set4week3', 'Wednesday', '11 / 4', '', 8, 0, 0, 0, 0, 0, 0, 0, 0),
(3066, 102, 'set4week4', 'Thursday', '11 / 5', 'fam', 3, 0, 0, 0, 0, 0, 5, 0, 0),
(3067, 102, 'set4week5', 'Friday', '11 / 6', 'fam', 2, 0, 0, 0, 0, 0, 6, 0, 0),
(3068, 102, 'set4week6', 'Saturday', '11 / 7', '', 0, 0, 0, 0, 0, 0, 0, 0, 0),
(3069, 102, 'set4week7', 'Sunday', '11 / 8', '', 0, 0, 0, 0, 0, 0, 0, 0, 0),
(3070, 103, 'set1week1', 'Monday', '10 / 12', '', 8, 0, 0, 0, 0, 0, 0, 0, 0),
(3071, 103, 'set1week2', 'Tuesday', '10 / 13', '', 8, 0, 0, 0, 0, 0, 0, 0, 0),
(3072, 103, 'set1week3', 'Wednesday', '10 / 14', '', 8, 0, 0, 0, 0, 0, 0, 0, 0),
(3073, 103, 'set1week4', 'Thursday', '10 / 15', '', 8, 0, 0, 0, 0, 0, 0, 0, 0),
(3074, 103, 'set1week5', 'Friday', '10 / 16', '', 8, 0, 0, 0, 0, 0, 0, 0, 0),
(3075, 103, 'set1week6', 'Saturday', '10 / 17', '', 0, 0, 0, 0, 0, 0, 0, 0, 0),
(3076, 103, 'set1week7', 'Sunday', '10 / 18', '', 0, 0, 0, 0, 0, 0, 0, 0, 0),
(3077, 103, 'set2week1', 'Monday', '10 / 19', '', 7, 0, 0, 0, 0, 0, 0, 1, 1),
(3078, 103, 'set2week2', 'Tuesday', '10 / 20', '', 8, 0, 0, 0, 0, 0, 0, 0, 0),
(3079, 103, 'set2week3', 'Wednesday', '10 / 21', '', 8, 0, 0, 0, 0, 0, 0, 0, 0),
(3080, 103, 'set2week4', 'Thursday', '10 / 22', '', 8, 0, 0, 0, 0, 0, 0, 0, 0),
(3081, 103, 'set2week5', 'Friday', '10 / 23', '', 8, 0, 0, 0, 0, 0, 0, 0, 0),
(3082, 103, 'set2week6', 'Saturday', '10 / 24', '', 0, 0, 0, 0, 0, 0, 0, 0, 0),
(3083, 103, 'set2week7', 'Sunday', '10 / 25', '', 0, 0, 0, 0, 0, 0, 0, 0, 0),
(3084, 103, 'set3week1', 'Monday', '10 / 26', '', 8, 0, 0, 0, 0, 0, 0, 0, 0),
(3085, 103, 'set3week2', 'Tuesday', '10 / 27', '', 8, 0, 0, 0, 0, 0, 0, 0, 0),
(3086, 103, 'set3week3', 'Wednesday', '10 / 28', '', 8, 0, 0, 0, 0, 0, 0, 0, 0),
(3087, 103, 'set3week4', 'Thursday', '10 / 29', '', 8, 0, 0, 0, 0, 0, 0, 0, 0),
(3088, 103, 'set3week5', 'Friday', '10 / 30', '', 4, 0, 0, 0, 0, 0, 0, 0, 4),
(3089, 103, 'set3week6', 'Saturday', '10 / 31', '', 0, 0, 0, 0, 0, 0, 0, 0, 0),
(3090, 103, 'set3week7', 'Sunday', '11 / 1', '', 0, 0, 0, 0, 0, 0, 0, 0, 0),
(3091, 103, 'set4week1', 'Monday', '11 / 2', '', 7, 0, 0, 0, 0, 0, 0, 1, 1),
(3092, 103, 'set4week2', 'Tuesday', '11 / 3', '', 8, 0, 0, 0, 0, 0, 0, 0, 0),
(3093, 103, 'set4week3', 'Wednesday', '11 / 4', '', 8, 0, 0, 0, 0, 0, 0, 0, 0),
(3094, 103, 'set4week4', 'Thursday', '11 / 5', '', 8, 0, 0, 0, 0, 0, 0, 0, 0),
(3095, 103, 'set4week5', 'Friday', '11 / 6', '', 4, 0, 0, 0, 0, 0, 0, 0, 4),
(3096, 103, 'set4week6', 'Saturday', '11 / 7', '', 0, 0, 0, 0, 0, 0, 0, 0, 0),
(3097, 103, 'set4week7', 'Sunday', '11 / 8', '', 0, 0, 0, 0, 0, 0, 0, 0, 0),
(3098, 104, 'set1week1', 'Monday', '10 / 12', '', 0, 0, 0, 0, 0, 0, 0, 0, 0),
(3099, 104, 'set1week2', 'Tuesday', '10 / 13', '', 0, 0, 0, 0, 0, 0, 0, 0, 0),
(3100, 104, 'set1week3', 'Wednesday', '10 / 14', '', 2, 0, 0, 0, 0, 0, 0, 0, 0),
(3101, 104, 'set1week4', 'Thursday', '10 / 15', '', 2, 0, 0, 0, 0, 0, 0, 0, 0),
(3102, 104, 'set1week5', 'Friday', '10 / 16', '', 2, 0, 0, 0, 0, 0, 0, 0, 0),
(3103, 104, 'set1week6', 'Saturday', '10 / 17', '', 2, 0, 0, 0, 0, 0, 0, 0, 0),
(3104, 104, 'set1week7', 'Sunday', '10 / 18', '', 2, 0, 0, 0, 0, 0, 0, 0, 0),
(3105, 104, 'set2week1', 'Monday', '10 / 19', '', 0, 0, 0, 0, 0, 0, 0, 0, 0),
(3106, 104, 'set2week2', 'Tuesday', '10 / 20', '', 0, 0, 0, 0, 0, 0, 0, 0, 0),
(3107, 104, 'set2week3', 'Wednesday', '10 / 21', '', 0, 0, 0, 0, 0, 0, 0, 0, 0),
(3108, 104, 'set2week4', 'Thursday', '10 / 22', '', 0, 0, 0, 0, 0, 0, 0, 0, 0),
(3109, 104, 'set2week5', 'Friday', '10 / 23', '', 2, 0, 0, 0, 0, 0, 0, 0, 0),
(3110, 104, 'set2week6', 'Saturday', '10 / 24', '', 2, 0, 0, 0, 0, 0, 0, 0, 0),
(3111, 104, 'set2week7', 'Sunday', '10 / 25', '', 2, 0, 0, 0, 0, 0, 0, 0, 0),
(3112, 104, 'set3week1', 'Monday', '10 / 26', '', 0, 0, 0, 0, 0, 0, 0, 0, 0),
(3113, 104, 'set3week2', 'Tuesday', '10 / 27', '', 0, 0, 0, 0, 0, 0, 0, 0, 0),
(3114, 104, 'set3week3', 'Wednesday', '10 / 28', '', 2, 0, 0, 0, 0, 0, 0, 0, 0),
(3115, 104, 'set3week4', 'Thursday', '10 / 29', '', 2, 0, 0, 0, 0, 0, 0, 0, 0),
(3116, 104, 'set3week5', 'Friday', '10 / 30', '', 2, 0, 0, 0, 0, 0, 0, 0, 0),
(3117, 104, 'set3week6', 'Saturday', '10 / 31', '', 2, 0, 0, 0, 0, 0, 0, 0, 0),
(3118, 104, 'set3week7', 'Sunday', '11 / 1', '', 2, 0, 0, 0, 0, 0, 0, 0, 0),
(3119, 104, 'set4week1', 'Monday', '11 / 2', '', 0, 0, 0, 0, 0, 0, 0, 0, 0),
(3120, 104, 'set4week2', 'Tuesday', '11 / 3', '', 0, 0, 0, 0, 0, 0, 0, 0, 0),
(3121, 104, 'set4week3', 'Wednesday', '11 / 4', '', 2, 0, 0, 0, 0, 0, 0, 0, 0),
(3122, 104, 'set4week4', 'Thursday', '11 / 5', '', 2, 0, 0, 0, 0, 0, 0, 0, 0),
(3123, 104, 'set4week5', 'Friday', '11 / 6', '', 2, 0, 0, 0, 0, 0, 0, 0, 0),
(3124, 104, 'set4week6', 'Saturday', '11 / 7', '', 2, 0, 0, 0, 0, 0, 0, 0, 0),
(3125, 104, 'set4week7', 'Sunday', '11 / 8', '', 2, 0, 0, 0, 0, 0, 0, 0, 0),
(3126, 105, 'set1week1', 'Monday', '11 / 9', '', 8, 0, 0, 0, 0, 0, 0, 0, 0),
(3127, 105, 'set1week2', 'Tuesday', '11 / 10', '', 8, 0, 0, 0, 0, 0, 0, 0, 0),
(3128, 105, 'set1week3', 'Wednesday', '11 / 11', '', 0, 8, 0, 0, 0, 0, 0, 0, 0),
(3129, 105, 'set1week4', 'Thursday', '11 / 12', '', 8, 0, 0, 0, 0, 0, 0, 0, 0),
(3130, 105, 'set1week5', 'Friday', '11 / 13', '', 6, 0, 0, 0, 0, 0, 0, 0, 2),
(3131, 105, 'set1week6', 'Saturday', '11 / 14', '', 0, 0, 0, 0, 0, 0, 0, 0, 0),
(3132, 105, 'set1week7', 'Sunday', '11 / 15', '', 0, 0, 0, 0, 0, 0, 0, 0, 0),
(3133, 105, 'set2week1', 'Monday', '11 / 16', '', 8, 0, 0, 0, 0, 0, 0, 0, 0),
(3134, 105, 'set2week2', 'Tuesday', '11 / 17', '', 8, 0, 0, 0, 0, 0, 0, 0, 0),
(3135, 105, 'set2week3', 'Wednesday', '11 / 18', '', 8, 0, 0, 0, 0, 0, 0, 0, 0),
(3136, 105, 'set2week4', 'Thursday', '11 / 19', '', 8, 0, 0, 0, 0, 0, 0, 0, 0),
(3137, 105, 'set2week5', 'Friday', '11 / 20', '', 8, 0, 0, 0, 0, 0, 0, 0, 0),
(3138, 105, 'set2week6', 'Saturday', '11 / 21', '', 0, 0, 0, 0, 0, 0, 0, 0, 0),
(3139, 105, 'set2week7', 'Sunday', '11 / 22', '', 0, 0, 0, 0, 0, 0, 0, 0, 0),
(3140, 105, 'set3week1', 'Monday', '11 / 23', '', 8, 0, 0, 0, 0, 0, 0, 0, 0),
(3141, 105, 'set3week2', 'Tuesday', '11 / 24', '', 8, 0, 0, 0, 0, 0, 0, 0, 0),
(3142, 105, 'set3week3', 'Wednesday', '11 / 25', '', 8, 0, 0, 0, 0, 0, 0, 0, 0),
(3143, 105, 'set3week4', 'Thursday', '11 / 26', '', 8, 0, 0, 0, 0, 0, 0, 0, 0),
(3144, 105, 'set3week5', 'Friday', '11 / 27', '', 5, 0, 0, 0, 0, 0, 0, 0, 3),
(3145, 105, 'set3week6', 'Saturday', '11 / 28', '', 0, 0, 0, 0, 0, 0, 0, 0, 0),
(3146, 105, 'set3week7', 'Sunday', '11 / 29', '', 0, 0, 0, 0, 0, 0, 0, 0, 0),
(3147, 105, 'set4week1', 'Monday', '11 / 30', '', 8, 0, 0, 0, 0, 0, 0, 0, 0),
(3148, 105, 'set4week2', 'Tuesday', '12 / 1', '', 8, 0, 0, 0, 0, 0, 0, 0, 0),
(3149, 105, 'set4week3', 'Wednesday', '12 / 2', '', 8, 0, 0, 0, 0, 0, 0, 0, 0),
(3150, 105, 'set4week4', 'Thursday', '12 / 3', '', 8, 0, 0, 0, 0, 0, 0, 0, 0),
(3151, 105, 'set4week5', 'Friday', '12 / 4', '', 6, 0, 0, 0, 0, 0, 0, 0, 2),
(3152, 105, 'set4week6', 'Saturday', '12 / 5', '', 0, 0, 0, 0, 0, 0, 0, 0, 0),
(3153, 105, 'set4week7', 'Sunday', '12 / 6', '', 0, 0, 0, 0, 0, 0, 0, 0, 0),
(3154, 106, 'set1week1', 'Monday', '11 / 9', '', 8, 0, 0, 0, 0, 0, 0, 0, 0),
(3155, 106, 'set1week2', 'Tuesday', '11 / 10', '', 8, 0, 0, 0, 0, 0, 0, 0, 0),
(3156, 106, 'set1week3', 'Wednesday', '11 / 11', '', 0, 8, 0, 0, 0, 0, 0, 0, 0),
(3157, 106, 'set1week4', 'Thursday', '11 / 12', '', 8, 0, 0, 0, 0, 0, 0, 0, 0),
(3158, 106, 'set1week5', 'Friday', '11 / 13', '', 8, 0, 0, 0, 0, 0, 0, 0, 0),
(3159, 106, 'set1week6', 'Saturday', '11 / 14', '', 0, 0, 0, 0, 0, 0, 0, 0, 0),
(3160, 106, 'set1week7', 'Sunday', '11 / 15', '', 0, 0, 0, 0, 0, 0, 0, 0, 0),
(3161, 106, 'set2week1', 'Monday', '11 / 16', '', 8, 0, 0, 0, 0, 0, 0, 0, 0),
(3162, 106, 'set2week2', 'Tuesday', '11 / 17', '', 8, 0, 0, 0, 0, 0, 0, 0, 0),
(3163, 106, 'set2week3', 'Wednesday', '11 / 18', '', 0, 0, 0, 0, 0, 8, 0, 0, 0),
(3164, 106, 'set2week4', 'Thursday', '11 / 19', '', 8, 0, 0, 0, 0, 0, 0, 0, 0),
(3165, 106, 'set2week5', 'Friday', '11 / 20', '', 8, 0, 0, 0, 0, 0, 0, 0, 0),
(3166, 106, 'set2week6', 'Saturday', '11 / 21', '', 0, 0, 0, 0, 0, 0, 0, 0, 0),
(3167, 106, 'set2week7', 'Sunday', '11 / 22', '', 0, 0, 0, 0, 0, 0, 0, 0, 0),
(3168, 106, 'set3week1', 'Monday', '11 / 23', '', 8, 0, 0, 0, 0, 0, 0, 0, 0),
(3169, 106, 'set3week2', 'Tuesday', '11 / 24', '', 8, 0, 0, 0, 0, 0, 0, 0, 0),
(3170, 106, 'set3week3', 'Wednesday', '11 / 25', '', 8, 0, 0, 0, 0, 0, 0, 0, 0),
(3171, 106, 'set3week4', 'Thursday', '11 / 26', '', 0, 8, 0, 0, 0, 0, 0, 0, 0),
(3172, 106, 'set3week5', 'Friday', '11 / 27', '', 8, 0, 0, 0, 0, 0, 0, 0, 0),
(3173, 106, 'set3week6', 'Saturday', '11 / 28', '', 0, 0, 0, 0, 0, 0, 0, 0, 0),
(3174, 106, 'set3week7', 'Sunday', '11 / 29', '', 0, 0, 0, 0, 0, 0, 0, 0, 0),
(3175, 106, 'set4week1', 'Monday', '11 / 30', '', 8, 0, 0, 0, 0, 0, 0, 0, 0),
(3176, 106, 'set4week2', 'Tuesday', '12 / 1', '', 8, 0, 0, 0, 0, 0, 0, 0, 0),
(3177, 106, 'set4week3', 'Wednesday', '12 / 2', '', 8, 0, 0, 0, 0, 0, 0, 0, 0),
(3178, 106, 'set4week4', 'Thursday', '12 / 3', '', 8, 0, 0, 0, 0, 0, 0, 0, 0),
(3179, 106, 'set4week5', 'Friday', '12 / 4', '', 8, 0, 0, 0, 0, 0, 0, 0, 0),
(3180, 106, 'set4week6', 'Saturday', '12 / 5', '', 0, 0, 0, 0, 0, 0, 0, 0, 0),
(3181, 106, 'set4week7', 'Sunday', '12 / 6', '', 0, 0, 0, 0, 2, 0, 0, 0, 0),
(3182, 107, 'set1week1', 'Monday', '11 / 9', '', 0, 0, 0, 0, 0, 0, 0, 0, 0),
(3183, 107, 'set1week2', 'Tuesday', '11 / 10', '', 0, 0, 0, 0, 0, 0, 0, 0, 0),
(3184, 107, 'set1week3', 'Wednesday', '11 / 11', '', 0, 0, 0, 0, 0, 0, 0, 0, 0),
(3185, 107, 'set1week4', 'Thursday', '11 / 12', '', 0, 0, 0, 0, 0, 0, 0, 0, 0),
(3186, 107, 'set1week5', 'Friday', '11 / 13', '', 0, 0, 0, 0, 0, 0, 0, 0, 0),
(3187, 107, 'set1week6', 'Saturday', '11 / 14', '', 0, 0, 0, 0, 0, 0, 0, 0, 0),
(3188, 107, 'set1week7', 'Sunday', '11 / 15', '', 0, 0, 0, 0, 0, 0, 0, 0, 0),
(3189, 107, 'set2week1', 'Monday', '11 / 16', '', 0, 0, 0, 0, 0, 0, 0, 0, 0),
(3190, 107, 'set2week2', 'Tuesday', '11 / 17', '', 0, 0, 0, 0, 0, 0, 0, 0, 0),
(3191, 107, 'set2week3', 'Wednesday', '11 / 18', '', 0, 0, 0, 0, 0, 0, 0, 0, 0),
(3192, 107, 'set2week4', 'Thursday', '11 / 19', '', 0, 0, 0, 0, 0, 0, 0, 0, 0),
(3193, 107, 'set2week5', 'Friday', '11 / 20', '', 0, 0, 0, 0, 0, 0, 0, 0, 0),
(3194, 107, 'set2week6', 'Saturday', '11 / 21', '', 0, 0, 0, 0, 0, 0, 0, 0, 0),
(3195, 107, 'set2week7', 'Sunday', '11 / 22', '', 0, 0, 0, 0, 0, 0, 0, 0, 0),
(3196, 107, 'set3week1', 'Monday', '11 / 23', '', 0, 0, 0, 0, 0, 0, 0, 0, 0),
(3197, 107, 'set3week2', 'Tuesday', '11 / 24', '', 0, 0, 0, 0, 0, 0, 0, 0, 0),
(3198, 107, 'set3week3', 'Wednesday', '11 / 25', '', 0, 0, 0, 0, 0, 0, 0, 0, 0),
(3199, 107, 'set3week4', 'Thursday', '11 / 26', '', 0, 0, 0, 0, 0, 0, 0, 0, 0),
(3200, 107, 'set3week5', 'Friday', '11 / 27', '', 0, 0, 0, 0, 0, 0, 0, 0, 0),
(3201, 107, 'set3week6', 'Saturday', '11 / 28', '', 0, 0, 0, 0, 0, 0, 0, 0, 0),
(3202, 107, 'set3week7', 'Sunday', '11 / 29', '', 0, 0, 0, 0, 0, 0, 0, 0, 0),
(3203, 107, 'set4week1', 'Monday', '11 / 30', '', 0, 0, 0, 0, 0, 0, 0, 0, 0),
(3204, 107, 'set4week2', 'Tuesday', '12 / 1', '', 0, 0, 0, 0, 0, 0, 0, 0, 0),
(3205, 107, 'set4week3', 'Wednesday', '12 / 2', '', 0, 0, 0, 0, 0, 0, 0, 0, 0),
(3206, 107, 'set4week4', 'Thursday', '12 / 3', '', 6.5, 0, 0, 0, 0, 0, 0, 0, 0),
(3207, 107, 'set4week5', 'Friday', '12 / 4', '', 0, 0, 0, 0, 0, 0, 0, 0, 0),
(3208, 107, 'set4week6', 'Saturday', '12 / 5', '', 0, 0, 0, 0, 0, 0, 0, 0, 0),
(3209, 107, 'set4week7', 'Sunday', '12 / 6', '', 0, 0, 0, 0, 0, 0, 0, 0, 0),
(3210, 108, 'set1week1', 'Monday', '11 / 9', '', 0, 0, 0, 0, 0, 0, 0, 0, 0),
(3211, 108, 'set1week2', 'Tuesday', '11 / 10', '', 0, 0, 0, 0, 0, 0, 0, 0, 0),
(3212, 108, 'set1week3', 'Wednesday', '11 / 11', '', 0, 0, 0, 0, 0, 0, 0, 0, 0),
(3213, 108, 'set1week4', 'Thursday', '11 / 12', '', 0, 0, 0, 0, 0, 0, 0, 0, 0),
(3214, 108, 'set1week5', 'Friday', '11 / 13', '', 0, 0, 0, 0, 0, 0, 0, 0, 0),
(3215, 108, 'set1week6', 'Saturday', '11 / 14', '', 0, 0, 0, 0, 0, 0, 0, 0, 0),
(3216, 108, 'set1week7', 'Sunday', '11 / 15', '', 0, 0, 0, 0, 0, 0, 0, 0, 0),
(3217, 108, 'set2week1', 'Monday', '11 / 16', '', 0, 0, 0, 0, 0, 0, 0, 0, 0),
(3218, 108, 'set2week2', 'Tuesday', '11 / 17', '', 0, 0, 0, 0, 0, 0, 0, 0, 0),
(3219, 108, 'set2week3', 'Wednesday', '11 / 18', '', 0, 0, 0, 0, 0, 0, 0, 0, 0),
(3220, 108, 'set2week4', 'Thursday', '11 / 19', '', 0, 0, 0, 0, 0, 0, 0, 0, 0),
(3221, 108, 'set2week5', 'Friday', '11 / 20', '', 0, 0, 0, 0, 0, 0, 0, 0, 0),
(3222, 108, 'set2week6', 'Saturday', '11 / 21', '', 0, 0, 0, 0, 0, 0, 0, 0, 0),
(3223, 108, 'set2week7', 'Sunday', '11 / 22', '', 0, 0, 0, 0, 0, 0, 0, 0, 0),
(3224, 108, 'set3week1', 'Monday', '11 / 23', '', 0, 0, 0, 0, 0, 0, 0, 0, 0),
(3225, 108, 'set3week2', 'Tuesday', '11 / 24', '', 0, 0, 0, 0, 0, 0, 0, 0, 0),
(3226, 108, 'set3week3', 'Wednesday', '11 / 25', '', 0, 0, 0, 0, 0, 0, 0, 0, 0),
(3227, 108, 'set3week4', 'Thursday', '11 / 26', '', 0, 0, 0, 0, 0, 0, 0, 0, 0),
(3228, 108, 'set3week5', 'Friday', '11 / 27', '', 0, 0, 0, 0, 0, 0, 0, 0, 0),
(3229, 108, 'set3week6', 'Saturday', '11 / 28', '', 0, 0, 0, 0, 0, 0, 0, 0, 0),
(3230, 108, 'set3week7', 'Sunday', '11 / 29', '', 0, 0, 0, 0, 0, 0, 0, 0, 0),
(3231, 108, 'set4week1', 'Monday', '11 / 30', '', 0, 0, 0, 0, 0, 0, 0, 0, 0),
(3232, 108, 'set4week2', 'Tuesday', '12 / 1', '', 0, 0, 0, 0, 0, 0, 0, 0, 0),
(3233, 108, 'set4week3', 'Wednesday', '12 / 2', '', 0, 0, 0, 0, 0, 0, 0, 0, 0),
(3234, 108, 'set4week4', 'Thursday', '12 / 3', '', 0, 0, 0, 0, 0, 0, 0, 0, 0),
(3235, 108, 'set4week5', 'Friday', '12 / 4', '', 0, 0, 0, 0, 0, 0, 0, 0, 0),
(3236, 108, 'set4week6', 'Saturday', '12 / 5', '', 0, 0, 0, 0, 0, 0, 0, 0, 0),
(3237, 108, 'set4week7', 'Sunday', '12 / 6', '', 0, 0, 0, 0, 0, 0, 0, 0, 0),
(3238, 108, 'set5week1', 'Monday', '12 / 7', '', 2, 0, 0, 0, 0, 0, 0, 0, 0),
(3239, 108, 'set5week2', 'Tuesday', '12 / 8', '', 0, 0, 0, 0, 0, 0, 0, 0, 0),
(3240, 108, 'set5week3', 'Wednesday', '12 / 9', '', 0, 0, 0, 0, 0, 0, 0, 0, 0),
(3241, 108, 'set5week4', 'Thursday', '12 / 10', '', 0, 0, 0, 0, 0, 0, 0, 0, 0),
(3242, 108, 'set5week5', 'Friday', '12 / 11', '', 0, 0, 0, 0, 0, 0, 0, 0, 0),
(3243, 108, 'set5week6', 'Saturday', '12 / 12', '', 0, 0, 0, 0, 0, 0, 0, 0, 0),
(3244, 108, 'set5week7', 'Sunday', '12 / 13', '', 0, 0, 0, 0, 0, 0, 0, 0, 0),
(3245, 107, 'set5week1', 'Monday', '12 / 7', '', 5.5, 0, 0, 0, 0, 0, 0, 0, 0),
(3246, 107, 'set5week2', 'Tuesday', '12 / 8', '', 6.5, 0, 0, 0, 0, 0, 0, 0, 0),
(3247, 107, 'set5week3', 'Wednesday', '12 / 9', '', 6, 0, 0, 0, 0, 0, 0, 0, 0),
(3248, 107, 'set5week4', 'Thursday', '12 / 10', '', 0, 0, 0, 0, 0, 0, 0, 0, 0),
(3249, 107, 'set5week5', 'Friday', '12 / 11', '', 2, 0, 0, 0, 0, 0, 0, 0, 0),
(3250, 107, 'set5week6', 'Saturday', '12 / 12', '', 0, 0, 0, 0, 0, 0, 0, 0, 0),
(3251, 107, 'set5week7', 'Sunday', '12 / 13', '', 0, 0, 0, 0, 0, 0, 0, 0, 0),
(3252, 106, 'set5week1', 'Monday', '12 / 7', '', 8, 0, 0, 4.5, 0, 0, 0, 0, 0),
(3253, 106, 'set5week2', 'Tuesday', '12 / 8', '', 8, 0, 0, 2, 0, 0, 0, 0, 0),
(3254, 106, 'set5week3', 'Wednesday', '12 / 9', '', 8, 0, 0, 3, 0, 0, 0, 0, 0),
(3255, 106, 'set5week4', 'Thursday', '12 / 10', '', 0, 0, 0, 0, 0, 8, 0, 0, 0),
(3256, 106, 'set5week5', 'Friday', '12 / 11', '', 0, 0, 0, 0, 0, 8, 0, 0, 0),
(3257, 106, 'set5week6', 'Saturday', '12 / 12', '', 0, 0, 0, 0, 0, 0, 0, 0, 0),
(3258, 106, 'set5week7', 'Sunday', '12 / 13', '', 0, 0, 0, 0, 0, 0, 0, 0, 0),
(3259, 105, 'set5week1', 'Monday', '12 / 7', '', 8, 0, 0, 0, 0, 0, 0, 0, 0),
(3260, 105, 'set5week2', 'Tuesday', '12 / 8', '', 8, 0, 0, 0, 0, 0, 0, 0, 0),
(3261, 105, 'set5week3', 'Wednesday', '12 / 9', '', 5, 0, 0, 0, 0, 0, 0, 0, 5),
(3262, 105, 'set5week4', 'Thursday', '12 / 10', '', 8, 0, 0, 0, 0, 0, 0, 0, 0),
(3263, 105, 'set5week5', 'Friday', '12 / 11', '', 6, 0, 0, 0, 0, 0, 0, 0, 2),
(3264, 105, 'set5week6', 'Saturday', '12 / 12', '', 0, 0, 0, 0, 0, 0, 0, 0, 0),
(3265, 105, 'set5week7', 'Sunday', '12 / 13', '', 0, 0, 0, 0, 0, 0, 0, 0, 0),
(3266, 109, 'set1week1', 'Monday', '12 / 14', '', 7, 0, 0, 0, 0, 0, 0, 0, 0),
(3267, 109, 'set1week2', 'Tuesday', '12 / 15', '', 0, 0, 0, 0, 0, 0, 0, 0, 0),
(3268, 109, 'set1week3', 'Wednesday', '12 / 16', '', 0, 0, 0, 0, 0, 0, 0, 0, 0),
(3269, 109, 'set1week4', 'Thursday', '12 / 17', '', 0, 0, 0, 0, 0, 0, 0, 0, 0),
(3270, 109, 'set1week5', 'Friday', '12 / 18', '', 0, 0, 0, 0, 0, 0, 0, 0, 0),
(3271, 109, 'set1week6', 'Saturday', '12 / 19', '', 0, 0, 0, 0, 0, 0, 0, 0, 0),
(3272, 109, 'set1week7', 'Sunday', '12 / 20', '', 5, 0, 0, 0, 0, 0, 0, 0, 0),
(3273, 109, 'set2week1', 'Monday', '12 / 21', '', 6.5, 0, 0, 0, 0, 0, 0, 0, 0),
(3274, 109, 'set2week2', 'Tuesday', '12 / 22', '', 6, 0, 0, 0, 0, 0, 0, 0, 0),
(3275, 109, 'set2week3', 'Wednesday', '12 / 23', '', 0, 0, 0, 0, 0, 0, 0, 0, 0),
(3276, 109, 'set2week4', 'Thursday', '12 / 24', '', 7, 0, 0, 0, 0, 0, 0, 0, 0),
(3277, 109, 'set2week5', 'Friday', '12 / 25', '', 0, 0, 0, 0, 0, 0, 0, 0, 0),
(3278, 109, 'set2week6', 'Saturday', '12 / 26', '', 10.5, 0, 0, 0, 0, 0, 0, 0, 0),
(3279, 109, 'set2week7', 'Sunday', '12 / 27', '', 4, 0, 0, 0, 0, 0, 0, 0, 0),
(3280, 109, 'set3week1', 'Monday', '12 / 28', '', 6.5, 0, 0, 0, 0, 0, 0, 0, 0),
(3281, 109, 'set3week2', 'Tuesday', '12 / 29', '', 5, 0, 0, 0, 0, 0, 0, 0, 0),
(3282, 109, 'set3week3', 'Wednesday', '12 / 30', '', 0, 0, 0, 0, 0, 0, 0, 0, 0),
(3283, 109, 'set3week4', 'Thursday', '12 / 31', '', 0, 0, 0, 0, 0, 0, 0, 0, 0),
(3284, 109, 'set3week5', 'Friday', '1 / 1', '', 0, 0, 0, 0, 0, 0, 0, 0, 0),
(3285, 109, 'set3week6', 'Saturday', '1 / 2', '', 0, 0, 0, 0, 0, 0, 0, 0, 0),
(3286, 109, 'set3week7', 'Sunday', '1 / 3', '', 0, 0, 0, 0, 0, 0, 0, 0, 0),
(3287, 109, 'set4week1', 'Monday', '1 / 4', '', 0, 0, 0, 0, 0, 0, 0, 0, 0),
(3288, 109, 'set4week2', 'Tuesday', '1 / 5', '', 0, 0, 0, 0, 0, 0, 0, 0, 0),
(3289, 109, 'set4week3', 'Wednesday', '1 / 6', '', 11, 0, 0, 0, 0, 0, 0, 0, 0),
(3290, 109, 'set4week4', 'Thursday', '1 / 7', '', 9, 0, 0, 0, 0, 0, 0, 0, 0),
(3291, 109, 'set4week5', 'Friday', '1 / 8', '', 0, 0, 0, 0, 0, 0, 0, 0, 0),
(3292, 109, 'set4week6', 'Saturday', '1 / 9', '', 0, 0, 0, 0, 0, 0, 0, 0, 0),
(3293, 109, 'set4week7', 'Sunday', '1 / 10', '', 0, 0, 0, 0, 0, 0, 0, 0, 0),
(3294, 110, 'set1week1', 'Monday', '12 / 14', '', 8, 0, 0, 3, 0, 0, 0, 0, 0),
(3295, 110, 'set1week2', 'Tuesday', '12 / 15', '', 4, 0, 0, 0, 0, 4, 0, 0, 0),
(3296, 110, 'set1week3', 'Wednesday', '12 / 16', '', 8, 0, 0, 0, 0, 0, 0, 0, 0),
(3297, 110, 'set1week4', 'Thursday', '12 / 17', '', 8, 0, 0, 0, 0, 0, 0, 0, 0),
(3298, 110, 'set1week5', 'Friday', '12 / 18', '', 4, 0, 0, 0, 0, 4, 0, 0, 0),
(3299, 110, 'set1week6', 'Saturday', '12 / 19', '', 0, 0, 0, 0, 0, 0, 0, 0, 0),
(3300, 110, 'set1week7', 'Sunday', '12 / 20', '', 0, 0, 0, 0, 3, 0, 0, 0, 0),
(3301, 110, 'set2week1', 'Monday', '12 / 21', '', 8, 0, 0, 0, 0, 0, 0, 0, 0),
(3302, 110, 'set2week2', 'Tuesday', '12 / 22', '', 8, 0, 0, 5, 0, 0, 0, 0, 0),
(3303, 110, 'set2week3', 'Wednesday', '12 / 23', '', 8, 0, 0, 6, 0, 0, 0, 0, 0);
INSERT INTO `tbl_timesheets_sub_w` (`week_id`, `time_sheet_parent`, `week1_stringname`, `week1_day`, `week1_date`, `week1_notes`, `week1_reg_hours`, `week1_hol_hours`, `week1_hol_pay`, `week1_ot`, `week1_dt`, `week1_vl`, `week1_sl`, `week1_ce`, `week1_ct`) VALUES
(3304, 110, 'set2week4', 'Thursday', '12 / 24', '', 8, 0, 0, 6, 0, 0, 0, 0, 0),
(3305, 110, 'set2week5', 'Friday', '12 / 25', '', 8, 8, 0, 4, 0, 0, 0, 0, 0),
(3306, 110, 'set2week6', 'Saturday', '12 / 26', '', 0, 0, 0, 13, 0, 0, 0, 0, 0),
(3307, 110, 'set2week7', 'Sunday', '12 / 27', '', 0, 0, 0, 0, 4, 0, 0, 0, 0),
(3308, 110, 'set3week1', 'Monday', '12 / 28', '', 8, 0, 0, 0, 0, 0, 0, 0, 0),
(3309, 110, 'set3week2', 'Tuesday', '12 / 29', '', 4, 0, 0, 0, 0, 4, 0, 0, 0),
(3310, 110, 'set3week3', 'Wednesday', '12 / 30', '', 0, 0, 0, 0, 0, 8, 0, 0, 0),
(3311, 110, 'set3week4', 'Thursday', '12 / 31', '', 0, 0, 0, 0, 0, 8, 0, 0, 0),
(3312, 110, 'set3week5', 'Friday', '1 / 1', '', 0, 8, 0, 0, 0, 0, 0, 0, 0),
(3313, 110, 'set3week6', 'Saturday', '1 / 2', '', 0, 0, 0, 0, 0, 0, 0, 0, 0),
(3314, 110, 'set3week7', 'Sunday', '1 / 3', '', 0, 0, 0, 0, 0, 0, 0, 0, 0),
(3315, 110, 'set4week1', 'Monday', '1 / 4', '', 4, 0, 0, 0, 0, 4, 0, 0, 0),
(3316, 110, 'set4week2', 'Tuesday', '1 / 5', '', 0, 0, 0, 0, 0, 8, 0, 0, 0),
(3317, 110, 'set4week3', 'Wednesday', '1 / 6', '', 8, 0, 0, 8, 0, 0, 0, 0, 0),
(3318, 110, 'set4week4', 'Thursday', '1 / 7', '', 8, 0, 0, 6, 0, 0, 0, 0, 0),
(3319, 110, 'set4week5', 'Friday', '1 / 8', '', 8, 0, 0, 0, 0, 0, 0, 0, 0),
(3320, 110, 'set4week6', 'Saturday', '1 / 9', '', 0, 0, 0, 0, 0, 0, 0, 0, 0),
(3321, 110, 'set4week7', 'Sunday', '1 / 10', '', 0, 0, 0, 0, 0, 0, 0, 0, 0),
(3322, 111, 'set1week1', 'Monday', '11 / 9', '', 0, 0, 0, 0, 0, 0, 0, 0, 0),
(3323, 111, 'set1week2', 'Tuesday', '11 / 10', '', 0, 0, 0, 0, 0, 0, 0, 0, 0),
(3324, 111, 'set1week3', 'Wednesday', '11 / 11', '', 2, 0, 0, 0, 0, 0, 0, 0, 0),
(3325, 111, 'set1week4', 'Thursday', '11 / 12', '', 2, 0, 0, 0, 0, 0, 0, 0, 0),
(3326, 111, 'set1week5', 'Friday', '11 / 13', '', 2, 0, 0, 0, 0, 0, 0, 0, 0),
(3327, 111, 'set1week6', 'Saturday', '11 / 14', '', 2, 0, 0, 0, 0, 0, 0, 0, 0),
(3328, 111, 'set1week7', 'Sunday', '11 / 15', '', 2, 0, 0, 0, 0, 0, 0, 0, 0),
(3329, 111, 'set2week1', 'Monday', '11 / 16', '', 0, 0, 0, 0, 0, 0, 0, 0, 0),
(3330, 111, 'set2week2', 'Tuesday', '11 / 17', '', 0, 0, 0, 0, 0, 0, 0, 0, 0),
(3331, 111, 'set2week3', 'Wednesday', '11 / 18', '', 2, 0, 0, 0, 0, 0, 0, 0, 0),
(3332, 111, 'set2week4', 'Thursday', '11 / 19', '', 2, 0, 0, 0, 0, 0, 0, 0, 0),
(3333, 111, 'set2week5', 'Friday', '11 / 20', '', 2, 0, 0, 0, 0, 0, 0, 0, 0),
(3334, 111, 'set2week6', 'Saturday', '11 / 21', '', 2, 0, 0, 0, 0, 0, 0, 0, 0),
(3335, 111, 'set2week7', 'Sunday', '11 / 22', '', 2, 0, 0, 0, 0, 0, 0, 0, 0),
(3336, 111, 'set3week1', 'Monday', '11 / 23', '', 0, 0, 0, 0, 0, 0, 0, 0, 0),
(3337, 111, 'set3week2', 'Tuesday', '11 / 24', '', 0, 0, 0, 0, 0, 0, 0, 0, 0),
(3338, 111, 'set3week3', 'Wednesday', '11 / 25', '', 2, 0, 0, 0, 0, 0, 0, 0, 0),
(3339, 111, 'set3week4', 'Thursday', '11 / 26', '', 2, 0, 0, 0, 0, 0, 0, 0, 0),
(3340, 111, 'set3week5', 'Friday', '11 / 27', '', 2, 0, 0, 0, 0, 0, 0, 0, 0),
(3341, 111, 'set3week6', 'Saturday', '11 / 28', '', 2, 0, 0, 0, 0, 0, 0, 0, 0),
(3342, 111, 'set3week7', 'Sunday', '11 / 29', '', 2, 0, 0, 0, 0, 0, 0, 0, 0),
(3343, 111, 'set4week1', 'Monday', '11 / 30', '', 0, 0, 0, 0, 0, 0, 0, 0, 0),
(3344, 111, 'set4week2', 'Tuesday', '12 / 1', '', 0, 0, 0, 0, 0, 0, 0, 0, 0),
(3345, 111, 'set4week3', 'Wednesday', '12 / 2', '', 2, 0, 0, 0, 0, 0, 0, 0, 0),
(3346, 111, 'set4week4', 'Thursday', '12 / 3', '', 2, 0, 0, 0, 0, 0, 0, 0, 0),
(3347, 111, 'set4week5', 'Friday', '12 / 4', '', 2, 0, 0, 0, 0, 0, 0, 0, 0),
(3348, 111, 'set4week6', 'Saturday', '12 / 5', '', 2, 0, 0, 0, 0, 0, 0, 0, 0),
(3349, 111, 'set4week7', 'Sunday', '12 / 6', '', 2, 0, 0, 0, 0, 0, 0, 0, 0),
(3350, 111, 'set5week1', 'Monday', '12 / 7', '', 0, 0, 0, 0, 0, 0, 0, 0, 0),
(3351, 111, 'set5week2', 'Tuesday', '12 / 8', '', 0, 0, 0, 0, 0, 0, 0, 0, 0),
(3352, 111, 'set5week3', 'Wednesday', '12 / 9', '', 2, 0, 0, 0, 0, 0, 0, 0, 0),
(3353, 111, 'set5week4', 'Thursday', '12 / 10', '', 0, 0, 0, 0, 0, 0, 0, 0, 0),
(3354, 111, 'set5week5', 'Friday', '12 / 11', '', 0, 0, 0, 0, 0, 0, 0, 0, 0),
(3355, 111, 'set5week6', 'Saturday', '12 / 12', '', 0, 0, 0, 0, 0, 0, 0, 0, 0),
(3356, 111, 'set5week7', 'Sunday', '12 / 13', '', 2, 0, 0, 0, 0, 0, 0, 0, 0),
(3357, 112, 'set1week1', 'Monday', '12 / 14', '', 2, 0, 0, 0, 0, 0, 0, 0, 0),
(3358, 112, 'set1week2', 'Tuesday', '12 / 15', '', 2, 0, 0, 0, 0, 0, 0, 0, 0),
(3359, 112, 'set1week3', 'Wednesday', '12 / 16', '', 2, 0, 0, 0, 0, 0, 0, 0, 0),
(3360, 112, 'set1week4', 'Thursday', '12 / 17', '', 2, 0, 0, 0, 0, 0, 0, 0, 0),
(3361, 112, 'set1week5', 'Friday', '12 / 18', '', 0, 0, 0, 0, 0, 0, 0, 0, 0),
(3362, 112, 'set1week6', 'Saturday', '12 / 19', '', 2, 0, 0, 0, 0, 0, 0, 0, 0),
(3363, 112, 'set1week7', 'Sunday', '12 / 20', '', 0, 0, 0, 0, 0, 0, 0, 0, 0),
(3364, 112, 'set2week1', 'Monday', '12 / 21', '', 2, 0, 0, 0, 0, 0, 0, 0, 0),
(3365, 112, 'set2week2', 'Tuesday', '12 / 22', '', 2, 0, 0, 0, 0, 0, 0, 0, 0),
(3366, 112, 'set2week3', 'Wednesday', '12 / 23', '', 0, 0, 0, 0, 0, 0, 0, 0, 0),
(3367, 112, 'set2week4', 'Thursday', '12 / 24', '', 0, 0, 0, 0, 0, 0, 0, 0, 0),
(3368, 112, 'set2week5', 'Friday', '12 / 25', '', 0, 0, 0, 0, 0, 0, 0, 0, 0),
(3369, 112, 'set2week6', 'Saturday', '12 / 26', '', 0, 0, 0, 0, 0, 0, 0, 0, 0),
(3370, 112, 'set2week7', 'Sunday', '12 / 27', '', 0, 0, 0, 0, 0, 0, 0, 0, 0),
(3371, 112, 'set3week1', 'Monday', '12 / 28', '', 2, 0, 0, 0, 0, 0, 0, 0, 0),
(3372, 112, 'set3week2', 'Tuesday', '12 / 29', '', 0, 0, 0, 0, 0, 0, 0, 0, 0),
(3373, 112, 'set3week3', 'Wednesday', '12 / 30', '', 0, 0, 0, 0, 0, 0, 0, 0, 0),
(3374, 112, 'set3week4', 'Thursday', '12 / 31', '', 2, 0, 0, 0, 0, 0, 0, 0, 0),
(3375, 112, 'set3week5', 'Friday', '1 / 1', '', 0, 0, 0, 0, 0, 0, 0, 0, 0),
(3376, 112, 'set3week6', 'Saturday', '1 / 2', '', 0, 0, 0, 0, 0, 0, 0, 0, 0),
(3377, 112, 'set3week7', 'Sunday', '1 / 3', '', 0, 0, 0, 0, 0, 0, 0, 0, 0),
(3378, 112, 'set4week1', 'Monday', '1 / 4', '', 0, 0, 0, 0, 0, 0, 0, 0, 0),
(3379, 112, 'set4week2', 'Tuesday', '1 / 5', '', 0, 0, 0, 0, 0, 0, 0, 0, 0),
(3380, 112, 'set4week3', 'Wednesday', '1 / 6', '', 0, 0, 0, 0, 0, 0, 0, 0, 0),
(3381, 112, 'set4week4', 'Thursday', '1 / 7', '', 0, 0, 0, 0, 0, 0, 0, 0, 0),
(3382, 112, 'set4week5', 'Friday', '1 / 8', '', 0, 0, 0, 0, 0, 0, 0, 0, 0),
(3383, 112, 'set4week6', 'Saturday', '1 / 9', '', 0, 0, 0, 0, 0, 0, 0, 0, 0),
(3384, 112, 'set4week7', 'Sunday', '1 / 10', '', 0, 0, 0, 0, 0, 0, 0, 0, 0),
(3385, 113, 'set1week1', 'Monday', '12 / 14', '', 8, 0, 0, 0, 0, 0, 0, 0, 0),
(3386, 113, 'set1week2', 'Tuesday', '12 / 15', '', 8, 0, 0, 0, 0, 0, 0, 0, 0),
(3387, 113, 'set1week3', 'Wednesday', '12 / 16', '', 8, 0, 0, 0, 0, 0, 0, 0, 0),
(3388, 113, 'set1week4', 'Thursday', '12 / 17', '', 8, 0, 0, 0, 0, 0, 0, 0, 0),
(3389, 113, 'set1week5', 'Friday', '12 / 18', '', 8, 0, 0, 0, 0, 0, 0, 0, 0),
(3390, 113, 'set1week6', 'Saturday', '12 / 19', '', 0, 0, 0, 0, 0, 0, 0, 0, 0),
(3391, 113, 'set1week7', 'Sunday', '12 / 20', '', 0, 0, 0, 0, 0, 0, 0, 0, 0),
(3392, 113, 'set2week1', 'Monday', '12 / 21', '', 8, 0, 0, 0, 0, 0, 0, 0, 0),
(3393, 113, 'set2week2', 'Tuesday', '12 / 22', '', 8, 0, 0, 0, 0, 0, 0, 0, 0),
(3394, 113, 'set2week3', 'Wednesday', '12 / 23', '', 8, 0, 0, 0, 0, 0, 0, 0, 0),
(3395, 113, 'set2week4', 'Thursday', '12 / 24', '', 8, 0, 0, 0, 0, 0, 0, 0, 0),
(3396, 113, 'set2week5', 'Friday', '12 / 25', '', 8, 0, 0, 0, 0, 0, 0, 0, 0),
(3397, 113, 'set2week6', 'Saturday', '12 / 26', '', 0, 0, 0, 0, 0, 0, 0, 0, 0),
(3398, 113, 'set2week7', 'Sunday', '12 / 27', '', 0, 0, 0, 0, 0, 0, 0, 0, 0),
(3399, 113, 'set3week1', 'Monday', '12 / 28', '', 8, 0, 0, 0, 0, 0, 0, 0, 0),
(3400, 113, 'set3week2', 'Tuesday', '12 / 29', '', 8, 0, 0, 0, 0, 0, 0, 0, 0),
(3401, 113, 'set3week3', 'Wednesday', '12 / 30', '', 8, 0, 0, 0, 0, 0, 0, 0, 0),
(3402, 113, 'set3week4', 'Thursday', '12 / 31', '', 8, 0, 0, 0, 0, 0, 0, 0, 0),
(3403, 113, 'set3week5', 'Friday', '1 / 1', '', 8, 0, 0, 0, 0, 0, 0, 0, 0),
(3404, 113, 'set3week6', 'Saturday', '1 / 2', '', 0, 0, 0, 0, 0, 0, 0, 0, 0),
(3405, 113, 'set3week7', 'Sunday', '1 / 3', '', 0, 0, 0, 0, 0, 0, 0, 0, 0),
(3406, 113, 'set4week1', 'Monday', '1 / 4', '', 8, 0, 0, 0, 0, 0, 0, 0, 0),
(3407, 113, 'set4week2', 'Tuesday', '1 / 5', '', 8, 0, 0, 0, 0, 0, 0, 0, 0),
(3408, 113, 'set4week3', 'Wednesday', '1 / 6', '', 8, 0, 0, 0, 0, 0, 0, 0, 0),
(3409, 113, 'set4week4', 'Thursday', '1 / 7', '', 8, 0, 0, 0, 0, 0, 0, 0, 0),
(3410, 113, 'set4week5', 'Friday', '1 / 8', '', 8, 0, 0, 0, 0, 0, 0, 0, 0),
(3411, 113, 'set4week6', 'Saturday', '1 / 9', '', 0, 0, 0, 0, 0, 0, 0, 0, 0),
(3412, 113, 'set4week7', 'Sunday', '1 / 10', '', 0, 0, 0, 0, 0, 0, 0, 0, 0),
(3413, 114, 'set1week1', 'Monday', '1 / 11', '', 8, 0, 0, 0, 0, 0, 0, 0, 0),
(3414, 114, 'set1week2', 'Tuesday', '1 / 12', '', 8, 0, 0, 0, 0, 0, 0, 0, 0),
(3415, 114, 'set1week3', 'Wednesday', '1 / 13', '', 8, 0, 0, 0, 0, 0, 0, 0, 0),
(3416, 114, 'set1week4', 'Thursday', '1 / 14', '', 8, 0, 0, 0, 0, 0, 0, 0, 0),
(3417, 114, 'set1week5', 'Friday', '1 / 15', '', 8, 0, 0, 0, 0, 0, 0, 0, 0),
(3418, 114, 'set1week6', 'Saturday', '1 / 16', '', 0, 0, 0, 0, 0, 0, 0, 0, 0),
(3419, 114, 'set1week7', 'Sunday', '1 / 17', '', 0, 0, 0, 0, 0, 0, 0, 0, 0),
(3420, 114, 'set2week1', 'Monday', '1 / 18', '', 0, 8, 0, 0, 0, 0, 0, 0, 0),
(3421, 114, 'set2week2', 'Tuesday', '1 / 19', '', 8, 0, 0, 0, 0, 0, 0, 0, 0),
(3422, 114, 'set2week3', 'Wednesday', '1 / 20', '', 8, 0, 0, 0, 0, 0, 0, 4, 0),
(3423, 114, 'set2week4', 'Thursday', '1 / 21', '', 8, 0, 0, 0, 0, 0, 0, 6, 0),
(3424, 114, 'set2week5', 'Friday', '1 / 22', '', 8, 0, 0, 0, 0, 0, 0, 4, 0),
(3425, 114, 'set2week6', 'Saturday', '1 / 23', '', 0, 0, 0, 0, 0, 0, 0, 0, 0),
(3426, 114, 'set2week7', 'Sunday', '1 / 24', '', 0, 0, 0, 0, 0, 0, 0, 0, 0),
(3427, 114, 'set3week1', 'Monday', '1 / 25', '', 8, 0, 0, 0, 0, 0, 0, 0, 0),
(3428, 114, 'set3week2', 'Tuesday', '1 / 26', '', 8, 0, 0, 0, 0, 0, 0, 0, 0),
(3429, 114, 'set3week3', 'Wednesday', '1 / 27', '', 8, 0, 0, 0, 0, 0, 0, 3, 0),
(3430, 114, 'set3week4', 'Thursday', '1 / 28', '', 8, 0, 0, 0, 0, 0, 0, 6, 0),
(3431, 114, 'set3week5', 'Friday', '1 / 29', '', 8, 0, 0, 0, 0, 0, 0, 0, 0),
(3432, 114, 'set3week6', 'Saturday', '1 / 30', '', 0, 0, 0, 0, 0, 0, 0, 0, 0),
(3433, 114, 'set3week7', 'Sunday', '1 / 31', '', 0, 0, 0, 0, 0, 0, 0, 0, 0),
(3434, 114, 'set4week1', 'Monday', '2 / 1', '', 8, 0, 0, 0, 0, 0, 0, 4, 0),
(3435, 114, 'set4week2', 'Tuesday', '2 / 2', '', 8, 0, 0, 0, 0, 0, 0, 4, 0),
(3436, 114, 'set4week3', 'Wednesday', '2 / 3', '', 8, 0, 0, 0, 0, 0, 0, 4, 0),
(3437, 114, 'set4week4', 'Thursday', '2 / 4', '', 8, 0, 0, 0, 0, 0, 0, 4, 0),
(3438, 114, 'set4week5', 'Friday', '2 / 5', '', 8, 0, 0, 0, 0, 0, 0, 6, 0),
(3439, 114, 'set4week6', 'Saturday', '2 / 6', '', 0, 0, 0, 0, 0, 0, 0, 9, 0),
(3440, 114, 'set4week7', 'Sunday', '2 / 7', '', 0, 0, 0, 0, 0, 0, 0, 7, 0),
(3441, 115, 'set1week1', 'Monday', '12 / 14', '', 0, 0, 0, 0, 0, 0, 0, 0, 0),
(3442, 115, 'set1week2', 'Tuesday', '12 / 15', '', 0, 0, 0, 0, 0, 0, 0, 0, 0),
(3443, 115, 'set1week3', 'Wednesday', '12 / 16', '', 0, 0, 0, 0, 0, 0, 0, 0, 0),
(3444, 115, 'set1week4', 'Thursday', '12 / 17', '', 0, 0, 0, 0, 0, 0, 0, 0, 0),
(3445, 115, 'set1week5', 'Friday', '12 / 18', '', 0, 0, 0, 0, 0, 0, 0, 0, 0),
(3446, 115, 'set1week6', 'Saturday', '12 / 19', '', 0, 0, 0, 0, 0, 0, 0, 0, 0),
(3447, 115, 'set1week7', 'Sunday', '12 / 20', '', 0, 0, 0, 0, 0, 0, 0, 0, 0),
(3448, 115, 'set2week1', 'Monday', '12 / 21', '', 0, 0, 0, 0, 0, 0, 0, 0, 0),
(3449, 115, 'set2week2', 'Tuesday', '12 / 22', '', 0, 0, 0, 0, 0, 0, 0, 0, 0),
(3450, 115, 'set2week3', 'Wednesday', '12 / 23', '', 0, 0, 0, 0, 0, 0, 0, 0, 0),
(3451, 115, 'set2week4', 'Thursday', '12 / 24', '', 0, 0, 0, 0, 0, 0, 0, 0, 0),
(3452, 115, 'set2week5', 'Friday', '12 / 25', '', 0, 0, 0, 0, 0, 0, 0, 0, 0),
(3453, 115, 'set2week6', 'Saturday', '12 / 26', '', 0, 0, 0, 0, 0, 0, 0, 0, 0),
(3454, 115, 'set2week7', 'Sunday', '12 / 27', '', 0, 0, 0, 0, 0, 0, 0, 0, 0),
(3455, 115, 'set3week1', 'Monday', '12 / 28', '', 0, 0, 0, 0, 0, 0, 0, 0, 0),
(3456, 115, 'set3week2', 'Tuesday', '12 / 29', '', 0, 0, 0, 0, 0, 0, 0, 0, 0),
(3457, 115, 'set3week3', 'Wednesday', '12 / 30', '', 0, 0, 0, 0, 0, 0, 0, 0, 0),
(3458, 115, 'set3week4', 'Thursday', '12 / 31', '', 0, 0, 0, 0, 0, 0, 0, 0, 0),
(3459, 115, 'set3week5', 'Friday', '1 / 1', '', 0, 0, 0, 0, 0, 0, 0, 0, 0),
(3460, 115, 'set3week6', 'Saturday', '1 / 2', '', 0, 0, 0, 0, 0, 0, 0, 0, 0),
(3461, 115, 'set3week7', 'Sunday', '1 / 3', '', 0, 0, 0, 0, 0, 0, 0, 0, 0),
(3462, 115, 'set4week1', 'Monday', '1 / 4', '', 0, 0, 0, 0, 0, 0, 0, 0, 0),
(3463, 115, 'set4week2', 'Tuesday', '1 / 5', '', 0, 0, 0, 0, 0, 0, 0, 0, 0),
(3464, 115, 'set4week3', 'Wednesday', '1 / 6', '', 1, 0, 0, 0, 0, 0, 0, 0, 0),
(3465, 115, 'set4week4', 'Thursday', '1 / 7', '', 5.5, 0, 0, 0, 0, 0, 0, 0, 0),
(3466, 115, 'set4week5', 'Friday', '1 / 8', '', 3.5, 0, 0, 0, 0, 0, 0, 0, 0),
(3467, 115, 'set4week6', 'Saturday', '1 / 9', '', 4, 0, 0, 0, 0, 0, 0, 0, 0),
(3468, 115, 'set4week7', 'Sunday', '1 / 10', '', 4, 0, 0, 0, 0, 0, 0, 0, 0),
(3469, 116, 'set1week1', 'Monday', '1 / 11', '', 4.5, 0, 0, 0, 0, 0, 0, 0, 0),
(3470, 116, 'set1week2', 'Tuesday', '1 / 12', '', 4.5, 0, 0, 0, 0, 0, 0, 0, 0),
(3471, 116, 'set1week3', 'Wednesday', '1 / 13', '', 4.25, 0, 0, 0, 0, 0, 0, 0, 0),
(3472, 116, 'set1week4', 'Thursday', '1 / 14', '', 0, 0, 0, 0, 0, 0, 0, 0, 0),
(3473, 116, 'set1week5', 'Friday', '1 / 15', '', 4, 0, 0, 0, 0, 0, 0, 0, 0),
(3474, 116, 'set1week6', 'Saturday', '1 / 16', '', 2, 0, 0, 0, 0, 0, 0, 0, 0),
(3475, 116, 'set1week7', 'Sunday', '1 / 17', '', 0, 0, 0, 0, 0, 0, 0, 0, 0),
(3476, 116, 'set2week1', 'Monday', '1 / 18', '', 4.5, 0, 0, 0, 0, 0, 0, 0, 0),
(3477, 116, 'set2week2', 'Tuesday', '1 / 19', '', 4.5, 0, 0, 0, 0, 0, 0, 0, 0),
(3478, 116, 'set2week3', 'Wednesday', '1 / 20', '', 4.25, 0, 0, 0, 0, 0, 0, 0, 0),
(3479, 116, 'set2week4', 'Thursday', '1 / 21', '', 0, 0, 0, 0, 0, 0, 0, 0, 0),
(3480, 116, 'set2week5', 'Friday', '1 / 22', '', 4.5, 0, 0, 0, 0, 0, 0, 0, 0),
(3481, 116, 'set2week6', 'Saturday', '1 / 23', '', 2, 0, 0, 0, 0, 0, 0, 0, 0),
(3482, 116, 'set2week7', 'Sunday', '1 / 24', '', 0, 0, 0, 0, 0, 0, 0, 0, 0),
(3483, 116, 'set3week1', 'Monday', '1 / 25', '', 4.5, 0, 0, 0, 0, 0, 0, 0, 0),
(3484, 116, 'set3week2', 'Tuesday', '1 / 26', '', 4.5, 0, 0, 0, 0, 0, 0, 0, 0),
(3485, 116, 'set3week3', 'Wednesday', '1 / 27', '', 4.5, 0, 0, 0, 0, 0, 0, 0, 0),
(3486, 116, 'set3week4', 'Thursday', '1 / 28', '', 0, 0, 0, 0, 0, 0, 0, 0, 0),
(3487, 116, 'set3week5', 'Friday', '1 / 29', '', 4.25, 0, 0, 0, 0, 0, 0, 0, 0),
(3488, 116, 'set3week6', 'Saturday', '1 / 30', '', 2.25, 0, 0, 0, 0, 0, 0, 0, 0),
(3489, 116, 'set3week7', 'Sunday', '1 / 31', '', 0, 0, 0, 0, 0, 0, 0, 0, 0),
(3490, 116, 'set4week1', 'Monday', '2 / 1', '', 4.5, 0, 0, 0, 0, 0, 0, 0, 0),
(3491, 116, 'set4week2', 'Tuesday', '2 / 2', '', 4.5, 0, 0, 0, 0, 0, 0, 0, 0),
(3492, 116, 'set4week3', 'Wednesday', '2 / 3', '', 4.25, 0, 0, 0, 0, 0, 0, 0, 0),
(3493, 116, 'set4week4', 'Thursday', '2 / 4', '', 0, 0, 0, 0, 0, 0, 0, 0, 0),
(3494, 116, 'set4week5', 'Friday', '2 / 5', '', 4.25, 0, 0, 0, 0, 0, 0, 0, 0),
(3495, 116, 'set4week6', 'Saturday', '2 / 6', '', 2.5, 0, 0, 0, 0, 0, 0, 0, 0),
(3496, 116, 'set4week7', 'Sunday', '2 / 7', '', 0, 0, 0, 0, 0, 0, 0, 0, 0),
(3497, 117, 'set1week1', 'Monday', '1 / 11', '', 8, 0, 0, 0, 0, 0, 0, 0, 0),
(3498, 117, 'set1week2', 'Tuesday', '1 / 12', '', 8, 0, 0, 0, 0, 0, 0, 0, 0),
(3499, 117, 'set1week3', 'Wednesday', '1 / 13', '', 8, 0, 0, 0, 0, 0, 0, 0, 0),
(3500, 117, 'set1week4', 'Thursday', '1 / 14', '', 8, 0, 0, 0, 0, 0, 0, 0, 0),
(3501, 117, 'set1week5', 'Friday', '1 / 15', '', 8, 0, 0, 0, 0, 0, 0, 0, 0),
(3502, 117, 'set1week6', 'Saturday', '1 / 16', '', 0, 0, 0, 0, 0, 0, 0, 0, 0),
(3503, 117, 'set1week7', 'Sunday', '1 / 17', '', 0, 0, 0, 0, 0, 0, 0, 0, 0),
(3504, 117, 'set2week1', 'Monday', '1 / 18', '', 0, 8, 0, 0, 0, 0, 0, 0, 0),
(3505, 117, 'set2week2', 'Tuesday', '1 / 19', '', 8, 0, 0, 0, 0, 0, 0, 0, 0),
(3506, 117, 'set2week3', 'Wednesday', '1 / 20', '', 8, 0, 0, 3, 0, 0, 0, 0, 0),
(3507, 117, 'set2week4', 'Thursday', '1 / 21', '', 8, 0, 0, 6, 0, 0, 0, 0, 0),
(3508, 117, 'set2week5', 'Friday', '1 / 22', '', 8, 0, 0, 3, 0, 0, 0, 0, 0),
(3509, 117, 'set2week6', 'Saturday', '1 / 23', '', 0, 0, 0, 0, 0, 0, 0, 0, 0),
(3510, 117, 'set2week7', 'Sunday', '1 / 24', '', 0, 0, 0, 0, 0, 0, 0, 0, 0),
(3511, 117, 'set3week1', 'Monday', '1 / 25', '', 8, 0, 0, 0, 0, 0, 0, 0, 0),
(3512, 117, 'set3week2', 'Tuesday', '1 / 26', '', 8, 0, 0, 0, 0, 0, 0, 0, 0),
(3513, 117, 'set3week3', 'Wednesday', '1 / 27', '', 8, 0, 0, 3, 0, 0, 0, 0, 0),
(3514, 117, 'set3week4', 'Thursday', '1 / 28', '', 8, 0, 0, 6, 0, 0, 0, 0, 0),
(3515, 117, 'set3week5', 'Friday', '1 / 29', '', 8, 0, 0, 0, 0, 0, 0, 0, 0),
(3516, 117, 'set3week6', 'Saturday', '1 / 30', '', 0, 0, 0, 0, 0, 0, 0, 0, 0),
(3517, 117, 'set3week7', 'Sunday', '1 / 31', '', 0, 0, 0, 0, 0, 0, 0, 0, 0),
(3518, 117, 'set4week1', 'Monday', '2 / 1', '', 8, 0, 0, 3, 0, 0, 0, 0, 0),
(3519, 117, 'set4week2', 'Tuesday', '2 / 2', '', 8, 0, 0, 3, 0, 0, 0, 0, 0),
(3520, 117, 'set4week3', 'Wednesday', '2 / 3', '', 8, 0, 0, 3, 0, 0, 0, 0, 0),
(3521, 117, 'set4week4', 'Thursday', '2 / 4', '', 8, 0, 0, 3, 0, 0, 0, 0, 0),
(3522, 117, 'set4week5', 'Friday', '2 / 5', '', 8, 0, 0, 6, 0, 0, 0, 0, 0),
(3523, 117, 'set4week6', 'Saturday', '2 / 6', '', 0, 0, 0, 9, 0, 0, 0, 0, 0),
(3524, 117, 'set4week7', 'Sunday', '2 / 7', '', 0, 0, 0, 0, 7, 0, 0, 0, 0),
(3525, 118, 'set1week1', 'Monday', '1 / 11', '', 0, 0, 0, 0, 0, 0, 0, 0, 0),
(3526, 118, 'set1week2', 'Tuesday', '1 / 12', '', 0, 0, 0, 0, 0, 0, 0, 0, 0),
(3527, 118, 'set1week3', 'Wednesday', '1 / 13', '', 0, 0, 0, 0, 0, 0, 0, 0, 0),
(3528, 118, 'set1week4', 'Thursday', '1 / 14', '', 0, 0, 0, 0, 0, 0, 0, 0, 0),
(3529, 118, 'set1week5', 'Friday', '1 / 15', '', 0, 0, 0, 0, 0, 0, 0, 0, 0),
(3530, 118, 'set1week6', 'Saturday', '1 / 16', '', 0, 0, 0, 0, 0, 0, 0, 0, 0),
(3531, 118, 'set1week7', 'Sunday', '1 / 17', '', 0, 0, 0, 0, 0, 0, 0, 0, 0),
(3532, 118, 'set2week1', 'Monday', '1 / 18', '', 0, 0, 0, 0, 0, 0, 0, 0, 0),
(3533, 118, 'set2week2', 'Tuesday', '1 / 19', '', 0, 0, 0, 0, 0, 0, 0, 0, 0),
(3534, 118, 'set2week3', 'Wednesday', '1 / 20', '', 0, 0, 0, 0, 0, 0, 0, 0, 0),
(3535, 118, 'set2week4', 'Thursday', '1 / 21', '', 0, 0, 0, 0, 0, 0, 0, 0, 0),
(3536, 118, 'set2week5', 'Friday', '1 / 22', '', 0, 0, 0, 0, 0, 0, 0, 0, 0),
(3537, 118, 'set2week6', 'Saturday', '1 / 23', '', 0, 0, 0, 0, 0, 0, 0, 0, 0),
(3538, 118, 'set2week7', 'Sunday', '1 / 24', '', 0, 0, 0, 0, 0, 0, 0, 0, 0),
(3539, 118, 'set3week1', 'Monday', '1 / 25', '', 0, 0, 0, 0, 0, 0, 0, 0, 0),
(3540, 118, 'set3week2', 'Tuesday', '1 / 26', '', 0, 0, 0, 0, 0, 0, 0, 0, 0),
(3541, 118, 'set3week3', 'Wednesday', '1 / 27', '', 0, 0, 0, 0, 0, 0, 0, 0, 0),
(3542, 118, 'set3week4', 'Thursday', '1 / 28', '', 0, 0, 0, 0, 0, 0, 0, 0, 0),
(3543, 118, 'set3week5', 'Friday', '1 / 29', '', 0, 0, 0, 0, 0, 0, 0, 0, 0),
(3544, 118, 'set3week6', 'Saturday', '1 / 30', '', 0, 0, 0, 0, 0, 0, 0, 0, 0),
(3545, 118, 'set3week7', 'Sunday', '1 / 31', '', 0, 0, 0, 0, 0, 0, 0, 0, 0),
(3546, 118, 'set4week1', 'Monday', '2 / 1', '', 5.5, 0, 0, 0, 0, 0, 0, 0, 0),
(3547, 118, 'set4week2', 'Tuesday', '2 / 2', '', 7.5, 0, 0, 0, 0, 0, 0, 0, 0),
(3548, 118, 'set4week3', 'Wednesday', '2 / 3', '', 0, 0, 0, 0, 0, 0, 0, 0, 0),
(3549, 118, 'set4week4', 'Thursday', '2 / 4', '', 1.5, 0, 0, 0, 0, 0, 0, 0, 0),
(3550, 118, 'set4week5', 'Friday', '2 / 5', '', 5.5, 0, 0, 0, 0, 0, 0, 0, 0),
(3551, 118, 'set4week6', 'Saturday', '2 / 6', '', 0, 0, 0, 0, 0, 0, 0, 0, 0),
(3552, 118, 'set4week7', 'Sunday', '2 / 7', '', 3, 0, 0, 0, 0, 0, 0, 0, 0),
(3553, 119, 'set1week1', 'Monday', '2 / 8', '', 10, 0, 0, 0, 0, 0, 0, 0, 0),
(3554, 119, 'set1week2', 'Tuesday', '2 / 9', '', 7, 0, 0, 0, 0, 0, 0, 0, 0),
(3555, 119, 'set1week3', 'Wednesday', '2 / 10', '', 0, 0, 0, 0, 0, 0, 0, 0, 0),
(3556, 119, 'set1week4', 'Thursday', '2 / 11', '', 0, 0, 0, 0, 0, 0, 0, 0, 0),
(3557, 119, 'set1week5', 'Friday', '2 / 12', '', 0, 0, 0, 0, 0, 0, 0, 0, 0),
(3558, 119, 'set1week6', 'Saturday', '2 / 13', '', 3, 0, 0, 0, 0, 0, 0, 0, 0),
(3559, 119, 'set1week7', 'Sunday', '2 / 14', '', 3, 0, 0, 0, 0, 0, 0, 0, 0),
(3560, 119, 'set2week1', 'Monday', '2 / 15', '', 7, 0, 0, 0, 0, 0, 0, 0, 0),
(3561, 119, 'set2week2', 'Tuesday', '2 / 16', '', 0, 0, 0, 0, 0, 0, 0, 0, 0),
(3562, 119, 'set2week3', 'Wednesday', '2 / 17', '', 0, 0, 0, 0, 0, 0, 0, 0, 0),
(3563, 119, 'set2week4', 'Thursday', '2 / 18', '', 0, 0, 0, 0, 0, 0, 0, 0, 0),
(3564, 119, 'set2week5', 'Friday', '2 / 19', '', 0, 0, 0, 0, 0, 0, 0, 0, 0),
(3565, 119, 'set2week6', 'Saturday', '2 / 20', '', 0, 0, 0, 0, 0, 0, 0, 0, 0),
(3566, 119, 'set2week7', 'Sunday', '2 / 21', '', 0, 0, 0, 0, 0, 0, 0, 0, 0),
(3567, 119, 'set3week1', 'Monday', '2 / 22', '', 0, 0, 0, 0, 0, 0, 0, 0, 0),
(3568, 119, 'set3week2', 'Tuesday', '2 / 23', '', 0, 0, 0, 0, 0, 0, 0, 0, 0),
(3569, 119, 'set3week3', 'Wednesday', '2 / 24', '', 0, 0, 0, 0, 0, 0, 0, 0, 0),
(3570, 119, 'set3week4', 'Thursday', '2 / 25', '', 0, 0, 0, 0, 0, 0, 0, 0, 0),
(3571, 119, 'set3week5', 'Friday', '2 / 26', '', 0, 0, 0, 0, 0, 0, 0, 0, 0),
(3572, 119, 'set3week6', 'Saturday', '2 / 27', '', 0, 0, 0, 0, 0, 0, 0, 0, 0),
(3573, 119, 'set3week7', 'Sunday', '2 / 28', '', 0, 0, 0, 0, 0, 0, 0, 0, 0),
(3574, 119, 'set4week1', 'Monday', '3 / 1', '', 0, 0, 0, 0, 0, 0, 0, 0, 0),
(3575, 119, 'set4week2', 'Tuesday', '3 / 2', '', 0, 0, 0, 0, 0, 0, 0, 0, 0),
(3576, 119, 'set4week3', 'Wednesday', '3 / 3', '', 0, 0, 0, 0, 0, 0, 0, 0, 0),
(3577, 119, 'set4week4', 'Thursday', '3 / 4', '', 0, 0, 0, 0, 0, 0, 0, 0, 0),
(3578, 119, 'set4week5', 'Friday', '3 / 5', '', 0, 0, 0, 0, 0, 0, 0, 0, 0),
(3579, 119, 'set4week6', 'Saturday', '3 / 6', '', 0, 0, 0, 0, 0, 0, 0, 0, 0),
(3580, 119, 'set4week7', 'Sunday', '3 / 7', '', 0, 0, 0, 0, 0, 0, 0, 0, 0),
(3581, 120, 'set1week1', 'Monday', '2 / 8', '', 8, 0, 0, 6, 0, 0, 0, 0, 0),
(3582, 120, 'set1week2', 'Tuesday', '2 / 9', '', 8, 0, 0, 3, 0, 0, 0, 0, 0),
(3583, 120, 'set1week3', 'Wednesday', '2 / 10', '', 8, 0, 0, 0, 0, 0, 0, 0, 0),
(3584, 120, 'set1week4', 'Thursday', '2 / 11', '', 8, 0, 0, 3, 0, 0, 0, 0, 0),
(3585, 120, 'set1week5', 'Friday', '2 / 12', '', 8, 0, 0, 0, 0, 0, 0, 0, 0),
(3586, 120, 'set1week6', 'Saturday', '2 / 13', '', 0, 0, 0, 7, 0, 0, 0, 0, 0),
(3587, 120, 'set1week7', 'Sunday', '2 / 14', '', 0, 0, 0, 0, 6, 0, 0, 0, 0),
(3588, 120, 'set2week1', 'Monday', '2 / 15', '', 0, 8, 0, 4, 0, 0, 0, 0, 0),
(3589, 120, 'set2week2', 'Tuesday', '2 / 16', '', 8, 0, 0, 0, 0, 0, 0, 0, 0),
(3590, 120, 'set2week3', 'Wednesday', '2 / 17', '', 8, 0, 0, 0, 0, 0, 0, 0, 0),
(3591, 120, 'set2week4', 'Thursday', '2 / 18', '', 8, 0, 0, 0, 0, 0, 0, 0, 0),
(3592, 120, 'set2week5', 'Friday', '2 / 19', '', 8, 0, 0, 0, 0, 0, 0, 0, 0),
(3593, 120, 'set2week6', 'Saturday', '2 / 20', '', 0, 0, 0, 0, 0, 0, 0, 0, 0),
(3594, 120, 'set2week7', 'Sunday', '2 / 21', '', 0, 0, 0, 0, 0, 0, 0, 0, 0),
(3595, 120, 'set3week1', 'Monday', '2 / 22', '', 8, 0, 0, 0, 0, 0, 0, 0, 0),
(3596, 120, 'set3week2', 'Tuesday', '2 / 23', '', 8, 0, 0, 0, 0, 0, 0, 0, 0),
(3597, 120, 'set3week3', 'Wednesday', '2 / 24', '', 8, 0, 0, 0, 0, 0, 0, 0, 0),
(3598, 120, 'set3week4', 'Thursday', '2 / 25', '', 8, 0, 0, 0, 0, 0, 0, 0, 0),
(3599, 120, 'set3week5', 'Friday', '2 / 26', '', 8, 0, 0, 0, 0, 0, 0, 0, 0),
(3600, 120, 'set3week6', 'Saturday', '2 / 27', '', 0, 0, 0, 0, 0, 0, 0, 0, 0),
(3601, 120, 'set3week7', 'Sunday', '2 / 28', '', 0, 0, 0, 0, 0, 0, 0, 0, 0),
(3602, 120, 'set4week1', 'Monday', '3 / 1', '', 10, 0, 0, 0, 0, 0, 0, 0, 0),
(3603, 120, 'set4week2', 'Tuesday', '3 / 2', '', 10, 0, 0, 0, 0, 0, 0, 0, 0),
(3604, 120, 'set4week3', 'Wednesday', '3 / 3', '', 10, 0, 0, 0, 0, 0, 0, 0, 0),
(3605, 120, 'set4week4', 'Thursday', '3 / 4', '', 0, 0, 0, 0, 0, 0, 0, 0, 0),
(3606, 120, 'set4week5', 'Friday', '3 / 5', '', 0, 0, 0, 0, 0, 0, 0, 0, 0),
(3607, 120, 'set4week6', 'Saturday', '3 / 6', '', 0, 0, 0, 0, 0, 0, 0, 0, 0),
(3608, 120, 'set4week7', 'Sunday', '3 / 7', '', 10, 0, 0, 0, 0, 0, 0, 0, 0),
(3609, 121, 'set1week1', 'Monday', '2 / 8', '', 8, 0, 0, 3, 0, 0, 0, 0, 0),
(3610, 121, 'set1week2', 'Tuesday', '2 / 9', '', 8, 0, 0, 3, 0, 0, 0, 0, 0),
(3611, 121, 'set1week3', 'Wednesday', '2 / 10', '', 8, 0, 0, 0, 0, 0, 0, 0, 0),
(3612, 121, 'set1week4', 'Thursday', '2 / 11', '', 8, 0, 0, 0, 0, 0, 0, 0, 0),
(3613, 121, 'set1week5', 'Friday', '2 / 12', '', 8, 0, 0, 0, 0, 0, 0, 0, 0),
(3614, 121, 'set1week6', 'Saturday', '2 / 13', '', 0, 0, 0, 0, 0, 0, 0, 0, 0),
(3615, 121, 'set1week7', 'Sunday', '2 / 14', '', 0, 0, 0, 0, 0, 0, 0, 0, 0),
(3616, 121, 'set2week1', 'Monday', '2 / 15', '', 0, 8, 0, 0, 0, 0, 0, 0, 0),
(3617, 121, 'set2week2', 'Tuesday', '2 / 16', '', 8, 0, 0, 0, 0, 0, 0, 0, 0),
(3618, 121, 'set2week3', 'Wednesday', '2 / 17', '', 8, 0, 0, 0, 0, 0, 0, 0, 0),
(3619, 121, 'set2week4', 'Thursday', '2 / 18', '', 8, 0, 0, 0, 0, 0, 0, 0, 0),
(3620, 121, 'set2week5', 'Friday', '2 / 19', '', 8, 0, 0, 0, 0, 0, 0, 0, 0),
(3621, 121, 'set2week6', 'Saturday', '2 / 20', '', 0, 0, 0, 0, 0, 0, 0, 0, 0),
(3622, 121, 'set2week7', 'Sunday', '2 / 21', '', 0, 0, 0, 0, 0, 0, 0, 0, 0),
(3623, 121, 'set3week1', 'Monday', '2 / 22', '', 8, 0, 0, 0, 0, 0, 0, 0, 0),
(3624, 121, 'set3week2', 'Tuesday', '2 / 23', '', 8, 0, 0, 0, 0, 0, 0, 0, 0),
(3625, 121, 'set3week3', 'Wednesday', '2 / 24', '', 8, 0, 0, 0, 0, 0, 0, 0, 0),
(3626, 121, 'set3week4', 'Thursday', '2 / 25', '', 8, 0, 0, 0, 0, 0, 0, 0, 0),
(3627, 121, 'set3week5', 'Friday', '2 / 26', '', 8, 0, 0, 0, 0, 0, 0, 0, 0),
(3628, 121, 'set3week6', 'Saturday', '2 / 27', '', 0, 0, 0, 0, 0, 0, 0, 0, 0),
(3629, 121, 'set3week7', 'Sunday', '2 / 28', '', 0, 0, 0, 0, 0, 0, 0, 0, 0),
(3630, 121, 'set4week1', 'Monday', '3 / 1', '', 0, 0, 0, 0, 0, 0, 0, 0, 0),
(3631, 121, 'set4week2', 'Tuesday', '3 / 2', '', 0, 0, 0, 0, 0, 0, 0, 0, 0),
(3632, 121, 'set4week3', 'Wednesday', '3 / 3', '', 10, 0, 0, 0, 0, 0, 0, 0, 0),
(3633, 121, 'set4week4', 'Thursday', '3 / 4', '', 10, 0, 0, 0, 0, 0, 0, 0, 0),
(3634, 121, 'set4week5', 'Friday', '3 / 5', '', 10, 0, 0, 0, 0, 0, 0, 0, 0),
(3635, 121, 'set4week6', 'Saturday', '3 / 6', '', 10, 0, 0, 0, 0, 0, 0, 0, 0),
(3636, 121, 'set4week7', 'Sunday', '3 / 7', '', 0, 0, 0, 0, 0, 0, 0, 0, 0),
(3637, 122, 'set1week1', 'Monday', '2 / 8', '', 4.5, 0, 0, 0, 0, 0, 0, 0, 0),
(3638, 122, 'set1week2', 'Tuesday', '2 / 9', '', 4.5, 0, 0, 0, 0, 0, 0, 0, 0),
(3639, 122, 'set1week3', 'Wednesday', '2 / 10', '', 4.25, 0, 0, 0, 0, 0, 0, 0, 0),
(3640, 122, 'set1week4', 'Thursday', '2 / 11', '', 0, 0, 0, 0, 0, 0, 0, 0, 0),
(3641, 122, 'set1week5', 'Friday', '2 / 12', '', 4.25, 0, 0, 0, 0, 0, 0, 0, 0),
(3642, 122, 'set1week6', 'Saturday', '2 / 13', '', 2, 0, 0, 0, 0, 0, 0, 0, 0),
(3643, 122, 'set1week7', 'Sunday', '2 / 14', '', 0, 0, 0, 0, 0, 0, 0, 0, 0),
(3644, 122, 'set2week1', 'Monday', '2 / 15', '', 4.5, 0, 0, 0, 0, 0, 0, 0, 0),
(3645, 122, 'set2week2', 'Tuesday', '2 / 16', '', 4.5, 0, 0, 0, 0, 0, 0, 0, 0),
(3646, 122, 'set2week3', 'Wednesday', '2 / 17', '', 4.25, 0, 0, 0, 0, 0, 0, 0, 0),
(3647, 122, 'set2week4', 'Thursday', '2 / 18', '', 4.25, 0, 0, 0, 0, 0, 0, 0, 0),
(3648, 122, 'set2week5', 'Friday', '2 / 19', '', 0, 0, 0, 0, 0, 0, 0, 0, 0),
(3649, 122, 'set2week6', 'Saturday', '2 / 20', '', 2.25, 0, 0, 0, 0, 0, 0, 0, 0),
(3650, 122, 'set2week7', 'Sunday', '2 / 21', '', 0, 0, 0, 0, 0, 0, 0, 0, 0),
(3651, 122, 'set3week1', 'Monday', '2 / 22', '', 4.5, 0, 0, 0, 0, 0, 0, 0, 0),
(3652, 122, 'set3week2', 'Tuesday', '2 / 23', '', 4.5, 0, 0, 0, 0, 0, 0, 0, 0),
(3653, 122, 'set3week3', 'Wednesday', '2 / 24', '', 4.5, 0, 0, 0, 0, 0, 0, 0, 0),
(3654, 122, 'set3week4', 'Thursday', '2 / 25', '', 0, 0, 0, 0, 0, 0, 0, 0, 0),
(3655, 122, 'set3week5', 'Friday', '2 / 26', '', 4.25, 0, 0, 0, 0, 0, 0, 0, 0),
(3656, 122, 'set3week6', 'Saturday', '2 / 27', '', 2.25, 0, 0, 0, 0, 0, 0, 0, 0),
(3657, 122, 'set3week7', 'Sunday', '2 / 28', '', 0, 0, 0, 0, 0, 0, 0, 0, 0),
(3658, 122, 'set4week1', 'Monday', '3 / 1', '', 4.5, 0, 0, 0, 0, 0, 0, 0, 0),
(3659, 122, 'set4week2', 'Tuesday', '3 / 2', '', 4.5, 0, 0, 0, 0, 0, 0, 0, 0),
(3660, 122, 'set4week3', 'Wednesday', '3 / 3', '', 4.5, 0, 0, 0, 0, 0, 0, 0, 0),
(3661, 122, 'set4week4', 'Thursday', '3 / 4', '', 0, 0, 0, 0, 0, 0, 0, 0, 0),
(3662, 122, 'set4week5', 'Friday', '3 / 5', '', 4.25, 0, 0, 0, 0, 0, 0, 0, 0),
(3663, 122, 'set4week6', 'Saturday', '3 / 6', '', 2.25, 0, 0, 0, 0, 0, 0, 0, 0),
(3664, 122, 'set4week7', 'Sunday', '3 / 7', '', 0, 0, 0, 0, 0, 0, 0, 0, 0),
(3665, 123, 'set1week1', 'Monday', '2 / 8', '', 8, 0, 0, 0, 0, 0, 0, 0, 0),
(3666, 123, 'set1week2', 'Tuesday', '2 / 9', '', 8, 0, 0, 0, 0, 0, 0, 0, 0),
(3667, 123, 'set1week3', 'Wednesday', '2 / 10', '', 8, 0, 0, 0, 0, 0, 0, 0, 0),
(3668, 123, 'set1week4', 'Thursday', '2 / 11', '', 8, 0, 0, 0, 0, 0, 0, 0, 0),
(3669, 123, 'set1week5', 'Friday', '2 / 12', '', 8, 0, 0, 0, 0, 0, 0, 0, 0),
(3670, 123, 'set1week6', 'Saturday', '2 / 13', '', 0, 0, 0, 0, 0, 0, 0, 0, 0),
(3671, 123, 'set1week7', 'Sunday', '2 / 14', '', 0, 0, 0, 0, 0, 0, 0, 0, 0),
(3672, 123, 'set2week1', 'Monday', '2 / 15', '', 0, 8, 0, 0, 0, 0, 0, 0, 0),
(3673, 123, 'set2week2', 'Tuesday', '2 / 16', '', 8, 0, 0, 0, 0, 0, 0, 0, 0),
(3674, 123, 'set2week3', 'Wednesday', '2 / 17', '', 8, 0, 0, 0, 0, 0, 0, 0, 0),
(3675, 123, 'set2week4', 'Thursday', '2 / 18', '', 8, 0, 0, 0, 0, 0, 0, 0, 0),
(3676, 123, 'set2week5', 'Friday', '2 / 19', '', 8, 0, 0, 0, 0, 0, 0, 0, 0),
(3677, 123, 'set2week6', 'Saturday', '2 / 20', '', 0, 0, 0, 0, 0, 0, 0, 0, 0),
(3678, 123, 'set2week7', 'Sunday', '2 / 21', '', 0, 0, 0, 0, 0, 0, 0, 0, 0),
(3679, 123, 'set3week1', 'Monday', '2 / 22', '', 7, 0, 0, 0, 0, 0, 0, 0, 1),
(3680, 123, 'set3week2', 'Tuesday', '2 / 23', '', 7, 0, 0, 0, 0, 0, 0, 0, 1),
(3681, 123, 'set3week3', 'Wednesday', '2 / 24', '', 7, 0, 0, 0, 0, 0, 0, 0, 1),
(3682, 123, 'set3week4', 'Thursday', '2 / 25', '', 7, 0, 0, 0, 0, 0, 0, 0, 1),
(3683, 123, 'set3week5', 'Friday', '2 / 26', '', 7, 0, 0, 0, 0, 0, 0, 0, 1),
(3684, 123, 'set3week6', 'Saturday', '2 / 27', '', 0, 0, 0, 0, 0, 0, 0, 0, 0),
(3685, 123, 'set3week7', 'Sunday', '2 / 28', '', 0, 0, 0, 0, 0, 0, 0, 0, 0),
(3686, 123, 'set4week1', 'Monday', '3 / 1', '', 7, 0, 0, 0, 0, 0, 0, 0, 1),
(3687, 123, 'set4week2', 'Tuesday', '3 / 2', '', 7, 0, 0, 0, 0, 0, 0, 0, 1),
(3688, 123, 'set4week3', 'Wednesday', '3 / 3', '', 7, 0, 0, 0, 0, 0, 0, 0, 1),
(3689, 123, 'set4week4', 'Thursday', '3 / 4', '', 7, 0, 0, 0, 0, 0, 0, 0, 1),
(3690, 123, 'set4week5', 'Friday', '3 / 5', '', 7, 0, 0, 0, 0, 0, 0, 0, 1),
(3691, 123, 'set4week6', 'Saturday', '3 / 6', '', 0, 0, 0, 0, 0, 0, 0, 0, 0),
(3692, 123, 'set4week7', 'Sunday', '3 / 7', '', 0, 0, 0, 0, 0, 0, 0, 0, 0),
(3693, 124, 'set1week1', 'Monday', '3 / 8', '', 10, 0, 0, 0, 0, 0, 0, 0, 0),
(3694, 124, 'set1week2', 'Tuesday', '3 / 9', '', 10, 0, 0, 0, 0, 0, 0, 0, 0),
(3695, 124, 'set1week3', 'Wednesday', '3 / 10', '', 10, 0, 0, 0, 0, 0, 0, 0, 0),
(3696, 124, 'set1week4', 'Thursday', '3 / 11', '', 0, 0, 0, 0, 0, 0, 0, 0, 0),
(3697, 124, 'set1week5', 'Friday', '3 / 12', '', 0, 0, 0, 0, 0, 0, 0, 0, 0),
(3698, 124, 'set1week6', 'Saturday', '3 / 13', '', 0, 0, 0, 0, 0, 0, 0, 0, 0),
(3699, 124, 'set1week7', 'Sunday', '3 / 14', '', 10, 0, 0, 0, 0, 0, 0, 0, 0),
(3700, 124, 'set2week1', 'Monday', '3 / 15', '', 10, 0, 0, 0, 0, 0, 0, 0, 0),
(3701, 124, 'set2week2', 'Tuesday', '3 / 16', '', 10, 0, 0, 0, 0, 0, 0, 0, 0),
(3702, 124, 'set2week3', 'Wednesday', '3 / 17', '', 8, 0, 0, 0, 0, 2, 0, 0, 0),
(3703, 124, 'set2week4', 'Thursday', '3 / 18', '', 0, 0, 0, 2, 0, 0, 0, 0, 0),
(3704, 124, 'set2week5', 'Friday', '3 / 19', '', 0, 0, 0, 0, 0, 0, 0, 0, 0),
(3705, 124, 'set2week6', 'Saturday', '3 / 20', '', 0, 0, 0, 0, 0, 0, 0, 0, 0),
(3706, 124, 'set2week7', 'Sunday', '3 / 21', '', 10, 0, 0, 0, 0, 0, 0, 0, 0),
(3707, 124, 'set3week1', 'Monday', '3 / 22', '', 10, 0, 0, 0, 0, 0, 0, 0, 0),
(3708, 124, 'set3week2', 'Tuesday', '3 / 23', '', 10, 0, 0, 0, 0, 0, 0, 0, 0),
(3709, 124, 'set3week3', 'Wednesday', '3 / 24', '', 10, 0, 0, 0, 0, 0, 0, 0, 0),
(3710, 124, 'set3week4', 'Thursday', '3 / 25', '', 0, 0, 0, 0, 0, 0, 0, 0, 0),
(3711, 124, 'set3week5', 'Friday', '3 / 26', '', 0, 0, 0, 0, 0, 0, 0, 0, 0),
(3712, 124, 'set3week6', 'Saturday', '3 / 27', '', 0, 0, 0, 0, 0, 0, 0, 0, 0),
(3713, 124, 'set3week7', 'Sunday', '3 / 28', '', 10, 0, 0, 0, 0, 0, 0, 0, 0),
(3714, 124, 'set4week1', 'Monday', '3 / 29', '', 10, 0, 0, 0, 0, 0, 0, 0, 0),
(3715, 124, 'set4week2', 'Tuesday', '3 / 30', '', 10, 0, 0, 0, 0, 0, 0, 0, 0),
(3716, 124, 'set4week3', 'Wednesday', '3 / 31', '', 10, 0, 0, 0, 0, 0, 0, 0, 0),
(3717, 124, 'set4week4', 'Thursday', '4 / 1', '', 0, 0, 0, 0, 0, 0, 0, 0, 0),
(3718, 124, 'set4week5', 'Friday', '4 / 2', '', 0, 0, 0, 0, 0, 0, 0, 0, 0),
(3719, 124, 'set4week6', 'Saturday', '4 / 3', '', 0, 0, 0, 0, 0, 0, 0, 0, 0),
(3720, 124, 'set4week7', 'Sunday', '4 / 4', '', 10, 10, 0, 0, 0, 0, 0, 0, 0),
(3721, 124, 'set5week1', 'Monday', '4 / 5', '', 10, 0, 0, 0, 0, 0, 0, 0, 0),
(3722, 124, 'set5week2', 'Tuesday', '4 / 6', '', 10, 0, 0, 0, 0, 0, 0, 0, 0),
(3723, 124, 'set5week3', 'Wednesday', '4 / 7', '', 10, 0, 0, 0, 0, 0, 0, 0, 0),
(3724, 124, 'set5week4', 'Thursday', '4 / 8', '', 0, 0, 0, 0, 0, 0, 0, 0, 0),
(3725, 124, 'set5week5', 'Friday', '4 / 9', '', 0, 0, 0, 0, 0, 0, 0, 0, 0),
(3726, 124, 'set5week6', 'Saturday', '4 / 10', '', 0, 0, 0, 0, 0, 0, 0, 0, 0),
(3727, 124, 'set5week7', 'Sunday', '4 / 11', '', 0, 0, 0, 0, 0, 10, 0, 0, 0),
(3728, 125, 'set1week1', 'Monday', '3 / 8', '', 0, 0, 0, 0, 0, 0, 0, 0, 0),
(3729, 125, 'set1week2', 'Tuesday', '3 / 9', '', 0, 0, 0, 0, 0, 0, 0, 0, 0),
(3730, 125, 'set1week3', 'Wednesday', '3 / 10', '', 10, 0, 0, 0, 0, 0, 0, 0, 0),
(3731, 125, 'set1week4', 'Thursday', '3 / 11', '', 10, 0, 0, 0, 0, 0, 0, 0, 0),
(3732, 125, 'set1week5', 'Friday', '3 / 12', '', 10, 0, 0, 0, 0, 0, 0, 0, 0),
(3733, 125, 'set1week6', 'Saturday', '3 / 13', '', 10, 0, 0, 0, 0, 0, 0, 0, 0),
(3734, 125, 'set1week7', 'Sunday', '3 / 14', '', 0, 0, 0, 0, 0, 0, 0, 0, 0),
(3735, 125, 'set2week1', 'Monday', '3 / 15', '', 0, 0, 0, 0, 0, 0, 0, 0, 0),
(3736, 125, 'set2week2', 'Tuesday', '3 / 16', '', 0, 0, 0, 0, 0, 0, 0, 0, 0),
(3737, 125, 'set2week3', 'Wednesday', '3 / 17', '', 10, 0, 0, 0, 0, 0, 0, 0, 0),
(3738, 125, 'set2week4', 'Thursday', '3 / 18', '', 10, 0, 0, 0, 0, 0, 0, 0, 0),
(3739, 125, 'set2week5', 'Friday', '3 / 19', '', 10, 0, 0, 0, 0, 0, 0, 0, 0),
(3740, 125, 'set2week6', 'Saturday', '3 / 20', '', 10, 0, 0, 0, 0, 0, 0, 0, 0),
(3741, 125, 'set2week7', 'Sunday', '3 / 21', '', 0, 0, 0, 0, 0, 0, 0, 0, 0),
(3742, 125, 'set3week1', 'Monday', '3 / 22', '', 0, 0, 0, 0, 0, 0, 0, 0, 0),
(3743, 125, 'set3week2', 'Tuesday', '3 / 23', '', 0, 0, 0, 0, 0, 0, 0, 0, 0),
(3744, 125, 'set3week3', 'Wednesday', '3 / 24', '', 10, 0, 0, 0, 0, 0, 0, 0, 0),
(3745, 125, 'set3week4', 'Thursday', '3 / 25', '', 10, 0, 0, 0, 0, 0, 0, 0, 0),
(3746, 125, 'set3week5', 'Friday', '3 / 26', '', 10, 0, 0, 0, 0, 0, 0, 0, 0),
(3747, 125, 'set3week6', 'Saturday', '3 / 27', '', 10, 0, 0, 0, 0, 0, 0, 0, 0),
(3748, 125, 'set3week7', 'Sunday', '3 / 28', '', 0, 0, 0, 0, 0, 0, 0, 0, 0),
(3749, 125, 'set4week1', 'Monday', '3 / 29', '', 0, 0, 0, 0, 0, 0, 0, 0, 0),
(3750, 125, 'set4week2', 'Tuesday', '3 / 30', '', 0, 0, 0, 0, 0, 0, 0, 0, 0),
(3751, 125, 'set4week3', 'Wednesday', '3 / 31', '', 10, 0, 0, 0, 0, 0, 0, 0, 0),
(3752, 125, 'set4week4', 'Thursday', '4 / 1', '', 10, 0, 0, 0, 0, 0, 0, 0, 0),
(3753, 125, 'set4week5', 'Friday', '4 / 2', '', 10, 0, 0, 0, 0, 0, 0, 0, 0),
(3754, 125, 'set4week6', 'Saturday', '4 / 3', '', 6, 0, 0, 0, 0, 0, 0, 0, 0),
(3755, 125, 'set4week7', 'Sunday', '4 / 4', '', 0, 0, 0, 0, 0, 0, 0, 0, 0),
(3756, 125, 'set5week1', 'Monday', '4 / 5', '', 0, 0, 0, 0, 0, 0, 0, 0, 0),
(3757, 125, 'set5week2', 'Tuesday', '4 / 6', '', 0, 0, 0, 0, 0, 0, 0, 0, 0),
(3758, 125, 'set5week3', 'Wednesday', '4 / 7', '', 10, 0, 0, 0, 0, 0, 0, 0, 0),
(3759, 125, 'set5week4', 'Thursday', '4 / 8', '', 10, 0, 0, 0, 0, 0, 0, 0, 0),
(3760, 125, 'set5week5', 'Friday', '4 / 9', '', 10, 0, 0, 0, 0, 0, 0, 0, 0),
(3761, 125, 'set5week6', 'Saturday', '4 / 10', '', 10, 0, 0, 0, 0, 0, 0, 0, 0),
(3762, 125, 'set5week7', 'Sunday', '4 / 11', '', 0, 0, 0, 0, 0, 0, 0, 0, 0),
(3763, 126, 'set1week1', 'Monday', '3 / 8', '', 4.5, 0, 0, 0, 0, 0, 0, 0, 0),
(3764, 126, 'set1week2', 'Tuesday', '3 / 9', '', 4.5, 0, 0, 0, 0, 0, 0, 0, 0),
(3765, 126, 'set1week3', 'Wednesday', '3 / 10', '', 4.5, 0, 0, 0, 0, 0, 0, 0, 0),
(3766, 126, 'set1week4', 'Thursday', '3 / 11', '', 0, 0, 0, 0, 0, 0, 0, 0, 0),
(3767, 126, 'set1week5', 'Friday', '3 / 12', '', 4.75, 0, 0, 0, 0, 0, 0, 0, 0),
(3768, 126, 'set1week6', 'Saturday', '3 / 13', '', 3, 0, 0, 0, 0, 0, 0, 0, 0),
(3769, 126, 'set1week7', 'Sunday', '3 / 14', '', 0, 0, 0, 0, 0, 0, 0, 0, 0),
(3770, 126, 'set2week1', 'Monday', '3 / 15', '', 4.5, 0, 0, 0, 0, 0, 0, 0, 0),
(3771, 126, 'set2week2', 'Tuesday', '3 / 16', '', 4.5, 0, 0, 0, 0, 0, 0, 0, 0),
(3772, 126, 'set2week3', 'Wednesday', '3 / 17', '', 4.5, 0, 0, 0, 0, 0, 0, 0, 0),
(3773, 126, 'set2week4', 'Thursday', '3 / 18', '', 4.25, 0, 0, 0, 0, 0, 0, 0, 0),
(3774, 126, 'set2week5', 'Friday', '3 / 19', '', 0, 0, 0, 0, 0, 0, 0, 0, 0),
(3775, 126, 'set2week6', 'Saturday', '3 / 20', '', 2.75, 0, 0, 0, 0, 0, 0, 0, 0),
(3776, 126, 'set2week7', 'Sunday', '3 / 21', '', 0, 0, 0, 0, 0, 0, 0, 0, 0),
(3777, 126, 'set3week1', 'Monday', '3 / 22', '', 4.75, 0, 0, 0, 0, 0, 0, 0, 0),
(3778, 126, 'set3week2', 'Tuesday', '3 / 23', '', 4.5, 0, 0, 0, 0, 0, 0, 0, 0),
(3779, 126, 'set3week3', 'Wednesday', '3 / 24', '', 4.5, 0, 0, 0, 0, 0, 0, 0, 0),
(3780, 126, 'set3week4', 'Thursday', '3 / 25', '', 4, 0, 0, 0, 0, 0, 0, 0, 0),
(3781, 126, 'set3week5', 'Friday', '3 / 26', '', 0, 0, 0, 0, 0, 0, 0, 0, 0),
(3782, 126, 'set3week6', 'Saturday', '3 / 27', '', 2.75, 0, 0, 0, 0, 0, 0, 0, 0),
(3783, 126, 'set3week7', 'Sunday', '3 / 28', '', 0, 0, 0, 0, 0, 0, 0, 0, 0),
(3784, 126, 'set4week1', 'Monday', '3 / 29', '', 4.5, 0, 0, 0, 0, 0, 0, 0, 0),
(3785, 126, 'set4week2', 'Tuesday', '3 / 30', '', 4.5, 0, 0, 0, 0, 0, 0, 0, 0),
(3786, 126, 'set4week3', 'Wednesday', '3 / 31', '', 4.5, 0, 0, 0, 0, 0, 0, 0, 0),
(3787, 126, 'set4week4', 'Thursday', '4 / 1', '', 4.25, 0, 0, 0, 0, 0, 0, 0, 0),
(3788, 126, 'set4week5', 'Friday', '4 / 2', '', 0, 0, 0, 0, 0, 0, 0, 0, 0),
(3789, 126, 'set4week6', 'Saturday', '4 / 3', '', 2.75, 0, 0, 0, 0, 0, 0, 0, 0),
(3790, 126, 'set4week7', 'Sunday', '4 / 4', '', 0, 0, 0, 0, 0, 0, 0, 0, 0),
(3791, 126, 'set5week1', 'Monday', '4 / 5', '', 4.5, 0, 0, 0, 0, 0, 0, 0, 0),
(3792, 126, 'set5week2', 'Tuesday', '4 / 6', '', 4.5, 0, 0, 0, 0, 0, 0, 0, 0),
(3793, 126, 'set5week3', 'Wednesday', '4 / 7', '', 4.5, 0, 0, 0, 0, 0, 0, 0, 0),
(3794, 126, 'set5week4', 'Thursday', '4 / 8', '', 0, 0, 0, 0, 0, 0, 0, 0, 0),
(3795, 126, 'set5week5', 'Friday', '4 / 9', '', 4.25, 0, 0, 0, 0, 0, 0, 0, 0),
(3796, 126, 'set5week6', 'Saturday', '4 / 10', '', 2.75, 0, 0, 0, 0, 0, 0, 0, 0),
(3797, 126, 'set5week7', 'Sunday', '4 / 11', '', 0, 0, 0, 0, 0, 0, 0, 0, 0),
(3798, 127, 'set1week1', 'Monday', '4 / 12', '', 0, 0, 0, 3.5, 0, 0, 0, 0, 0),
(3799, 127, 'set1week2', 'Tuesday', '4 / 13', '', 0, 0, 0, 3.5, 0, 0, 0, 0, 0),
(3800, 127, 'set1week3', 'Wednesday', '4 / 14', '', 10, 0, 0, 0, 0, 0, 0, 0, 0),
(3801, 127, 'set1week4', 'Thursday', '4 / 15', '', 10, 0, 0, 0, 0, 0, 0, 0, 0),
(3802, 127, 'set1week5', 'Friday', '4 / 16', '', 10, 0, 0, 0, 0, 0, 0, 0, 0),
(3803, 127, 'set1week6', 'Saturday', '4 / 17', '', 10, 0, 0, 0, 0, 0, 0, 0, 0),
(3804, 127, 'set1week7', 'Sunday', '4 / 18', '', 0, 0, 0, 0, 0, 0, 0, 0, 0),
(3805, 127, 'set2week1', 'Monday', '4 / 19', '', 0, 0, 0, 0, 0, 0, 0, 0, 0),
(3806, 127, 'set2week2', 'Tuesday', '4 / 20', '', 0, 0, 0, 0, 0, 0, 0, 0, 0),
(3807, 127, 'set2week3', 'Wednesday', '4 / 21', '', 10, 0, 0, 0, 0, 0, 0, 0, 0),
(3808, 127, 'set2week4', 'Thursday', '4 / 22', '', 10, 0, 0, 0, 0, 0, 0, 0, 0),
(3809, 127, 'set2week5', 'Friday', '4 / 23', '', 10, 0, 0, 0, 0, 0, 0, 0, 0),
(3810, 127, 'set2week6', 'Saturday', '4 / 24', '', 10, 0, 0, 0, 0, 0, 0, 0, 0),
(3811, 127, 'set2week7', 'Sunday', '4 / 25', '', 0, 0, 0, 0, 0, 0, 0, 0, 0),
(3812, 127, 'set3week1', 'Monday', '4 / 26', '', 0, 0, 0, 0, 0, 0, 0, 0, 0),
(3813, 127, 'set3week2', 'Tuesday', '4 / 27', '', 0, 0, 0, 0, 0, 0, 0, 0, 0),
(3814, 127, 'set3week3', 'Wednesday', '4 / 28', '', 10, 0, 0, 0, 0, 0, 0, 0, 0),
(3815, 127, 'set3week4', 'Thursday', '4 / 29', '', 10, 0, 0, 0, 0, 0, 0, 0, 0),
(3816, 127, 'set3week5', 'Friday', '4 / 30', '', 10, 0, 0, 0, 0, 0, 0, 0, 0),
(3817, 127, 'set3week6', 'Saturday', '5 / 1', '', 10, 0, 0, 0, 0, 0, 0, 0, 0),
(3818, 127, 'set3week7', 'Sunday', '5 / 2', '', 0, 0, 0, 0, 0, 0, 0, 0, 0),
(3819, 127, 'set4week1', 'Monday', '5 / 3', '', 0, 0, 0, 0, 0, 0, 0, 0, 0),
(3820, 127, 'set4week2', 'Tuesday', '5 / 4', '', 0, 0, 0, 0, 0, 0, 0, 0, 0),
(3821, 127, 'set4week3', 'Wednesday', '5 / 5', '', 10, 0, 0, 0, 0, 0, 0, 0, 0),
(3822, 127, 'set4week4', 'Thursday', '5 / 6', '', 10, 0, 0, 0, 0, 0, 0, 0, 0),
(3823, 127, 'set4week5', 'Friday', '5 / 7', '', 10, 0, 0, 0, 0, 0, 0, 0, 0),
(3824, 127, 'set4week6', 'Saturday', '5 / 8', '', 10, 0, 0, 0, 0, 0, 0, 0, 0),
(3825, 127, 'set4week7', 'Sunday', '5 / 9', '', 0, 0, 0, 0, 0, 0, 0, 0, 0),
(3826, 128, 'set1week1', 'Monday', '3 / 8', '', 8, 0, 0, 0, 0, 0, 0, 0, 0),
(3827, 128, 'set1week2', 'Tuesday', '3 / 9', '', 8, 0, 0, 0, 0, 0, 0, 0, 0),
(3828, 128, 'set1week3', 'Wednesday', '3 / 10', '', 8, 0, 0, 0, 0, 0, 0, 0, 0),
(3829, 128, 'set1week4', 'Thursday', '3 / 11', '', 8, 0, 0, 0, 0, 0, 0, 0, 0),
(3830, 128, 'set1week5', 'Friday', '3 / 12', '', 8, 0, 0, 0, 0, 0, 0, 0, 0),
(3831, 128, 'set1week6', 'Saturday', '3 / 13', '', 0, 0, 0, 0, 0, 0, 0, 0, 0),
(3832, 128, 'set1week7', 'Sunday', '3 / 14', '', 0, 0, 0, 0, 0, 0, 0, 0, 0),
(3833, 128, 'set2week1', 'Monday', '3 / 15', '', 8, 0, 0, 0, 0, 0, 0, 0, 0),
(3834, 128, 'set2week2', 'Tuesday', '3 / 16', '', 4, 0, 0, 0, 0, 0, 0, 0, 4),
(3835, 128, 'set2week3', 'Wednesday', '3 / 17', '', 8, 0, 0, 0, 0, 0, 0, 0, 0),
(3836, 128, 'set2week4', 'Thursday', '3 / 18', '', 8, 0, 0, 0, 0, 0, 0, 0, 0),
(3837, 128, 'set2week5', 'Friday', '3 / 19', '', 8, 0, 0, 0, 0, 0, 0, 0, 0),
(3838, 128, 'set2week6', 'Saturday', '3 / 20', '', 0, 0, 0, 0, 0, 0, 0, 0, 0),
(3839, 128, 'set2week7', 'Sunday', '3 / 21', '', 0, 0, 0, 0, 0, 0, 0, 0, 0),
(3840, 128, 'set3week1', 'Monday', '3 / 22', '', 8, 0, 0, 0, 0, 0, 0, 0, 0),
(3841, 128, 'set3week2', 'Tuesday', '3 / 23', '', 8, 0, 0, 0, 0, 0, 0, 0, 0),
(3842, 128, 'set3week3', 'Wednesday', '3 / 24', '', 4, 0, 0, 0, 0, 0, 0, 0, 4),
(3843, 128, 'set3week4', 'Thursday', '3 / 25', '', 8, 0, 0, 0, 0, 0, 0, 0, 0),
(3844, 128, 'set3week5', 'Friday', '3 / 26', '', 8, 0, 0, 0, 0, 0, 0, 0, 0),
(3845, 128, 'set3week6', 'Saturday', '3 / 27', '', 0, 0, 0, 0, 0, 0, 0, 0, 0),
(3846, 128, 'set3week7', 'Sunday', '3 / 28', '', 0, 0, 0, 0, 0, 0, 0, 0, 0),
(3847, 128, 'set4week1', 'Monday', '3 / 29', '', 8, 0, 0, 0, 0, 0, 0, 0, 0),
(3848, 128, 'set4week2', 'Tuesday', '3 / 30', '', 8, 0, 0, 0, 0, 0, 0, 0, 0),
(3849, 128, 'set4week3', 'Wednesday', '3 / 31', '', 8, 0, 0, 0, 0, 0, 0, 0, 0),
(3850, 128, 'set4week4', 'Thursday', '4 / 1', '', 8, 0, 0, 0, 0, 0, 0, 0, 0),
(3851, 128, 'set4week5', 'Friday', '4 / 2', '', 4, 0, 0, 0, 0, 0, 0, 0, 4),
(3852, 128, 'set4week6', 'Saturday', '4 / 3', '', 0, 0, 0, 0, 0, 0, 0, 0, 0),
(3853, 128, 'set4week7', 'Sunday', '4 / 4', '', 0, 0, 0, 0, 0, 0, 0, 0, 0),
(3854, 128, 'set5week1', 'Monday', '4 / 5', '', 8, 0, 0, 0, 0, 0, 0, 0, 0),
(3855, 128, 'set5week2', 'Tuesday', '4 / 6', '', 4, 0, 0, 0, 0, 0, 0, 0, 4),
(3856, 128, 'set5week3', 'Wednesday', '4 / 7', '', 8, 0, 0, 0, 0, 0, 0, 0, 0),
(3857, 128, 'set5week4', 'Thursday', '4 / 8', '', 4, 0, 0, 0, 0, 0, 0, 0, 4),
(3858, 128, 'set5week5', 'Friday', '4 / 9', '', 4, 0, 0, 0, 0, 0, 0, 0, 4),
(3859, 128, 'set5week6', 'Saturday', '4 / 10', '', 0, 0, 0, 0, 0, 0, 0, 0, 0),
(3860, 128, 'set5week7', 'Sunday', '4 / 11', '', 0, 0, 0, 0, 0, 0, 0, 0, 0),
(3861, 129, 'set1week1', 'Monday', '4 / 12', '', 0, 0, 0, 0, 0, 10, 0, 0, 0),
(3862, 129, 'set1week2', 'Tuesday', '4 / 13', '', 0, 0, 0, 0, 0, 10, 0, 0, 0),
(3863, 129, 'set1week3', 'Wednesday', '4 / 14', '', 0, 0, 0, 0, 0, 10, 0, 0, 0),
(3864, 129, 'set1week4', 'Thursday', '4 / 15', '', 0, 0, 0, 0, 0, 0, 0, 0, 0),
(3865, 129, 'set1week5', 'Friday', '4 / 16', '', 0, 0, 0, 0, 0, 0, 0, 0, 0),
(3866, 129, 'set1week6', 'Saturday', '4 / 17', '', 0, 0, 0, 0, 0, 0, 0, 0, 0),
(3867, 129, 'set1week7', 'Sunday', '4 / 18', '', 10, 0, 0, 0, 0, 0, 0, 0, 0),
(3868, 129, 'set2week1', 'Monday', '4 / 19', '', 10, 0, 0, 0, 0, 0, 0, 0, 0),
(3869, 129, 'set2week2', 'Tuesday', '4 / 20', '', 10, 0, 0, 0, 0, 0, 0, 0, 0),
(3870, 129, 'set2week3', 'Wednesday', '4 / 21', '', 10, 0, 0, 0, 0, 0, 0, 0, 0),
(3871, 129, 'set2week4', 'Thursday', '4 / 22', '', 0, 0, 0, 0, 0, 0, 0, 0, 0),
(3872, 129, 'set2week5', 'Friday', '4 / 23', '', 0, 0, 0, 0, 0, 0, 0, 0, 0),
(3873, 129, 'set2week6', 'Saturday', '4 / 24', '', 0, 0, 0, 0, 0, 0, 0, 0, 0),
(3874, 129, 'set2week7', 'Sunday', '4 / 25', '', 10, 0, 0, 0, 0, 0, 0, 0, 0),
(3875, 129, 'set3week1', 'Monday', '4 / 26', '', 10, 0, 0, 0, 0, 0, 0, 0, 0),
(3876, 129, 'set3week2', 'Tuesday', '4 / 27', '', 10, 0, 0, 0, 0, 0, 0, 0, 0),
(3877, 129, 'set3week3', 'Wednesday', '4 / 28', '', 10, 0, 0, 0, 0, 0, 0, 0, 0),
(3878, 129, 'set3week4', 'Thursday', '4 / 29', 'gun', 0, 0, 0, 2, 0, 0, 0, 0, 0),
(3879, 129, 'set3week5', 'Friday', '4 / 30', '', 0, 0, 0, 0, 0, 0, 0, 0, 0),
(3880, 129, 'set3week6', 'Saturday', '5 / 1', '', 0, 0, 0, 0, 0, 0, 0, 0, 0),
(3881, 129, 'set3week7', 'Sunday', '5 / 2', '', 10, 0, 0, 0, 0, 0, 0, 0, 0),
(3882, 129, 'set4week1', 'Monday', '5 / 3', '', 10, 0, 0, 0, 0, 0, 0, 0, 0),
(3883, 129, 'set4week2', 'Tuesday', '5 / 4', '', 10, 0, 0, 0, 0, 0, 0, 0, 0),
(3884, 129, 'set4week3', 'Wednesday', '5 / 5', '', 10, 0, 0, 0, 0, 0, 0, 0, 0),
(3885, 129, 'set4week4', 'Thursday', '5 / 6', '', 0, 0, 0, 0, 0, 0, 0, 0, 0),
(3886, 129, 'set4week5', 'Friday', '5 / 7', '', 0, 0, 0, 0, 0, 0, 0, 0, 0),
(3887, 129, 'set4week6', 'Saturday', '5 / 8', '', 0, 0, 0, 0, 0, 0, 0, 0, 0),
(3888, 129, 'set4week7', 'Sunday', '5 / 9', '', 10, 0, 0, 0, 0, 0, 0, 0, 0),
(3889, 130, 'set1week1', 'Monday', '4 / 12', '', 4.5, 0, 0, 0, 0, 0, 0, 0, 0),
(3890, 130, 'set1week2', 'Tuesday', '4 / 13', '', 4.5, 0, 0, 0, 0, 0, 0, 0, 0),
(3891, 130, 'set1week3', 'Wednesday', '4 / 14', '', 4.5, 0, 0, 0, 0, 0, 0, 0, 0),
(3892, 130, 'set1week4', 'Thursday', '4 / 15', '', 0, 0, 0, 0, 0, 0, 0, 0, 0),
(3893, 130, 'set1week5', 'Friday', '4 / 16', '', 4.25, 0, 0, 0, 0, 0, 0, 0, 0),
(3894, 130, 'set1week6', 'Saturday', '4 / 17', '', 2.75, 0, 0, 0, 0, 0, 0, 0, 0),
(3895, 130, 'set1week7', 'Sunday', '4 / 18', '', 0, 0, 0, 0, 0, 0, 0, 0, 0),
(3896, 130, 'set2week1', 'Monday', '4 / 19', '', 4.5, 0, 0, 0, 0, 0, 0, 0, 0),
(3897, 130, 'set2week2', 'Tuesday', '4 / 20', '', 4.5, 0, 0, 0, 0, 0, 0, 0, 0),
(3898, 130, 'set2week3', 'Wednesday', '4 / 21', '', 4.5, 0, 0, 0, 0, 0, 0, 0, 0),
(3899, 130, 'set2week4', 'Thursday', '4 / 22', '', 0, 0, 0, 0, 0, 0, 0, 0, 0),
(3900, 130, 'set2week5', 'Friday', '4 / 23', '', 4.5, 0, 0, 0, 0, 0, 0, 0, 0),
(3901, 130, 'set2week6', 'Saturday', '4 / 24', '', 2.5, 0, 0, 0, 0, 0, 0, 0, 0),
(3902, 130, 'set2week7', 'Sunday', '4 / 25', '', 0, 0, 0, 0, 0, 0, 0, 0, 0),
(3903, 130, 'set3week1', 'Monday', '4 / 26', '', 4.5, 0, 0, 0, 0, 0, 0, 0, 0),
(3904, 130, 'set3week2', 'Tuesday', '4 / 27', '', 4.5, 0, 0, 0, 0, 0, 0, 0, 0),
(3905, 130, 'set3week3', 'Wednesday', '4 / 28', '', 4.5, 0, 0, 0, 0, 0, 0, 0, 0),
(3906, 130, 'set3week4', 'Thursday', '4 / 29', '', 4.5, 0, 0, 0, 0, 0, 0, 0, 0),
(3907, 130, 'set3week5', 'Friday', '4 / 30', '', 0, 0, 0, 0, 0, 0, 0, 0, 0),
(3908, 130, 'set3week6', 'Saturday', '5 / 1', '', 2.5, 0, 0, 0, 0, 0, 0, 0, 0),
(3909, 130, 'set3week7', 'Sunday', '5 / 2', '', 0, 0, 0, 0, 0, 0, 0, 0, 0),
(3910, 130, 'set4week1', 'Monday', '5 / 3', '', 4.5, 0, 0, 0, 0, 0, 0, 0, 0),
(3911, 130, 'set4week2', 'Tuesday', '5 / 4', '', 4.5, 0, 0, 0, 0, 0, 0, 0, 0),
(3912, 130, 'set4week3', 'Wednesday', '5 / 5', '', 4.5, 0, 0, 0, 0, 0, 0, 0, 0),
(3913, 130, 'set4week4', 'Thursday', '5 / 6', '', 4.5, 0, 0, 0, 0, 0, 0, 0, 0),
(3914, 130, 'set4week5', 'Friday', '5 / 7', '', 0, 0, 0, 0, 0, 0, 0, 0, 0),
(3915, 130, 'set4week6', 'Saturday', '5 / 8', '', 2.5, 0, 0, 0, 0, 0, 0, 0, 0),
(3916, 130, 'set4week7', 'Sunday', '5 / 9', '', 0, 0, 0, 0, 0, 0, 0, 0, 0),
(3917, 131, 'set1week1', 'Monday', '4 / 12', '', 0, 0, 0, 0, 0, 0, 0, 0, 0),
(3918, 131, 'set1week2', 'Tuesday', '4 / 13', '', 0, 0, 0, 0, 0, 0, 0, 0, 0),
(3919, 131, 'set1week3', 'Wednesday', '4 / 14', '', 0, 0, 0, 0, 0, 0, 0, 0, 0),
(3920, 131, 'set1week4', 'Thursday', '4 / 15', '', 0, 0, 0, 0, 0, 0, 0, 0, 0),
(3921, 131, 'set1week5', 'Friday', '4 / 16', '', 0, 0, 0, 0, 0, 0, 0, 0, 0),
(3922, 131, 'set1week6', 'Saturday', '4 / 17', '', 0, 0, 0, 0, 0, 0, 0, 0, 0),
(3923, 131, 'set1week7', 'Sunday', '4 / 18', '', 0, 0, 0, 0, 0, 0, 0, 0, 0),
(3924, 131, 'set2week1', 'Monday', '4 / 19', '', 0, 0, 0, 0, 0, 0, 0, 0, 0),
(3925, 131, 'set2week2', 'Tuesday', '4 / 20', '', 0, 0, 0, 0, 0, 0, 0, 0, 0),
(3926, 131, 'set2week3', 'Wednesday', '4 / 21', '', 0, 0, 0, 0, 0, 0, 0, 0, 0),
(3927, 131, 'set2week4', 'Thursday', '4 / 22', '', 0, 0, 0, 0, 0, 0, 0, 0, 0),
(3928, 131, 'set2week5', 'Friday', '4 / 23', '', 0, 0, 0, 0, 0, 0, 0, 0, 0),
(3929, 131, 'set2week6', 'Saturday', '4 / 24', '', 0, 0, 0, 0, 0, 0, 0, 0, 0),
(3930, 131, 'set2week7', 'Sunday', '4 / 25', '', 0, 0, 0, 0, 0, 0, 0, 0, 0),
(3931, 131, 'set3week1', 'Monday', '4 / 26', '', 0, 0, 0, 0, 0, 0, 0, 0, 0),
(3932, 131, 'set3week2', 'Tuesday', '4 / 27', '', 0, 0, 0, 0, 0, 0, 0, 0, 0),
(3933, 131, 'set3week3', 'Wednesday', '4 / 28', '', 0, 0, 0, 0, 0, 0, 0, 0, 0),
(3934, 131, 'set3week4', 'Thursday', '4 / 29', '', 0, 0, 0, 0, 0, 0, 0, 0, 0),
(3935, 131, 'set3week5', 'Friday', '4 / 30', '', 0, 0, 0, 0, 0, 0, 0, 0, 0),
(3936, 131, 'set3week6', 'Saturday', '5 / 1', '', 0, 0, 0, 0, 0, 0, 0, 0, 0),
(3937, 131, 'set3week7', 'Sunday', '5 / 2', '', 0, 0, 0, 0, 0, 0, 0, 0, 0),
(3938, 131, 'set4week1', 'Monday', '5 / 3', '', 4, 0, 0, 0, 0, 0, 0, 0, 0),
(3939, 131, 'set4week2', 'Tuesday', '5 / 4', '', 8, 0, 0, 0, 0, 0, 0, 0, 0),
(3940, 131, 'set4week3', 'Wednesday', '5 / 5', '', 4, 0, 0, 0, 0, 0, 0, 0, 0),
(3941, 131, 'set4week4', 'Thursday', '5 / 6', '', 4, 0, 0, 0, 0, 0, 0, 0, 0),
(3942, 131, 'set4week5', 'Friday', '5 / 7', '', 0, 0, 0, 0, 0, 0, 0, 0, 0),
(3943, 131, 'set4week6', 'Saturday', '5 / 8', '', 0, 0, 0, 0, 0, 0, 0, 0, 0),
(3944, 131, 'set4week7', 'Sunday', '5 / 9', '', 0, 0, 0, 0, 0, 0, 0, 0, 0),
(3945, 132, 'set1week1', 'Monday', '4 / 12', '', 0, 0, 0, 0, 0, 0, 0, 0, 0),
(3946, 132, 'set1week2', 'Tuesday', '4 / 13', '', 0, 0, 0, 0, 0, 0, 0, 0, 0),
(3947, 132, 'set1week3', 'Wednesday', '4 / 14', '', 0, 0, 0, 0, 0, 0, 0, 0, 0),
(3948, 132, 'set1week4', 'Thursday', '4 / 15', '', 0, 0, 0, 0, 0, 0, 0, 0, 0),
(3949, 132, 'set1week5', 'Friday', '4 / 16', '', 0, 0, 0, 0, 0, 0, 0, 0, 0),
(3950, 132, 'set1week6', 'Saturday', '4 / 17', '', 0, 0, 0, 0, 0, 0, 0, 0, 0),
(3951, 132, 'set1week7', 'Sunday', '4 / 18', '', 0, 0, 0, 0, 0, 0, 0, 0, 0),
(3952, 132, 'set2week1', 'Monday', '4 / 19', '', 0, 0, 0, 0, 0, 0, 0, 0, 0),
(3953, 132, 'set2week2', 'Tuesday', '4 / 20', '', 0, 0, 0, 0, 0, 0, 0, 0, 0);
INSERT INTO `tbl_timesheets_sub_w` (`week_id`, `time_sheet_parent`, `week1_stringname`, `week1_day`, `week1_date`, `week1_notes`, `week1_reg_hours`, `week1_hol_hours`, `week1_hol_pay`, `week1_ot`, `week1_dt`, `week1_vl`, `week1_sl`, `week1_ce`, `week1_ct`) VALUES
(3954, 132, 'set2week3', 'Wednesday', '4 / 21', '', 0, 0, 0, 0, 0, 0, 0, 0, 0),
(3955, 132, 'set2week4', 'Thursday', '4 / 22', '', 0, 0, 0, 0, 0, 0, 0, 0, 0),
(3956, 132, 'set2week5', 'Friday', '4 / 23', '', 0, 0, 0, 0, 0, 0, 0, 0, 0),
(3957, 132, 'set2week6', 'Saturday', '4 / 24', '', 0, 0, 0, 0, 0, 0, 0, 0, 0),
(3958, 132, 'set2week7', 'Sunday', '4 / 25', '', 0, 0, 0, 0, 0, 0, 0, 0, 0),
(3959, 132, 'set3week1', 'Monday', '4 / 26', '', 0, 0, 0, 0, 0, 0, 0, 0, 0),
(3960, 132, 'set3week2', 'Tuesday', '4 / 27', '', 0, 0, 0, 0, 0, 0, 0, 0, 0),
(3961, 132, 'set3week3', 'Wednesday', '4 / 28', '', 0, 0, 0, 0, 0, 0, 0, 0, 0),
(3962, 132, 'set3week4', 'Thursday', '4 / 29', '', 0, 0, 0, 0, 0, 0, 0, 0, 0),
(3963, 132, 'set3week5', 'Friday', '4 / 30', '', 0, 0, 0, 0, 0, 0, 0, 0, 0),
(3964, 132, 'set3week6', 'Saturday', '5 / 1', '', 0, 0, 0, 0, 0, 0, 0, 0, 0),
(3965, 132, 'set3week7', 'Sunday', '5 / 2', '', 0, 0, 0, 0, 0, 0, 0, 0, 0),
(3966, 132, 'set4week1', 'Monday', '5 / 3', '', 8, 0, 0, 0, 0, 0, 0, 0, 0),
(3967, 132, 'set4week2', 'Tuesday', '5 / 4', '', 8, 0, 0, 0, 0, 0, 0, 0, 0),
(3968, 132, 'set4week3', 'Wednesday', '5 / 5', '', 5, 0, 0, 0, 0, 0, 0, 0, 0),
(3969, 132, 'set4week4', 'Thursday', '5 / 6', '', 4, 0, 0, 0, 0, 0, 0, 0, 0),
(3970, 132, 'set4week5', 'Friday', '5 / 7', '', 4, 0, 0, 0, 0, 0, 0, 0, 0),
(3971, 132, 'set4week6', 'Saturday', '5 / 8', '', 0, 0, 0, 0, 0, 0, 0, 0, 0),
(3972, 132, 'set4week7', 'Sunday', '5 / 9', '', 0, 0, 0, 0, 0, 0, 0, 0, 0),
(3973, 133, 'set1week1', 'Monday', '5 / 10', '', 0, 0, 0, 0, 0, 0, 0, 0, 0),
(3974, 133, 'set1week2', 'Tuesday', '5 / 11', '', 0, 0, 0, 0, 0, 0, 0, 0, 0),
(3975, 133, 'set1week3', 'Wednesday', '5 / 12', '', 10, 0, 0, 0, 0, 0, 0, 0, 0),
(3976, 133, 'set1week4', 'Thursday', '5 / 13', '', 10, 0, 0, 0, 0, 0, 0, 0, 0),
(3977, 133, 'set1week5', 'Friday', '5 / 14', '', 10, 0, 0, 0, 0, 0, 0, 0, 0),
(3978, 133, 'set1week6', 'Saturday', '5 / 15', '', 10, 0, 0, 0, 0, 0, 0, 0, 0),
(3979, 133, 'set1week7', 'Sunday', '5 / 16', '', 0, 0, 0, 0, 0, 0, 0, 0, 0),
(3980, 133, 'set2week1', 'Monday', '5 / 17', '', 0, 0, 0, 0, 0, 0, 0, 0, 0),
(3981, 133, 'set2week2', 'Tuesday', '5 / 18', '', 0, 0, 0, 0, 0, 0, 0, 0, 0),
(3982, 133, 'set2week3', 'Wednesday', '5 / 19', '', 10, 0, 0, 0, 0, 0, 0, 0, 0),
(3983, 133, 'set2week4', 'Thursday', '5 / 20', '', 10, 0, 0, 0, 0, 0, 0, 0, 0),
(3984, 133, 'set2week5', 'Friday', '5 / 21', '', 10, 0, 0, 0, 0, 0, 0, 0, 0),
(3985, 133, 'set2week6', 'Saturday', '5 / 22', '', 10, 0, 0, 0, 0, 0, 0, 0, 0),
(3986, 133, 'set2week7', 'Sunday', '5 / 23', '', 0, 0, 0, 0, 0, 0, 0, 0, 0),
(3987, 133, 'set3week1', 'Monday', '5 / 24', '', 0, 0, 0, 0, 0, 0, 0, 0, 0),
(3988, 133, 'set3week2', 'Tuesday', '5 / 25', '', 0, 0, 0, 0, 0, 0, 0, 0, 0),
(3989, 133, 'set3week3', 'Wednesday', '5 / 26', '', 10, 0, 0, 0, 0, 0, 0, 0, 0),
(3990, 133, 'set3week4', 'Thursday', '5 / 27', '', 10, 0, 0, 0, 0, 0, 0, 0, 0),
(3991, 133, 'set3week5', 'Friday', '5 / 28', '', 2, 0, 0, 0, 0, 0, 8, 0, 0),
(3992, 133, 'set3week6', 'Saturday', '5 / 29', '', 10, 0, 0, 2, 0, 0, 0, 0, 0),
(3993, 133, 'set3week7', 'Sunday', '5 / 30', '', 0, 0, 0, 0, 0, 0, 0, 0, 0),
(3994, 133, 'set4week1', 'Monday', '5 / 31', '', 0, 0, 10, 0, 0, 0, 0, 0, 0),
(3995, 133, 'set4week2', 'Tuesday', '6 / 1', '', 0, 0, 0, 0, 0, 0, 0, 0, 0),
(3996, 133, 'set4week3', 'Wednesday', '6 / 2', '', 10, 0, 0, 0, 0, 0, 0, 0, 0),
(3997, 133, 'set4week4', 'Thursday', '6 / 3', '', 10, 0, 0, 0, 0, 0, 0, 0, 0),
(3998, 133, 'set4week5', 'Friday', '6 / 4', '', 10, 0, 0, 1, 0, 0, 0, 0, 0),
(3999, 133, 'set4week6', 'Saturday', '6 / 5', '', 10, 0, 0, 0, 0, 0, 0, 0, 0),
(4000, 133, 'set4week7', 'Sunday', '6 / 6', '', 0, 0, 0, 0, 0, 0, 0, 0, 0),
(4001, 133, 'set5week1', 'Monday', '6 / 7', '', 0, 0, 0, 0, 0, 0, 0, 0, 0),
(4002, 133, 'set5week2', 'Tuesday', '6 / 8', '', 0, 0, 0, 0, 0, 0, 0, 0, 0),
(4003, 133, 'set5week3', 'Wednesday', '6 / 9', '', 10, 0, 0, 0, 0, 0, 0, 0, 0),
(4004, 133, 'set5week4', 'Thursday', '6 / 10', '', 10, 0, 0, 0, 0, 0, 0, 0, 0),
(4005, 133, 'set5week5', 'Friday', '6 / 11', '', 10, 0, 0, 0, 0, 0, 0, 0, 0),
(4006, 133, 'set5week6', 'Saturday', '6 / 12', '', 10, 0, 0, 0, 0, 0, 0, 0, 0),
(4007, 133, 'set5week7', 'Sunday', '6 / 13', '', 0, 0, 0, 0, 0, 0, 0, 0, 0),
(4008, 134, 'set1week1', 'Monday', '5 / 10', '', 4.5, 0, 0, 0, 0, 0, 0, 0, 0),
(4009, 134, 'set1week2', 'Tuesday', '5 / 11', '', 4.5, 0, 0, 0, 0, 0, 0, 0, 0),
(4010, 134, 'set1week3', 'Wednesday', '5 / 12', '', 4.5, 0, 0, 0, 0, 0, 0, 0, 0),
(4011, 134, 'set1week4', 'Thursday', '5 / 13', '', 0, 0, 0, 0, 0, 0, 0, 0, 0),
(4012, 134, 'set1week5', 'Friday', '5 / 14', '', 4.5, 0, 0, 0, 0, 0, 0, 0, 0),
(4013, 134, 'set1week6', 'Saturday', '5 / 15', '', 2.5, 0, 0, 0, 0, 0, 0, 0, 0),
(4014, 134, 'set1week7', 'Sunday', '5 / 16', '', 0, 0, 0, 0, 0, 0, 0, 0, 0),
(4015, 134, 'set2week1', 'Monday', '5 / 17', '', 4.5, 0, 0, 0, 0, 0, 0, 0, 0),
(4016, 134, 'set2week2', 'Tuesday', '5 / 18', '', 4.5, 0, 0, 0, 0, 0, 0, 0, 0),
(4017, 134, 'set2week3', 'Wednesday', '5 / 19', '', 4.5, 0, 0, 0, 0, 0, 0, 0, 0),
(4018, 134, 'set2week4', 'Thursday', '5 / 20', '', 4.5, 0, 0, 0, 0, 0, 0, 0, 0),
(4019, 134, 'set2week5', 'Friday', '5 / 21', '', 0, 0, 0, 0, 0, 0, 0, 0, 0),
(4020, 134, 'set2week6', 'Saturday', '5 / 22', '', 2.5, 0, 0, 0, 0, 0, 0, 0, 0),
(4021, 134, 'set2week7', 'Sunday', '5 / 23', '', 0, 0, 0, 0, 0, 0, 0, 0, 0),
(4022, 134, 'set3week1', 'Monday', '5 / 24', '', 4.5, 0, 0, 0, 0, 0, 0, 0, 0),
(4023, 134, 'set3week2', 'Tuesday', '5 / 25', '', 4.5, 0, 0, 0, 0, 0, 0, 0, 0),
(4024, 134, 'set3week3', 'Wednesday', '5 / 26', '', 4.5, 0, 0, 0, 0, 0, 0, 0, 0),
(4025, 134, 'set3week4', 'Thursday', '5 / 27', '', 4.5, 0, 0, 0, 0, 0, 0, 0, 0),
(4026, 134, 'set3week5', 'Friday', '5 / 28', '', 0, 0, 0, 0, 0, 0, 0, 0, 0),
(4027, 134, 'set3week6', 'Saturday', '5 / 29', '', 3, 0, 0, 0, 0, 0, 0, 0, 0),
(4028, 134, 'set3week7', 'Sunday', '5 / 30', '', 0, 0, 0, 0, 0, 0, 0, 0, 0),
(4029, 134, 'set4week1', 'Monday', '5 / 31', '', 0, 0, 4.5, 0, 0, 0, 0, 0, 0),
(4030, 134, 'set4week2', 'Tuesday', '6 / 1', '', 4.5, 0, 0, 0, 0, 0, 0, 0, 0),
(4031, 134, 'set4week3', 'Wednesday', '6 / 2', '', 4.5, 0, 0, 0, 0, 0, 0, 0, 0),
(4032, 134, 'set4week4', 'Thursday', '6 / 3', '', 4.5, 0, 0, 0, 0, 0, 0, 0, 0),
(4033, 134, 'set4week5', 'Friday', '6 / 4', '', 0, 0, 0, 0, 0, 0, 0, 0, 0),
(4034, 134, 'set4week6', 'Saturday', '6 / 5', '', 2.5, 0, 0, 0, 0, 0, 0, 0, 0),
(4035, 134, 'set4week7', 'Sunday', '6 / 6', '', 0, 0, 0, 0, 0, 0, 0, 0, 0),
(4036, 134, 'set5week1', 'Monday', '6 / 7', '', 4.5, 0, 0, 0, 0, 0, 0, 0, 0),
(4037, 134, 'set5week2', 'Tuesday', '6 / 8', '', 4.5, 0, 0, 0, 0, 0, 0, 0, 0),
(4038, 134, 'set5week3', 'Wednesday', '6 / 9', '', 4.5, 0, 0, 0, 0, 0, 0, 0, 0),
(4039, 134, 'set5week4', 'Thursday', '6 / 10', '', 4.5, 0, 0, 0, 0, 0, 0, 0, 0),
(4040, 134, 'set5week5', 'Friday', '6 / 11', '', 0, 0, 0, 0, 0, 0, 0, 0, 0),
(4041, 134, 'set5week6', 'Saturday', '6 / 12', '', 3, 0, 0, 0, 0, 0, 0, 0, 0),
(4042, 134, 'set5week7', 'Sunday', '6 / 13', '', 0, 0, 0, 0, 0, 0, 0, 0, 0),
(4043, 135, 'set1week1', 'Monday', '4 / 12', '', 8, 0, 0, 0, 0, 0, 0, 0, 0),
(4044, 135, 'set1week2', 'Tuesday', '4 / 13', '', 8, 0, 0, 0, 0, 0, 0, 0, 0),
(4045, 135, 'set1week3', 'Wednesday', '4 / 14', '', 8, 0, 0, 0, 0, 0, 0, 0, 0),
(4046, 135, 'set1week4', 'Thursday', '4 / 15', '', 8, 0, 0, 0, 0, 0, 0, 0, 0),
(4047, 135, 'set1week5', 'Friday', '4 / 16', '', 8, 0, 0, 0, 0, 0, 0, 0, 0),
(4048, 135, 'set1week6', 'Saturday', '4 / 17', '', 0, 0, 0, 0, 0, 0, 0, 0, 0),
(4049, 135, 'set1week7', 'Sunday', '4 / 18', '', 0, 0, 0, 0, 0, 0, 0, 0, 0),
(4050, 135, 'set2week1', 'Monday', '4 / 19', '', 8, 0, 0, 0, 0, 0, 0, 0, 0),
(4051, 135, 'set2week2', 'Tuesday', '4 / 20', '', 8, 0, 0, 0, 0, 0, 0, 0, 0),
(4052, 135, 'set2week3', 'Wednesday', '4 / 21', '', 8, 0, 0, 0, 0, 0, 0, 0, 0),
(4053, 135, 'set2week4', 'Thursday', '4 / 22', '', 8, 0, 0, 0, 0, 0, 0, 0, 0),
(4054, 135, 'set2week5', 'Friday', '4 / 23', '', 8, 0, 0, 0, 0, 0, 0, 0, 0),
(4055, 135, 'set2week6', 'Saturday', '4 / 24', '', 0, 0, 0, 0, 0, 0, 0, 0, 0),
(4056, 135, 'set2week7', 'Sunday', '4 / 25', '', 0, 0, 0, 0, 0, 0, 0, 0, 0),
(4057, 135, 'set3week1', 'Monday', '4 / 26', '', 8, 0, 0, 0, 0, 0, 0, 0, 0),
(4058, 135, 'set3week2', 'Tuesday', '4 / 27', '', 8, 0, 0, 0, 0, 0, 0, 0, 0),
(4059, 135, 'set3week3', 'Wednesday', '4 / 28', '', 4, 0, 0, 0, 0, 0, 0, 0, 4),
(4060, 135, 'set3week4', 'Thursday', '4 / 29', '', 4, 0, 0, 0, 0, 0, 0, 0, 4),
(4061, 135, 'set3week5', 'Friday', '4 / 30', '', 8, 0, 0, 0, 0, 0, 0, 0, 0),
(4062, 135, 'set3week6', 'Saturday', '5 / 1', '', 0, 0, 0, 0, 0, 0, 0, 0, 0),
(4063, 135, 'set3week7', 'Sunday', '5 / 2', '', 0, 0, 0, 0, 0, 0, 0, 0, 0),
(4064, 135, 'set4week1', 'Monday', '5 / 3', '', 8, 0, 0, 0, 0, 0, 0, 0, 0),
(4065, 135, 'set4week2', 'Tuesday', '5 / 4', '', 8, 0, 0, 0, 0, 0, 0, 0, 0),
(4066, 135, 'set4week3', 'Wednesday', '5 / 5', '', 4, 0, 0, 0, 0, 0, 0, 0, 4),
(4067, 135, 'set4week4', 'Thursday', '5 / 6', '', 4, 0, 0, 0, 0, 0, 0, 0, 4),
(4068, 135, 'set4week5', 'Friday', '5 / 7', '', 8, 0, 0, 0, 0, 0, 0, 0, 0),
(4069, 135, 'set4week6', 'Saturday', '5 / 8', '', 0, 0, 0, 0, 0, 0, 0, 0, 0),
(4070, 135, 'set4week7', 'Sunday', '5 / 9', '', 0, 0, 0, 0, 0, 0, 0, 0, 0),
(4071, 136, 'set1week1', 'Monday', '5 / 10', '', 4, 0, 0, 0, 0, 0, 0, 0, 0),
(4072, 136, 'set1week2', 'Tuesday', '5 / 11', '', 2, 0, 0, 0, 0, 0, 0, 0, 0),
(4073, 136, 'set1week3', 'Wednesday', '5 / 12', '', 0, 0, 0, 0, 0, 0, 0, 0, 0),
(4074, 136, 'set1week4', 'Thursday', '5 / 13', '', 8, 0, 0, 0, 0, 0, 0, 0, 0),
(4075, 136, 'set1week5', 'Friday', '5 / 14', '', 6, 0, 0, 0, 0, 0, 0, 0, 0),
(4076, 136, 'set1week6', 'Saturday', '5 / 15', '', 0, 0, 0, 0, 0, 0, 0, 0, 0),
(4077, 136, 'set1week7', 'Sunday', '5 / 16', '', 0, 0, 0, 0, 0, 0, 0, 0, 0),
(4078, 136, 'set2week1', 'Monday', '5 / 17', '', 4, 0, 0, 0, 0, 0, 0, 0, 0),
(4079, 136, 'set2week2', 'Tuesday', '5 / 18', '', 4, 0, 0, 0, 0, 0, 0, 0, 0),
(4080, 136, 'set2week3', 'Wednesday', '5 / 19', '', 4, 0, 0, 0, 0, 0, 0, 0, 0),
(4081, 136, 'set2week4', 'Thursday', '5 / 20', '', 8, 0, 0, 0, 0, 0, 0, 0, 0),
(4082, 136, 'set2week5', 'Friday', '5 / 21', '', 0, 0, 0, 0, 0, 0, 0, 0, 0),
(4083, 136, 'set2week6', 'Saturday', '5 / 22', '', 0, 0, 0, 0, 0, 0, 0, 0, 0),
(4084, 136, 'set2week7', 'Sunday', '5 / 23', '', 0, 0, 0, 0, 0, 0, 0, 0, 0),
(4085, 136, 'set3week1', 'Monday', '5 / 24', '', 4, 0, 0, 0, 0, 0, 0, 0, 0),
(4086, 136, 'set3week2', 'Tuesday', '5 / 25', '', 8, 0, 0, 0, 0, 0, 0, 0, 0),
(4087, 136, 'set3week3', 'Wednesday', '5 / 26', '', 4, 0, 0, 0, 0, 0, 0, 0, 0),
(4088, 136, 'set3week4', 'Thursday', '5 / 27', '', 8, 0, 0, 0, 0, 0, 0, 0, 0),
(4089, 136, 'set3week5', 'Friday', '5 / 28', '', 8, 0, 0, 0, 0, 0, 0, 0, 0),
(4090, 136, 'set3week6', 'Saturday', '5 / 29', '', 0, 0, 0, 0, 0, 0, 0, 0, 0),
(4091, 136, 'set3week7', 'Sunday', '5 / 30', '', 0, 0, 0, 0, 0, 0, 0, 0, 0),
(4092, 136, 'set4week1', 'Monday', '5 / 31', '', 0, 0, 0, 0, 0, 0, 0, 0, 0),
(4093, 136, 'set4week2', 'Tuesday', '6 / 1', '', 8, 0, 0, 0, 0, 0, 0, 0, 0),
(4094, 136, 'set4week3', 'Wednesday', '6 / 2', '', 4, 0, 0, 0, 0, 0, 0, 0, 0),
(4095, 136, 'set4week4', 'Thursday', '6 / 3', '', 4, 0, 0, 0, 0, 0, 0, 0, 0),
(4096, 136, 'set4week5', 'Friday', '6 / 4', '', 4, 0, 0, 0, 0, 0, 0, 0, 0),
(4097, 136, 'set4week6', 'Saturday', '6 / 5', '', 0, 0, 0, 0, 0, 0, 0, 0, 0),
(4098, 136, 'set4week7', 'Sunday', '6 / 6', '', 0, 0, 0, 0, 0, 0, 0, 0, 0),
(4099, 136, 'set5week1', 'Monday', '6 / 7', '', 8, 0, 0, 0, 0, 0, 0, 0, 0),
(4100, 136, 'set5week2', 'Tuesday', '6 / 8', '', 4, 0, 0, 0, 0, 0, 0, 0, 0),
(4101, 136, 'set5week3', 'Wednesday', '6 / 9', '', 0, 0, 0, 0, 0, 0, 0, 0, 0),
(4102, 136, 'set5week4', 'Thursday', '6 / 10', '', 4, 0, 0, 0, 0, 0, 0, 0, 0),
(4103, 136, 'set5week5', 'Friday', '6 / 11', '', 4, 0, 0, 0, 0, 0, 0, 0, 0),
(4104, 136, 'set5week6', 'Saturday', '6 / 12', '', 0, 0, 0, 0, 0, 0, 0, 0, 0),
(4105, 136, 'set5week7', 'Sunday', '6 / 13', '', 0, 0, 0, 0, 0, 0, 0, 0, 0),
(4106, 137, 'set1week1', 'Monday', '5 / 10', '', 10, 0, 0, 0, 0, 0, 0, 0, 0),
(4107, 137, 'set1week2', 'Tuesday', '5 / 11', '', 3, 0, 0, 0, 0, 0, 7, 0, 0),
(4108, 137, 'set1week3', 'Wednesday', '5 / 12', '', 10, 0, 0, 0, 0, 0, 0, 0, 0),
(4109, 137, 'set1week4', 'Thursday', '5 / 13', '', 0, 0, 0, 0, 0, 0, 0, 0, 0),
(4110, 137, 'set1week5', 'Friday', '5 / 14', '', 0, 0, 0, 0, 0, 0, 0, 0, 0),
(4111, 137, 'set1week6', 'Saturday', '5 / 15', '', 0, 0, 0, 0, 0, 0, 0, 0, 0),
(4112, 137, 'set1week7', 'Sunday', '5 / 16', '', 10, 0, 0, 0, 0, 0, 0, 0, 0),
(4113, 137, 'set2week1', 'Monday', '5 / 17', '', 10, 0, 0, 0, 0, 0, 0, 0, 0),
(4114, 137, 'set2week2', 'Tuesday', '5 / 18', '', 10, 0, 0, 0, 0, 0, 0, 0, 0),
(4115, 137, 'set2week3', 'Wednesday', '5 / 19', '', 10, 0, 0, 0, 0, 0, 0, 0, 0),
(4116, 137, 'set2week4', 'Thursday', '5 / 20', '', 0, 0, 0, 2, 0, 0, 0, 0, 0),
(4117, 137, 'set2week5', 'Friday', '5 / 21', '', 0, 0, 0, 0, 0, 0, 0, 0, 0),
(4118, 137, 'set2week6', 'Saturday', '5 / 22', '', 0, 0, 0, 0, 0, 0, 0, 0, 0),
(4119, 137, 'set2week7', 'Sunday', '5 / 23', '', 10, 0, 0, 0, 0, 0, 0, 0, 0),
(4120, 137, 'set3week1', 'Monday', '5 / 24', '', 10, 0, 0, 0, 0, 0, 0, 0, 0),
(4121, 137, 'set3week2', 'Tuesday', '5 / 25', '', 10, 0, 0, 0, 0, 0, 0, 0, 0),
(4122, 137, 'set3week3', 'Wednesday', '5 / 26', '', 10, 0, 0, 0, 0, 0, 0, 0, 0),
(4123, 137, 'set3week4', 'Thursday', '5 / 27', '', 0, 0, 0, 0, 0, 0, 0, 0, 0),
(4124, 137, 'set3week5', 'Friday', '5 / 28', '', 0, 0, 0, 0, 0, 0, 0, 0, 0),
(4125, 137, 'set3week6', 'Saturday', '5 / 29', '', 0, 0, 0, 0, 0, 0, 0, 0, 0),
(4126, 137, 'set3week7', 'Sunday', '5 / 30', '', 10, 0, 0, 0, 0, 0, 0, 0, 0),
(4127, 137, 'set4week1', 'Monday', '5 / 31', '', 0, 10, 2, 0, 0, 0, 0, 0, 0),
(4128, 137, 'set4week2', 'Tuesday', '6 / 1', '', 10, 0, 0, 0, 0, 0, 0, 0, 0),
(4129, 137, 'set4week3', 'Wednesday', '6 / 2', '', 10, 0, 0, 0, 0, 0, 0, 0, 0),
(4130, 137, 'set4week4', 'Thursday', '6 / 3', '', 0, 0, 0, 0, 0, 0, 0, 0, 0),
(4131, 137, 'set4week5', 'Friday', '6 / 4', '', 0, 0, 0, 0, 0, 0, 0, 0, 0),
(4132, 137, 'set4week6', 'Saturday', '6 / 5', '', 0, 0, 0, 0, 0, 0, 0, 0, 0),
(4133, 137, 'set4week7', 'Sunday', '6 / 6', '', 10, 0, 0, 0, 0, 0, 0, 0, 0),
(4134, 137, 'set5week1', 'Monday', '6 / 7', '', 10, 0, 0, 0, 0, 0, 0, 0, 0),
(4135, 137, 'set5week2', 'Tuesday', '6 / 8', '', 10, 0, 0, 0, 0, 0, 0, 0, 0),
(4136, 137, 'set5week3', 'Wednesday', '6 / 9', '', 10, 0, 0, 0, 0, 0, 0, 0, 0),
(4137, 137, 'set5week4', 'Thursday', '6 / 10', '', 0, 0, 0, 0, 0, 0, 0, 0, 0),
(4138, 137, 'set5week5', 'Friday', '6 / 11', '', 0, 0, 0, 0, 0, 0, 0, 0, 0),
(4139, 137, 'set5week6', 'Saturday', '6 / 12', '', 0, 0, 0, 0, 0, 0, 0, 0, 0),
(4140, 137, 'set5week7', 'Sunday', '6 / 13', '', 10, 0, 0, 0, 0, 0, 0, 0, 0),
(4141, 138, 'set1week1', 'Monday', '5 / 10', '', 8, 0, 0, 0, 0, 0, 0, 0, 0),
(4142, 138, 'set1week2', 'Tuesday', '5 / 11', '', 8, 0, 0, 0, 0, 0, 0, 0, 0),
(4143, 138, 'set1week3', 'Wednesday', '5 / 12', '', 8, 0, 0, 0, 0, 0, 0, 0, 0),
(4144, 138, 'set1week4', 'Thursday', '5 / 13', '', 8, 0, 0, 0, 0, 0, 0, 0, 0),
(4145, 138, 'set1week5', 'Friday', '5 / 14', '', 8, 0, 0, 0, 0, 0, 0, 0, 0),
(4146, 138, 'set1week6', 'Saturday', '5 / 15', '', 0, 0, 0, 0, 0, 0, 0, 0, 0),
(4147, 138, 'set1week7', 'Sunday', '5 / 16', '', 0, 0, 0, 0, 0, 0, 0, 0, 0),
(4148, 138, 'set2week1', 'Monday', '5 / 17', '', 8, 0, 0, 0, 0, 0, 0, 0, 0),
(4149, 138, 'set2week2', 'Tuesday', '5 / 18', '', 8, 0, 0, 0, 0, 0, 0, 0, 0),
(4150, 138, 'set2week3', 'Wednesday', '5 / 19', '', 8, 0, 0, 0, 0, 0, 0, 0, 0),
(4151, 138, 'set2week4', 'Thursday', '5 / 20', '', 8, 0, 0, 0, 0, 0, 0, 0, 0),
(4152, 138, 'set2week5', 'Friday', '5 / 21', '', 8, 0, 0, 0, 0, 0, 0, 0, 0),
(4153, 138, 'set2week6', 'Saturday', '5 / 22', 'Plane Crash', 0, 0, 0, 0, 0, 0, 0, 11, 0),
(4154, 138, 'set2week7', 'Sunday', '5 / 23', 'Plane Crash', 0, 0, 0, 0, 0, 0, 0, 3, 0),
(4155, 138, 'set3week1', 'Monday', '5 / 24', 'Inspection Fill In', 0, 0, 0, 0, 0, 0, 0, 5, 0),
(4156, 138, 'set3week2', 'Tuesday', '5 / 25', '', 8, 0, 0, 0, 0, 0, 0, 0, 0),
(4157, 138, 'set3week3', 'Wednesday', '5 / 26', '', 8, 0, 0, 0, 0, 0, 0, 0, 0),
(4158, 138, 'set3week4', 'Thursday', '5 / 27', '', 8, 0, 0, 0, 0, 0, 0, 0, 0),
(4159, 138, 'set3week5', 'Friday', '5 / 28', '', 5, 0, 0, 0, 0, 0, 0, 0, 3),
(4160, 138, 'set3week6', 'Saturday', '5 / 29', '', 0, 0, 0, 0, 0, 0, 0, 0, 0),
(4161, 138, 'set3week7', 'Sunday', '5 / 30', '', 0, 0, 0, 0, 0, 0, 0, 0, 0),
(4162, 138, 'set4week1', 'Monday', '5 / 31', '', 8, 0, 0, 0, 0, 0, 0, 0, 0),
(4163, 138, 'set4week2', 'Tuesday', '6 / 1', '', 8, 0, 0, 0, 0, 0, 0, 0, 0),
(4164, 138, 'set4week3', 'Wednesday', '6 / 2', '', 8, 0, 0, 0, 0, 0, 0, 0, 0),
(4165, 138, 'set4week4', 'Thursday', '6 / 3', '', 8, 0, 0, 0, 0, 0, 0, 0, 0),
(4166, 138, 'set4week5', 'Friday', '6 / 4', '', 6, 0, 0, 0, 0, 0, 0, 0, 3),
(4167, 138, 'set4week6', 'Saturday', '6 / 5', '', 0, 0, 0, 0, 0, 0, 0, 0, 0),
(4168, 138, 'set4week7', 'Sunday', '6 / 6', '', 0, 0, 0, 0, 0, 0, 0, 0, 0),
(4169, 138, 'set5week1', 'Monday', '6 / 7', '', 8, 0, 0, 0, 0, 0, 0, 0, 0),
(4170, 138, 'set5week2', 'Tuesday', '6 / 8', '', 8, 0, 0, 0, 0, 0, 0, 0, 0),
(4171, 138, 'set5week3', 'Wednesday', '6 / 9', '', 8, 0, 0, 0, 0, 0, 0, 0, 0),
(4172, 138, 'set5week4', 'Thursday', '6 / 10', '', 8, 0, 0, 0, 0, 0, 0, 0, 0),
(4173, 138, 'set5week5', 'Friday', '6 / 11', '', 8, 0, 0, 0, 0, 0, 0, 0, 0),
(4174, 138, 'set5week6', 'Saturday', '6 / 12', '', 0, 0, 0, 0, 0, 0, 0, 0, 0),
(4175, 138, 'set5week7', 'Sunday', '6 / 13', '', 0, 0, 0, 0, 0, 0, 0, 0, 0),
(4176, 139, 'set1week1', 'Monday', '5 / 10', '', 4, 0, 0, 0, 0, 0, 0, 0, 0),
(4177, 139, 'set1week2', 'Tuesday', '5 / 11', '', 8, 0, 0, 0, 0, 0, 0, 0, 0),
(4178, 139, 'set1week3', 'Wednesday', '5 / 12', '', 7, 0, 0, 0, 0, 0, 0, 0, 0),
(4179, 139, 'set1week4', 'Thursday', '5 / 13', '', 6, 0, 0, 0, 0, 0, 0, 0, 0),
(4180, 139, 'set1week5', 'Friday', '5 / 14', '', 8, 0, 0, 0, 0, 0, 0, 0, 0),
(4181, 139, 'set1week6', 'Saturday', '5 / 15', '', 0, 0, 0, 0, 0, 0, 0, 0, 0),
(4182, 139, 'set1week7', 'Sunday', '5 / 16', '', 0, 0, 0, 0, 0, 0, 0, 0, 0),
(4183, 139, 'set2week1', 'Monday', '5 / 17', '', 8, 0, 0, 0, 0, 0, 0, 0, 0),
(4184, 139, 'set2week2', 'Tuesday', '5 / 18', '', 8, 0, 0, 0, 0, 0, 0, 0, 0),
(4185, 139, 'set2week3', 'Wednesday', '5 / 19', '', 8, 0, 0, 0, 0, 0, 0, 0, 0),
(4186, 139, 'set2week4', 'Thursday', '5 / 20', '', 8, 0, 0, 0, 0, 0, 0, 0, 0),
(4187, 139, 'set2week5', 'Friday', '5 / 21', '', 8, 0, 0, 0, 0, 0, 0, 0, 0),
(4188, 139, 'set2week6', 'Saturday', '5 / 22', '', 0, 0, 0, 0, 0, 0, 0, 0, 0),
(4189, 139, 'set2week7', 'Sunday', '5 / 23', '', 0, 0, 0, 0, 0, 0, 0, 0, 0),
(4190, 139, 'set3week1', 'Monday', '5 / 24', '', 8, 0, 0, 0, 0, 0, 0, 0, 0),
(4191, 139, 'set3week2', 'Tuesday', '5 / 25', '', 8, 0, 0, 0, 0, 0, 0, 0, 0),
(4192, 139, 'set3week3', 'Wednesday', '5 / 26', '', 8, 0, 0, 0, 0, 0, 0, 0, 0),
(4193, 139, 'set3week4', 'Thursday', '5 / 27', '', 8, 0, 0, 0, 0, 0, 0, 0, 0),
(4194, 139, 'set3week5', 'Friday', '5 / 28', '', 8, 0, 0, 0, 0, 0, 0, 0, 0),
(4195, 139, 'set3week6', 'Saturday', '5 / 29', '', 0, 0, 0, 0, 0, 0, 0, 0, 0),
(4196, 139, 'set3week7', 'Sunday', '5 / 30', '', 0, 0, 0, 0, 0, 0, 0, 0, 0),
(4197, 139, 'set4week1', 'Monday', '5 / 31', '', 0, 0, 0, 0, 0, 0, 0, 0, 0),
(4198, 139, 'set4week2', 'Tuesday', '6 / 1', '', 8, 0, 0, 0, 0, 0, 0, 0, 0),
(4199, 139, 'set4week3', 'Wednesday', '6 / 2', '', 8, 0, 0, 0, 0, 0, 0, 0, 0),
(4200, 139, 'set4week4', 'Thursday', '6 / 3', '', 8, 0, 0, 0, 0, 0, 0, 0, 0),
(4201, 139, 'set4week5', 'Friday', '6 / 4', '', 8, 0, 0, 0, 0, 0, 0, 0, 0),
(4202, 139, 'set4week6', 'Saturday', '6 / 5', '', 0, 0, 0, 0, 0, 0, 0, 0, 0),
(4203, 139, 'set4week7', 'Sunday', '6 / 6', '', 0, 0, 0, 0, 0, 0, 0, 0, 0),
(4204, 139, 'set5week1', 'Monday', '6 / 7', '', 8, 0, 0, 0, 0, 0, 0, 0, 0),
(4205, 139, 'set5week2', 'Tuesday', '6 / 8', '', 8, 0, 0, 0, 0, 0, 0, 0, 0),
(4206, 139, 'set5week3', 'Wednesday', '6 / 9', '', 8, 0, 0, 0, 0, 0, 0, 0, 0),
(4207, 139, 'set5week4', 'Thursday', '6 / 10', '', 5, 0, 0, 0, 0, 0, 0, 0, 0),
(4208, 139, 'set5week5', 'Friday', '6 / 11', '', 8, 0, 0, 0, 0, 0, 0, 0, 0),
(4209, 139, 'set5week6', 'Saturday', '6 / 12', '', 0, 0, 0, 0, 0, 0, 0, 0, 0),
(4210, 139, 'set5week7', 'Sunday', '6 / 13', '', 0, 0, 0, 0, 0, 0, 0, 0, 0),
(4211, 140, 'set1week1', 'Monday', '6 / 14', '', 10, 0, 0, 0, 0, 0, 0, 0, 0),
(4212, 140, 'set1week2', 'Tuesday', '6 / 15', '', 10, 0, 0, 0, 0, 0, 0, 0, 0),
(4213, 140, 'set1week3', 'Wednesday', '6 / 16', '', 10, 0, 0, 0, 0, 0, 0, 0, 0),
(4214, 140, 'set1week4', 'Thursday', '6 / 17', '', 0, 0, 0, 0, 0, 0, 0, 0, 0),
(4215, 140, 'set1week5', 'Friday', '6 / 18', '', 0, 0, 0, 0, 0, 0, 0, 0, 0),
(4216, 140, 'set1week6', 'Saturday', '6 / 19', '', 0, 0, 0, 0, 0, 0, 0, 0, 0),
(4217, 140, 'set1week7', 'Sunday', '6 / 20', '', 10, 0, 0, 0, 0, 0, 0, 0, 0),
(4218, 140, 'set2week1', 'Monday', '6 / 21', '', 10, 0, 0, 0, 0, 0, 0, 0, 0),
(4219, 140, 'set2week2', 'Tuesday', '6 / 22', '', 10, 0, 0, 0, 0, 0, 0, 0, 0),
(4220, 140, 'set2week3', 'Wednesday', '6 / 23', '', 10, 0, 0, 0, 0, 0, 0, 0, 0),
(4221, 140, 'set2week4', 'Thursday', '6 / 24', '', 0, 0, 0, 0, 0, 0, 0, 0, 0),
(4222, 140, 'set2week5', 'Friday', '6 / 25', '', 0, 0, 0, 0, 0, 0, 0, 0, 0),
(4223, 140, 'set2week6', 'Saturday', '6 / 26', '', 0, 0, 0, 0, 0, 0, 0, 0, 0),
(4224, 140, 'set2week7', 'Sunday', '6 / 27', '', 10, 0, 0, 0, 0, 0, 0, 0, 0),
(4225, 140, 'set3week1', 'Monday', '6 / 28', '', 10, 0, 0, 0, 0, 0, 0, 0, 0),
(4226, 140, 'set3week2', 'Tuesday', '6 / 29', '', 10, 0, 0, 0, 0, 0, 0, 0, 0),
(4227, 140, 'set3week3', 'Wednesday', '6 / 30', '', 10, 0, 0, 0, 0, 0, 0, 0, 0),
(4228, 140, 'set3week4', 'Thursday', '7 / 1', '', 0, 0, 0, 0, 0, 0, 0, 0, 0),
(4229, 140, 'set3week5', 'Friday', '7 / 2', '', 0, 0, 0, 0, 0, 0, 0, 0, 0),
(4230, 140, 'set3week6', 'Saturday', '7 / 3', '', 0, 0, 0, 0, 0, 0, 0, 0, 0),
(4231, 140, 'set3week7', 'Sunday', '7 / 4', '', 0, 0, 10, 0, 0, 0, 0, 0, 0),
(4232, 140, 'set4week1', 'Monday', '7 / 5', '', 0, 10, 0, 0, 0, 0, 0, 0, 0),
(4233, 140, 'set4week2', 'Tuesday', '7 / 6', '', 10, 0, 0, 0, 0, 0, 0, 0, 0),
(4234, 140, 'set4week3', 'Wednesday', '7 / 7', '', 10, 0, 0, 0, 0, 0, 0, 0, 0),
(4235, 140, 'set4week4', 'Thursday', '7 / 8', '', 0, 0, 0, 0, 0, 0, 0, 0, 0),
(4236, 140, 'set4week5', 'Friday', '7 / 9', '', 0, 0, 0, 0, 0, 0, 0, 0, 0),
(4237, 140, 'set4week6', 'Saturday', '7 / 10', '', 0, 0, 0, 0, 0, 0, 0, 0, 0),
(4238, 140, 'set4week7', 'Sunday', '7 / 11', '', 0, 0, 0, 0, 0, 10, 0, 0, 0),
(4239, 141, 'set1week1', 'Monday', '6 / 14', '', 0, 0, 0, 0, 0, 0, 0, 0, 0),
(4240, 141, 'set1week2', 'Tuesday', '6 / 15', '', 0, 0, 0, 0, 0, 0, 0, 0, 0),
(4241, 141, 'set1week3', 'Wednesday', '6 / 16', '', 10, 0, 0, 0, 0, 0, 0, 0, 0),
(4242, 141, 'set1week4', 'Thursday', '6 / 17', '', 10, 0, 0, 0, 0, 0, 0, 0, 0),
(4243, 141, 'set1week5', 'Friday', '6 / 18', '', 10, 0, 0, 0, 0, 0, 0, 0, 0),
(4244, 141, 'set1week6', 'Saturday', '6 / 19', '', 8, 0, 0, 0, 0, 2, 0, 0, 0),
(4245, 141, 'set1week7', 'Sunday', '6 / 20', '', 0, 0, 0, 0, 0, 0, 0, 0, 0),
(4246, 141, 'set2week1', 'Monday', '6 / 21', '', 0, 0, 0, 13, 0, 0, 0, 0, 0),
(4247, 141, 'set2week2', 'Tuesday', '6 / 22', '', 0, 0, 0, 6, 0, 0, 0, 0, 0),
(4248, 141, 'set2week3', 'Wednesday', '6 / 23', '', 10, 0, 0, 4, 0, 0, 0, 0, 0),
(4249, 141, 'set2week4', 'Thursday', '6 / 24', '', 10, 0, 0, 0, 0, 0, 0, 0, 0),
(4250, 141, 'set2week5', 'Friday', '6 / 25', '', 10, 0, 0, 0, 0, 0, 0, 0, 0),
(4251, 141, 'set2week6', 'Saturday', '6 / 26', '', 10, 0, 0, 0, 0, 0, 0, 0, 0),
(4252, 141, 'set2week7', 'Sunday', '6 / 27', '', 0, 0, 0, 0, 0, 0, 0, 0, 0),
(4253, 141, 'set3week1', 'Monday', '6 / 28', '', 0, 0, 0, 0, 0, 0, 0, 0, 0),
(4254, 141, 'set3week2', 'Tuesday', '6 / 29', '', 0, 0, 0, 0, 0, 0, 0, 0, 0),
(4255, 141, 'set3week3', 'Wednesday', '6 / 30', '', 10, 0, 0, 0, 0, 0, 0, 0, 0),
(4256, 141, 'set3week4', 'Thursday', '7 / 1', '', 10, 0, 0, 0, 0, 0, 0, 0, 0),
(4257, 141, 'set3week5', 'Friday', '7 / 2', '', 10, 0, 0, 0, 0, 0, 0, 0, 0),
(4258, 141, 'set3week6', 'Saturday', '7 / 3', '', 10, 0, 0, 0, 0, 0, 0, 0, 0),
(4259, 141, 'set3week7', 'Sunday', '7 / 4', '', 0, 10, 0, 0, 0, 0, 0, 0, 0),
(4260, 141, 'set4week1', 'Monday', '7 / 5', '', 0, 0, 0, 0, 0, 0, 0, 0, 0),
(4261, 141, 'set4week2', 'Tuesday', '7 / 6', '', 0, 0, 0, 0, 0, 0, 0, 0, 0),
(4262, 141, 'set4week3', 'Wednesday', '7 / 7', '', 10, 0, 0, 0, 0, 0, 0, 0, 0),
(4263, 141, 'set4week4', 'Thursday', '7 / 8', '', 10, 0, 0, 0, 0, 0, 0, 0, 0),
(4264, 141, 'set4week5', 'Friday', '7 / 9', '', 10, 0, 0, 0, 0, 0, 0, 0, 0),
(4265, 141, 'set4week6', 'Saturday', '7 / 10', '', 10, 0, 0, 0, 0, 0, 0, 0, 0),
(4266, 141, 'set4week7', 'Sunday', '7 / 11', '', 0, 0, 0, 0, 0, 0, 0, 0, 0),
(4267, 142, 'set1week1', 'Monday', '6 / 14', '', 4.5, 0, 0, 0, 0, 0, 0, 0, 0),
(4268, 142, 'set1week2', 'Tuesday', '6 / 15', '', 4.5, 0, 0, 0, 0, 0, 0, 0, 0),
(4269, 142, 'set1week3', 'Wednesday', '6 / 16', '', 4.5, 0, 0, 0, 0, 0, 0, 0, 0),
(4270, 142, 'set1week4', 'Thursday', '6 / 17', '', 4.5, 0, 0, 0, 0, 0, 0, 0, 0),
(4271, 142, 'set1week5', 'Friday', '6 / 18', '', 0, 0, 0, 0, 0, 0, 0, 0, 0),
(4272, 142, 'set1week6', 'Saturday', '6 / 19', '', 3, 0, 0, 0, 0, 0, 0, 0, 0),
(4273, 142, 'set1week7', 'Sunday', '6 / 20', '', 0, 0, 0, 0, 0, 0, 0, 0, 0),
(4274, 142, 'set2week1', 'Monday', '6 / 21', '', 4.5, 0, 0, 0, 0, 0, 0, 0, 0),
(4275, 142, 'set2week2', 'Tuesday', '6 / 22', '', 5.5, 0, 0, 0, 0, 0, 0, 0, 0),
(4276, 142, 'set2week3', 'Wednesday', '6 / 23', '', 8, 0, 0, 0, 0, 0, 0, 0, 0),
(4277, 142, 'set2week4', 'Thursday', '6 / 24', '', 4.5, 0, 0, 0, 0, 0, 0, 0, 0),
(4278, 142, 'set2week5', 'Friday', '6 / 25', '', 0, 0, 0, 0, 0, 0, 0, 0, 0),
(4279, 142, 'set2week6', 'Saturday', '6 / 26', '', 2.5, 0, 0, 0, 0, 0, 0, 0, 0),
(4280, 142, 'set2week7', 'Sunday', '6 / 27', '', 0, 0, 0, 0, 0, 0, 0, 0, 0),
(4281, 142, 'set3week1', 'Monday', '6 / 28', '', 4.5, 0, 0, 0, 0, 0, 0, 0, 0),
(4282, 142, 'set3week2', 'Tuesday', '6 / 29', '', 4.5, 0, 0, 0, 0, 0, 0, 0, 0),
(4283, 142, 'set3week3', 'Wednesday', '6 / 30', '', 4.5, 0, 0, 0, 0, 0, 0, 0, 0),
(4284, 142, 'set3week4', 'Thursday', '7 / 1', '', 4.5, 0, 0, 0, 0, 0, 0, 0, 0),
(4285, 142, 'set3week5', 'Friday', '7 / 2', '', 0, 0, 0, 0, 0, 0, 0, 0, 0),
(4286, 142, 'set3week6', 'Saturday', '7 / 3', '', 3, 0, 0, 0, 0, 0, 0, 0, 0),
(4287, 142, 'set3week7', 'Sunday', '7 / 4', '', 0, 0, 0, 0, 0, 0, 0, 0, 0),
(4288, 142, 'set4week1', 'Monday', '7 / 5', '', 0, 0, 4.5, 0, 0, 0, 0, 0, 0),
(4289, 142, 'set4week2', 'Tuesday', '7 / 6', '', 4.5, 0, 0, 0, 0, 0, 0, 0, 0),
(4290, 142, 'set4week3', 'Wednesday', '7 / 7', '', 4.5, 0, 0, 0, 0, 0, 0, 0, 0),
(4291, 142, 'set4week4', 'Thursday', '7 / 8', '', 0, 0, 0, 0, 0, 0, 0, 0, 0),
(4292, 142, 'set4week5', 'Friday', '7 / 9', '', 4.5, 0, 0, 0, 0, 0, 0, 0, 0),
(4293, 142, 'set4week6', 'Saturday', '7 / 10', '', 2.5, 0, 0, 0, 0, 0, 0, 0, 0),
(4294, 142, 'set4week7', 'Sunday', '7 / 11', '', 0, 0, 0, 0, 0, 0, 0, 0, 0),
(4295, 143, 'set1week1', 'Monday', '6 / 14', '', 8, 0, 0, 0, 0, 0, 0, 0, 0),
(4296, 143, 'set1week2', 'Tuesday', '6 / 15', '', 8, 0, 0, 0, 0, 0, 0, 0, 0),
(4297, 143, 'set1week3', 'Wednesday', '6 / 16', '', 4, 0, 0, 0, 0, 0, 0, 0, 0),
(4298, 143, 'set1week4', 'Thursday', '6 / 17', '', 0, 0, 0, 0, 0, 0, 0, 0, 0),
(4299, 143, 'set1week5', 'Friday', '6 / 18', '', 0, 0, 0, 0, 0, 0, 0, 0, 0),
(4300, 143, 'set1week6', 'Saturday', '6 / 19', '', 0, 0, 0, 0, 0, 0, 0, 0, 0),
(4301, 143, 'set1week7', 'Sunday', '6 / 20', '', 0, 0, 0, 0, 0, 0, 0, 0, 0),
(4302, 143, 'set2week1', 'Monday', '6 / 21', '', 8, 0, 0, 0, 0, 0, 0, 0, 0),
(4303, 143, 'set2week2', 'Tuesday', '6 / 22', '', 8, 0, 0, 0, 0, 0, 0, 0, 0),
(4304, 143, 'set2week3', 'Wednesday', '6 / 23', '', 8, 0, 0, 0, 0, 0, 0, 0, 0),
(4305, 143, 'set2week4', 'Thursday', '6 / 24', '', 8, 0, 0, 0, 0, 0, 0, 0, 0),
(4306, 143, 'set2week5', 'Friday', '6 / 25', '', 0, 0, 0, 0, 0, 0, 0, 0, 0),
(4307, 143, 'set2week6', 'Saturday', '6 / 26', '', 0, 0, 0, 0, 0, 0, 0, 0, 0),
(4308, 143, 'set2week7', 'Sunday', '6 / 27', '', 0, 0, 0, 0, 0, 0, 0, 0, 0),
(4309, 143, 'set3week1', 'Monday', '6 / 28', '', 4, 0, 0, 0, 0, 0, 0, 0, 0),
(4310, 143, 'set3week2', 'Tuesday', '6 / 29', '', 8, 0, 0, 0, 0, 0, 0, 0, 0),
(4311, 143, 'set3week3', 'Wednesday', '6 / 30', '', 4, 0, 0, 0, 0, 0, 0, 0, 0),
(4312, 143, 'set3week4', 'Thursday', '7 / 1', '', 4, 0, 0, 0, 0, 0, 0, 0, 0),
(4313, 143, 'set3week5', 'Friday', '7 / 2', '', 0, 0, 0, 0, 0, 0, 0, 0, 0),
(4314, 143, 'set3week6', 'Saturday', '7 / 3', '', 0, 0, 0, 0, 0, 0, 0, 0, 0),
(4315, 143, 'set3week7', 'Sunday', '7 / 4', '', 0, 0, 0, 0, 0, 0, 0, 0, 0),
(4316, 143, 'set4week1', 'Monday', '7 / 5', '', 0, 0, 0, 0, 0, 0, 0, 0, 0),
(4317, 143, 'set4week2', 'Tuesday', '7 / 6', '', 8, 0, 0, 0, 0, 0, 0, 0, 0),
(4318, 143, 'set4week3', 'Wednesday', '7 / 7', '', 4, 0, 0, 0, 0, 0, 0, 0, 0),
(4319, 143, 'set4week4', 'Thursday', '7 / 8', '', 4, 0, 0, 0, 0, 0, 0, 0, 0),
(4320, 143, 'set4week5', 'Friday', '7 / 9', '', 4, 0, 0, 0, 0, 0, 0, 0, 0),
(4321, 143, 'set4week6', 'Saturday', '7 / 10', '', 0, 0, 0, 0, 0, 0, 0, 0, 0),
(4322, 143, 'set4week7', 'Sunday', '7 / 11', '', 0, 0, 0, 0, 0, 0, 0, 0, 0),
(4323, 144, 'set1week1', 'Monday', '6 / 14', '', 8, 0, 0, 0, 0, 0, 0, 0, 0),
(4324, 144, 'set1week2', 'Tuesday', '6 / 15', '', 8, 0, 0, 0, 0, 0, 0, 0, 0),
(4325, 144, 'set1week3', 'Wednesday', '6 / 16', '', 8, 0, 0, 0, 0, 0, 0, 0, 0),
(4326, 144, 'set1week4', 'Thursday', '6 / 17', '', 8, 0, 0, 0, 0, 0, 0, 0, 0),
(4327, 144, 'set1week5', 'Friday', '6 / 18', '', 6.5, 0, 0, 0, 0, 0, 0, 0, 0),
(4328, 144, 'set1week6', 'Saturday', '6 / 19', '', 0, 0, 0, 0, 0, 0, 0, 0, 0),
(4329, 144, 'set1week7', 'Sunday', '6 / 20', '', 0, 0, 0, 0, 0, 0, 0, 0, 0),
(4330, 144, 'set2week1', 'Monday', '6 / 21', '', 8, 0, 0, 0, 0, 0, 0, 0, 0),
(4331, 144, 'set2week2', 'Tuesday', '6 / 22', '', 0, 0, 0, 0, 0, 0, 0, 0, 0),
(4332, 144, 'set2week3', 'Wednesday', '6 / 23', '', 8, 0, 0, 0, 0, 0, 0, 0, 0),
(4333, 144, 'set2week4', 'Thursday', '6 / 24', '', 8, 0, 0, 0, 0, 0, 0, 0, 0),
(4334, 144, 'set2week5', 'Friday', '6 / 25', '', 8, 0, 0, 0, 0, 0, 0, 0, 0),
(4335, 144, 'set2week6', 'Saturday', '6 / 26', '', 0, 0, 0, 0, 0, 0, 0, 0, 0),
(4336, 144, 'set2week7', 'Sunday', '6 / 27', '', 0, 0, 0, 0, 0, 0, 0, 0, 0),
(4337, 144, 'set3week1', 'Monday', '6 / 28', '', 0, 0, 0, 0, 0, 0, 0, 0, 0),
(4338, 144, 'set3week2', 'Tuesday', '6 / 29', '', 8, 0, 0, 0, 0, 0, 0, 0, 0),
(4339, 144, 'set3week3', 'Wednesday', '6 / 30', '', 8, 0, 0, 0, 0, 0, 0, 0, 0),
(4340, 144, 'set3week4', 'Thursday', '7 / 1', '', 8, 0, 0, 0, 0, 0, 0, 0, 0),
(4341, 144, 'set3week5', 'Friday', '7 / 2', '', 8, 0, 0, 0, 0, 0, 0, 0, 0),
(4342, 144, 'set3week6', 'Saturday', '7 / 3', '', 0, 0, 0, 0, 0, 0, 0, 0, 0),
(4343, 144, 'set3week7', 'Sunday', '7 / 4', '', 0, 0, 0, 0, 0, 0, 0, 0, 0),
(4344, 144, 'set4week1', 'Monday', '7 / 5', '', 8, 0, 0, 0, 0, 0, 0, 0, 0),
(4345, 144, 'set4week2', 'Tuesday', '7 / 6', '', 8, 0, 0, 0, 0, 0, 0, 0, 0),
(4346, 144, 'set4week3', 'Wednesday', '7 / 7', '', 8, 0, 0, 0, 0, 0, 0, 0, 0),
(4347, 144, 'set4week4', 'Thursday', '7 / 8', '', 8, 0, 0, 0, 0, 0, 0, 0, 0),
(4348, 144, 'set4week5', 'Friday', '7 / 9', '', 8, 0, 0, 0, 0, 0, 0, 0, 0),
(4349, 144, 'set4week6', 'Saturday', '7 / 10', '', 0, 0, 0, 0, 0, 0, 0, 0, 0),
(4350, 144, 'set4week7', 'Sunday', '7 / 11', '', 0, 0, 0, 0, 0, 0, 0, 0, 0),
(4351, 145, 'set1week1', 'Monday', '6 / 14', '', 8, 0, 0, 0, 0, 0, 0, 0, 0),
(4352, 145, 'set1week2', 'Tuesday', '6 / 15', '', 8, 0, 0, 0, 0, 0, 0, 0, 0),
(4353, 145, 'set1week3', 'Wednesday', '6 / 16', '', 8, 0, 0, 0, 0, 0, 0, 0, 0),
(4354, 145, 'set1week4', 'Thursday', '6 / 17', '', 8, 0, 0, 0, 0, 0, 0, 0, 0),
(4355, 145, 'set1week5', 'Friday', '6 / 18', '', 8, 0, 0, 0, 0, 0, 0, 0, 0),
(4356, 145, 'set1week6', 'Saturday', '6 / 19', '', 0, 0, 0, 0, 0, 0, 0, 0, 0),
(4357, 145, 'set1week7', 'Sunday', '6 / 20', '', 0, 0, 0, 0, 0, 0, 0, 0, 0),
(4358, 145, 'set2week1', 'Monday', '6 / 21', '', 8, 0, 0, 0, 0, 0, 0, 0, 0),
(4359, 145, 'set2week2', 'Tuesday', '6 / 22', 'ABT Prep', 8, 0, 0, 0, 0, 0, 0, 4, 0),
(4360, 145, 'set2week3', 'Wednesday', '6 / 23', 'ABT', 8, 0, 0, 0, 0, 0, 0, 8, 0),
(4361, 145, 'set2week4', 'Thursday', '6 / 24', 'ABT Takedown', 8, 0, 0, 0, 0, 0, 0, 4, 0),
(4362, 145, 'set2week5', 'Friday', '6 / 25', '', 4, 0, 0, 0, 0, 0, 0, 0, 4),
(4363, 145, 'set2week6', 'Saturday', '6 / 26', '', 0, 0, 0, 0, 0, 0, 0, 0, 0),
(4364, 145, 'set2week7', 'Sunday', '6 / 27', '', 0, 0, 0, 0, 0, 0, 0, 0, 0),
(4365, 145, 'set3week1', 'Monday', '6 / 28', '', 8, 0, 0, 0, 0, 0, 0, 0, 0),
(4366, 145, 'set3week2', 'Tuesday', '6 / 29', '', 8, 0, 0, 0, 0, 0, 0, 0, 0),
(4367, 145, 'set3week3', 'Wednesday', '6 / 30', '', 8, 0, 0, 0, 0, 0, 0, 0, 0),
(4368, 145, 'set3week4', 'Thursday', '7 / 1', '', 8, 0, 0, 0, 0, 0, 0, 0, 0),
(4369, 145, 'set3week5', 'Friday', '7 / 2', '', 8, 0, 0, 0, 0, 0, 0, 0, 0),
(4370, 145, 'set3week6', 'Saturday', '7 / 3', '', 0, 0, 0, 0, 0, 0, 0, 0, 0),
(4371, 145, 'set3week7', 'Sunday', '7 / 4', '', 0, 0, 0, 0, 0, 0, 0, 0, 0),
(4372, 145, 'set4week1', 'Monday', '7 / 5', '', 0, 8, 0, 0, 0, 0, 0, 0, 0),
(4373, 145, 'set4week2', 'Tuesday', '7 / 6', '', 4, 0, 0, 0, 0, 0, 0, 0, 4),
(4374, 145, 'set4week3', 'Wednesday', '7 / 7', '', 8, 0, 0, 0, 0, 0, 0, 0, 0),
(4375, 145, 'set4week4', 'Thursday', '7 / 8', '', 8, 0, 0, 0, 0, 0, 0, 0, 0),
(4376, 145, 'set4week5', 'Friday', '7 / 9', '', 4, 0, 0, 0, 0, 0, 0, 0, 4),
(4377, 145, 'set4week6', 'Saturday', '7 / 10', '', 0, 0, 0, 0, 0, 0, 0, 0, 0),
(4378, 145, 'set4week7', 'Sunday', '7 / 11', '', 0, 0, 0, 0, 0, 0, 0, 0, 0),
(4379, 146, 'set1week1', 'Monday', '7 / 12', 'Cover Vacation Shift', 8, 0, 0, 0, 0, 0, 0, 2, 2),
(4380, 146, 'set1week2', 'Tuesday', '7 / 13', 'Cover Vacation Shift', 8, 0, 0, 0, 0, 0, 0, 2, 2),
(4381, 146, 'set1week3', 'Wednesday', '7 / 14', '', 8, 0, 0, 0, 0, 0, 0, 0, 0),
(4382, 146, 'set1week4', 'Thursday', '7 / 15', '', 8, 0, 0, 0, 0, 0, 0, 0, 0),
(4383, 146, 'set1week5', 'Friday', '7 / 16', '', 8, 0, 0, 0, 0, 0, 0, 0, 0),
(4384, 146, 'set1week6', 'Saturday', '7 / 17', '', 0, 0, 0, 0, 0, 0, 0, 0, 0),
(4385, 146, 'set1week7', 'Sunday', '7 / 18', '', 0, 0, 0, 0, 0, 0, 0, 0, 0),
(4386, 146, 'set2week1', 'Monday', '7 / 19', '', 8, 0, 0, 0, 0, 0, 0, 0, 0),
(4387, 146, 'set2week2', 'Tuesday', '7 / 20', '', 8, 0, 0, 0, 0, 0, 0, 0, 0),
(4388, 146, 'set2week3', 'Wednesday', '7 / 21', '', 8, 0, 0, 0, 0, 0, 0, 0, 0),
(4389, 146, 'set2week4', 'Thursday', '7 / 22', '', 8, 0, 0, 0, 0, 0, 0, 0, 0),
(4390, 146, 'set2week5', 'Friday', '7 / 23', '', 8, 0, 0, 0, 0, 0, 0, 0, 0),
(4391, 146, 'set2week6', 'Saturday', '7 / 24', '', 0, 0, 0, 0, 0, 0, 0, 0, 0),
(4392, 146, 'set2week7', 'Sunday', '7 / 25', '', 0, 0, 0, 0, 0, 0, 0, 0, 0),
(4393, 146, 'set3week1', 'Monday', '7 / 26', '', 8, 0, 0, 0, 0, 0, 0, 0, 0),
(4394, 146, 'set3week2', 'Tuesday', '7 / 27', '', 8, 0, 0, 0, 0, 0, 0, 0, 0),
(4395, 146, 'set3week3', 'Wednesday', '7 / 28', '', 8, 0, 0, 0, 0, 0, 0, 0, 0),
(4396, 146, 'set3week4', 'Thursday', '7 / 29', '', 8, 0, 0, 0, 0, 0, 0, 0, 0),
(4397, 146, 'set3week5', 'Friday', '7 / 30', '', 8, 0, 0, 0, 0, 0, 0, 0, 0),
(4398, 146, 'set3week6', 'Saturday', '7 / 31', '', 0, 0, 0, 0, 0, 0, 0, 0, 0),
(4399, 146, 'set3week7', 'Sunday', '8 / 1', 'Mesaba Situation', 0, 0, 0, 0, 0, 0, 0, 6, 0),
(4400, 146, 'set4week1', 'Monday', '8 / 2', '', 8, 0, 0, 0, 0, 0, 0, 0, 0),
(4401, 146, 'set4week2', 'Tuesday', '8 / 3', '', 8, 0, 0, 0, 0, 0, 0, 0, 0),
(4402, 146, 'set4week3', 'Wednesday', '8 / 4', '', 8, 0, 0, 0, 0, 0, 0, 0, 0),
(4403, 146, 'set4week4', 'Thursday', '8 / 5', '', 8, 0, 0, 0, 0, 0, 0, 0, 0),
(4404, 146, 'set4week5', 'Friday', '8 / 6', '', 8, 0, 0, 0, 0, 0, 0, 0, 0),
(4405, 146, 'set4week6', 'Saturday', '8 / 7', '', 0, 0, 0, 0, 0, 0, 0, 0, 0),
(4406, 146, 'set4week7', 'Sunday', '8 / 8', '', 0, 0, 0, 0, 0, 0, 0, 0, 0),
(4407, 147, 'set1week1', 'Monday', '7 / 12', '', 0, 0, 0, 0, 0, 0, 0, 0, 0),
(4408, 147, 'set1week2', 'Tuesday', '7 / 13', '', 0, 0, 0, 0, 0, 0, 0, 0, 0),
(4409, 147, 'set1week3', 'Wednesday', '7 / 14', '', 10, 0, 0, 0, 0, 0, 0, 0, 0),
(4410, 147, 'set1week4', 'Thursday', '7 / 15', '', 10, 0, 0, 0, 0, 0, 0, 0, 0),
(4411, 147, 'set1week5', 'Friday', '7 / 16', '', 10, 0, 0, 0, 0, 0, 0, 0, 0),
(4412, 147, 'set1week6', 'Saturday', '7 / 17', '', 10, 0, 0, 0, 0, 0, 0, 0, 0),
(4413, 147, 'set1week7', 'Sunday', '7 / 18', '', 0, 0, 0, 0, 0, 0, 0, 0, 0),
(4414, 147, 'set2week1', 'Monday', '7 / 19', '', 0, 0, 0, 0, 0, 0, 0, 0, 0),
(4415, 147, 'set2week2', 'Tuesday', '7 / 20', '', 0, 0, 0, 0, 0, 0, 0, 0, 0),
(4416, 147, 'set2week3', 'Wednesday', '7 / 21', '', 10, 0, 0, 0, 0, 0, 0, 0, 0),
(4417, 147, 'set2week4', 'Thursday', '7 / 22', '', 10, 0, 0, 0, 0, 0, 0, 0, 0),
(4418, 147, 'set2week5', 'Friday', '7 / 23', '', 10, 0, 0, 0, 0, 0, 0, 0, 0),
(4419, 147, 'set2week6', 'Saturday', '7 / 24', '', 10, 0, 0, 0, 0, 0, 0, 0, 0),
(4420, 147, 'set2week7', 'Sunday', '7 / 25', '', 0, 0, 0, 0, 4, 0, 0, 0, 0),
(4421, 147, 'set3week1', 'Monday', '7 / 26', '', 0, 0, 0, 0, 0, 0, 0, 0, 0),
(4422, 147, 'set3week2', 'Tuesday', '7 / 27', '', 0, 0, 0, 0, 0, 0, 0, 0, 0),
(4423, 147, 'set3week3', 'Wednesday', '7 / 28', '', 10, 0, 0, 0, 0, 0, 0, 0, 0),
(4424, 147, 'set3week4', 'Thursday', '7 / 29', '', 10, 0, 0, 0, 0, 0, 0, 0, 0),
(4425, 147, 'set3week5', 'Friday', '7 / 30', '', 10, 0, 0, 0, 0, 0, 0, 0, 0),
(4426, 147, 'set3week6', 'Saturday', '7 / 31', '', 10, 0, 0, 0, 0, 0, 0, 0, 0),
(4427, 147, 'set3week7', 'Sunday', '8 / 1', '', 0, 0, 0, 0, 6, 0, 0, 0, 0),
(4428, 147, 'set4week1', 'Monday', '8 / 2', '', 0, 0, 0, 0, 0, 0, 0, 0, 0),
(4429, 147, 'set4week2', 'Tuesday', '8 / 3', '', 0, 0, 0, 0, 0, 0, 0, 0, 0),
(4430, 147, 'set4week3', 'Wednesday', '8 / 4', '', 10, 0, 0, 0, 0, 0, 0, 0, 0),
(4431, 147, 'set4week4', 'Thursday', '8 / 5', '', 10, 0, 0, 2, 0, 0, 0, 0, 0),
(4432, 147, 'set4week5', 'Friday', '8 / 6', '', 10, 0, 0, 0, 0, 0, 0, 0, 0),
(4433, 147, 'set4week6', 'Saturday', '8 / 7', '', 9, 0, 0, 0, 0, 1, 0, 0, 0),
(4434, 147, 'set4week7', 'Sunday', '8 / 8', '', 0, 0, 0, 0, 0, 0, 0, 0, 0),
(4435, 148, 'set1week1', 'Monday', '7 / 12', '', 8, 0, 0, 0, 0, 0, 0, 0, 0),
(4436, 148, 'set1week2', 'Tuesday', '7 / 13', '', 4, 0, 0, 0, 0, 0, 0, 0, 0),
(4437, 148, 'set1week3', 'Wednesday', '7 / 14', '', 4, 0, 0, 0, 0, 0, 0, 0, 0),
(4438, 148, 'set1week4', 'Thursday', '7 / 15', '', 4, 0, 0, 0, 0, 0, 0, 0, 0),
(4439, 148, 'set1week5', 'Friday', '7 / 16', '', 0, 0, 0, 0, 0, 0, 0, 0, 0),
(4440, 148, 'set1week6', 'Saturday', '7 / 17', '', 0, 0, 0, 0, 0, 0, 0, 0, 0),
(4441, 148, 'set1week7', 'Sunday', '7 / 18', '', 0, 0, 0, 0, 0, 0, 0, 0, 0),
(4442, 148, 'set2week1', 'Monday', '7 / 19', '', 8, 0, 0, 0, 0, 0, 0, 0, 0),
(4443, 148, 'set2week2', 'Tuesday', '7 / 20', '', 4, 0, 0, 0, 0, 0, 0, 0, 0),
(4444, 148, 'set2week3', 'Wednesday', '7 / 21', '', 4, 0, 0, 0, 0, 0, 0, 0, 0),
(4445, 148, 'set2week4', 'Thursday', '7 / 22', '', 4, 0, 0, 0, 0, 0, 0, 0, 0),
(4446, 148, 'set2week5', 'Friday', '7 / 23', '', 0, 0, 0, 0, 0, 0, 0, 0, 0),
(4447, 148, 'set2week6', 'Saturday', '7 / 24', '', 0, 0, 0, 0, 0, 0, 0, 0, 0),
(4448, 148, 'set2week7', 'Sunday', '7 / 25', '', 0, 0, 0, 0, 0, 0, 0, 0, 0),
(4449, 148, 'set3week1', 'Monday', '7 / 26', '', 8, 0, 0, 0, 0, 0, 0, 0, 0),
(4450, 148, 'set3week2', 'Tuesday', '7 / 27', '', 4, 0, 0, 0, 0, 0, 0, 0, 0),
(4451, 148, 'set3week3', 'Wednesday', '7 / 28', '', 4, 0, 0, 0, 0, 0, 0, 0, 0),
(4452, 148, 'set3week4', 'Thursday', '7 / 29', '', 4, 0, 0, 0, 0, 0, 0, 0, 0),
(4453, 148, 'set3week5', 'Friday', '7 / 30', '', 0, 0, 0, 0, 0, 0, 0, 0, 0),
(4454, 148, 'set3week6', 'Saturday', '7 / 31', '', 0, 0, 0, 0, 0, 0, 0, 0, 0),
(4455, 148, 'set3week7', 'Sunday', '8 / 1', '', 0, 0, 0, 0, 0, 0, 0, 0, 0),
(4456, 148, 'set4week1', 'Monday', '8 / 2', '', 8, 0, 0, 0, 0, 0, 0, 0, 0),
(4457, 148, 'set4week2', 'Tuesday', '8 / 3', '', 8, 0, 0, 0, 0, 0, 0, 0, 0),
(4458, 148, 'set4week3', 'Wednesday', '8 / 4', '', 4, 0, 0, 0, 0, 0, 0, 0, 0),
(4459, 148, 'set4week4', 'Thursday', '8 / 5', '', 0, 0, 0, 0, 0, 0, 0, 0, 0),
(4460, 148, 'set4week5', 'Friday', '8 / 6', '', 0, 0, 0, 0, 0, 0, 0, 0, 0),
(4461, 148, 'set4week6', 'Saturday', '8 / 7', '', 0, 0, 0, 0, 0, 0, 0, 0, 0),
(4462, 148, 'set4week7', 'Sunday', '8 / 8', '', 0, 0, 0, 0, 0, 0, 0, 0, 0),
(4463, 149, 'set1week1', 'Monday', '7 / 12', '', 4.5, 0, 0, 0, 0, 0, 0, 0, 0),
(4464, 149, 'set1week2', 'Tuesday', '7 / 13', '', 4.5, 0, 0, 0, 0, 0, 0, 0, 0),
(4465, 149, 'set1week3', 'Wednesday', '7 / 14', '', 4.5, 0, 0, 0, 0, 0, 0, 0, 0),
(4466, 149, 'set1week4', 'Thursday', '7 / 15', '', 0, 0, 0, 0, 0, 0, 0, 0, 0),
(4467, 149, 'set1week5', 'Friday', '7 / 16', '', 4.5, 0, 0, 0, 0, 0, 0, 0, 0),
(4468, 149, 'set1week6', 'Saturday', '7 / 17', '', 2.5, 0, 0, 0, 0, 0, 0, 0, 0),
(4469, 149, 'set1week7', 'Sunday', '7 / 18', '', 0, 0, 0, 0, 0, 0, 0, 0, 0),
(4470, 149, 'set2week1', 'Monday', '7 / 19', '', 4.5, 0, 0, 0, 0, 0, 0, 0, 0),
(4471, 149, 'set2week2', 'Tuesday', '7 / 20', '', 4.5, 0, 0, 0, 0, 0, 0, 0, 0),
(4472, 149, 'set2week3', 'Wednesday', '7 / 21', '', 4.5, 0, 0, 0, 0, 0, 0, 0, 0),
(4473, 149, 'set2week4', 'Thursday', '7 / 22', '', 4.5, 0, 0, 0, 0, 0, 0, 0, 0),
(4474, 149, 'set2week5', 'Friday', '7 / 23', '', 0, 0, 0, 0, 0, 0, 0, 0, 0),
(4475, 149, 'set2week6', 'Saturday', '7 / 24', '', 2.5, 0, 0, 0, 0, 0, 0, 0, 0),
(4476, 149, 'set2week7', 'Sunday', '7 / 25', '', 0, 0, 0, 0, 0, 0, 0, 0, 0),
(4477, 149, 'set3week1', 'Monday', '7 / 26', '', 4.5, 0, 0, 0, 0, 0, 0, 0, 0),
(4478, 149, 'set3week2', 'Tuesday', '7 / 27', '', 4.5, 0, 0, 0, 0, 0, 0, 0, 0),
(4479, 149, 'set3week3', 'Wednesday', '7 / 28', '', 4.5, 0, 0, 0, 0, 0, 0, 0, 0),
(4480, 149, 'set3week4', 'Thursday', '7 / 29', '', 4, 0, 0, 0, 0, 0, 0, 0, 0),
(4481, 149, 'set3week5', 'Friday', '7 / 30', '', 0, 0, 0, 0, 0, 0, 0, 0, 0),
(4482, 149, 'set3week6', 'Saturday', '7 / 31', '', 3, 0, 0, 0, 0, 0, 0, 0, 0),
(4483, 149, 'set3week7', 'Sunday', '8 / 1', '', 0, 0, 0, 0, 0, 0, 0, 0, 0),
(4484, 149, 'set4week1', 'Monday', '8 / 2', '', 4, 0, 0, 0, 0, 0, 0, 0, 0),
(4485, 149, 'set4week2', 'Tuesday', '8 / 3', '', 4.25, 0, 0, 0, 0, 0, 0, 0, 0),
(4486, 149, 'set4week3', 'Wednesday', '8 / 4', '', 4, 0, 0, 0, 0, 0, 0, 0, 0),
(4487, 149, 'set4week4', 'Thursday', '8 / 5', '', 4.5, 0, 0, 0, 0, 0, 0, 0, 0),
(4488, 149, 'set4week5', 'Friday', '8 / 6', '', 0, 0, 0, 0, 0, 0, 0, 0, 0),
(4489, 149, 'set4week6', 'Saturday', '8 / 7', '', 3, 0, 0, 0, 0, 0, 0, 0, 0),
(4490, 149, 'set4week7', 'Sunday', '8 / 8', '', 0, 0, 0, 0, 0, 0, 0, 0, 0),
(4491, 150, 'set1week1', 'Monday', '7 / 12', '', 0, 0, 0, 0, 0, 10, 0, 0, 0),
(4492, 150, 'set1week2', 'Tuesday', '7 / 13', '', 0, 0, 0, 0, 0, 10, 0, 0, 0),
(4493, 150, 'set1week3', 'Wednesday', '7 / 14', '', 0, 0, 0, 0, 0, 10, 0, 0, 0),
(4494, 150, 'set1week4', 'Thursday', '7 / 15', '', 0, 0, 0, 0, 0, 0, 0, 0, 0),
(4495, 150, 'set1week5', 'Friday', '7 / 16', '', 0, 0, 0, 0, 0, 0, 0, 0, 0),
(4496, 150, 'set1week6', 'Saturday', '7 / 17', '', 0, 0, 0, 0, 0, 0, 0, 0, 0),
(4497, 150, 'set1week7', 'Sunday', '7 / 18', '', 0, 0, 0, 0, 0, 10, 0, 0, 0),
(4498, 150, 'set2week1', 'Monday', '7 / 19', '', 0, 0, 0, 0, 0, 10, 0, 0, 0),
(4499, 150, 'set2week2', 'Tuesday', '7 / 20', '', 0, 0, 0, 0, 0, 10, 0, 0, 0),
(4500, 150, 'set2week3', 'Wednesday', '7 / 21', '', 0, 0, 0, 0, 0, 10, 0, 0, 0),
(4501, 150, 'set2week4', 'Thursday', '7 / 22', '', 0, 0, 0, 0, 0, 0, 0, 0, 0),
(4502, 150, 'set2week5', 'Friday', '7 / 23', '', 0, 0, 0, 0, 0, 0, 0, 0, 0),
(4503, 150, 'set2week6', 'Saturday', '7 / 24', '', 0, 0, 0, 0, 0, 0, 0, 0, 0),
(4504, 150, 'set2week7', 'Sunday', '7 / 25', '', 0, 0, 0, 0, 0, 10, 0, 0, 0),
(4505, 150, 'set3week1', 'Monday', '7 / 26', '', 10, 0, 0, 0, 0, 0, 0, 0, 0),
(4506, 150, 'set3week2', 'Tuesday', '7 / 27', '', 10, 0, 0, 0, 0, 0, 0, 0, 0),
(4507, 150, 'set3week3', 'Wednesday', '7 / 28', '', 10, 0, 0, 0, 0, 0, 0, 0, 0),
(4508, 150, 'set3week4', 'Thursday', '7 / 29', '', 0, 0, 0, 0, 0, 0, 0, 0, 0),
(4509, 150, 'set3week5', 'Friday', '7 / 30', '', 0, 0, 0, 0, 0, 0, 0, 0, 0),
(4510, 150, 'set3week6', 'Saturday', '7 / 31', '', 0, 0, 0, 0, 0, 0, 0, 0, 0),
(4511, 150, 'set3week7', 'Sunday', '8 / 1', '', 0, 0, 0, 0, 0, 10, 0, 0, 0),
(4512, 150, 'set4week1', 'Monday', '8 / 2', '', 10, 0, 0, 0, 0, 0, 0, 0, 0),
(4513, 150, 'set4week2', 'Tuesday', '8 / 3', '', 10, 0, 0, 0, 0, 0, 0, 0, 0),
(4514, 150, 'set4week3', 'Wednesday', '8 / 4', '', 10, 0, 0, 0, 0, 0, 0, 0, 0),
(4515, 150, 'set4week4', 'Thursday', '8 / 5', '', 0, 0, 0, 0, 0, 0, 0, 0, 0),
(4516, 150, 'set4week5', 'Friday', '8 / 6', '', 0, 0, 0, 0, 0, 0, 0, 0, 0),
(4517, 150, 'set4week6', 'Saturday', '8 / 7', '', 0, 0, 0, 0, 0, 0, 0, 0, 0),
(4518, 150, 'set4week7', 'Sunday', '8 / 8', '', 10, 0, 0, 0, 0, 0, 0, 0, 0),
(4519, 151, 'set1week1', 'Monday', '7 / 12', '', 8, 0, 0, 0, 0, 0, 0, 0, 0),
(4520, 151, 'set1week2', 'Tuesday', '7 / 13', '', 8, 0, 0, 0, 0, 0, 0, 0, 0),
(4521, 151, 'set1week3', 'Wednesday', '7 / 14', '', 8, 0, 0, 0, 0, 0, 0, 0, 0),
(4522, 151, 'set1week4', 'Thursday', '7 / 15', '', 8, 0, 0, 0, 0, 0, 0, 0, 0),
(4523, 151, 'set1week5', 'Friday', '7 / 16', '', 8, 0, 0, 0, 0, 0, 0, 0, 0),
(4524, 151, 'set1week6', 'Saturday', '7 / 17', '', 0, 0, 0, 0, 0, 0, 0, 0, 0),
(4525, 151, 'set1week7', 'Sunday', '7 / 18', '', 0, 0, 0, 0, 0, 0, 0, 0, 0),
(4526, 151, 'set2week1', 'Monday', '7 / 19', '', 8, 0, 0, 0, 0, 0, 0, 0, 0),
(4527, 151, 'set2week2', 'Tuesday', '7 / 20', '', 8, 0, 0, 0, 0, 0, 0, 0, 0),
(4528, 151, 'set2week3', 'Wednesday', '7 / 21', '', 8, 0, 0, 0, 0, 0, 0, 0, 0),
(4529, 151, 'set2week4', 'Thursday', '7 / 22', '', 8, 0, 0, 0, 0, 0, 0, 0, 0),
(4530, 151, 'set2week5', 'Friday', '7 / 23', '', 8, 0, 0, 0, 0, 0, 0, 0, 0),
(4531, 151, 'set2week6', 'Saturday', '7 / 24', '', 0, 0, 0, 0, 0, 0, 0, 0, 0),
(4532, 151, 'set2week7', 'Sunday', '7 / 25', '', 0, 0, 0, 0, 0, 0, 0, 0, 0),
(4533, 151, 'set3week1', 'Monday', '7 / 26', '', 8, 0, 0, 0, 0, 0, 0, 0, 0),
(4534, 151, 'set3week2', 'Tuesday', '7 / 27', '', 8, 0, 0, 0, 0, 0, 0, 0, 0),
(4535, 151, 'set3week3', 'Wednesday', '7 / 28', '', 8, 0, 0, 0, 0, 0, 0, 0, 0),
(4536, 151, 'set3week4', 'Thursday', '7 / 29', '', 2, 0, 0, 0, 0, 0, 0, 0, 0),
(4537, 151, 'set3week5', 'Friday', '7 / 30', '', 8, 0, 0, 0, 0, 0, 0, 0, 0),
(4538, 151, 'set3week6', 'Saturday', '7 / 31', '', 0, 0, 0, 0, 0, 0, 0, 0, 0),
(4539, 151, 'set3week7', 'Sunday', '8 / 1', '', 0, 0, 0, 0, 0, 0, 0, 0, 0),
(4540, 151, 'set4week1', 'Monday', '8 / 2', '', 8, 0, 0, 0, 0, 0, 0, 0, 0),
(4541, 151, 'set4week2', 'Tuesday', '8 / 3', '', 3, 0, 0, 0, 0, 0, 0, 0, 0),
(4542, 151, 'set4week3', 'Wednesday', '8 / 4', '', 0, 0, 0, 0, 0, 0, 0, 0, 0),
(4543, 151, 'set4week4', 'Thursday', '8 / 5', '', 0, 0, 0, 0, 0, 0, 0, 0, 0),
(4544, 151, 'set4week5', 'Friday', '8 / 6', '', 0, 0, 0, 0, 0, 0, 0, 0, 0),
(4545, 151, 'set4week6', 'Saturday', '8 / 7', '', 0, 0, 0, 0, 0, 0, 0, 0, 0),
(4546, 151, 'set4week7', 'Sunday', '8 / 8', '', 0, 0, 0, 0, 0, 0, 0, 0, 0),
(4547, 152, 'set1week1', 'Monday', '8 / 9', '', 0, 0, 0, 0, 0, 0, 0, 0, 0),
(4548, 152, 'set1week2', 'Tuesday', '8 / 10', '', 0, 0, 0, 0, 0, 0, 0, 0, 0),
(4549, 152, 'set1week3', 'Wednesday', '8 / 11', '', 10, 0, 0, 0, 0, 0, 0, 0, 0),
(4550, 152, 'set1week4', 'Thursday', '8 / 12', '', 10, 0, 0, 0, 0, 0, 0, 0, 0),
(4551, 152, 'set1week5', 'Friday', '8 / 13', '', 10, 0, 0, 0, 0, 0, 0, 0, 0),
(4552, 152, 'set1week6', 'Saturday', '8 / 14', '', 10, 0, 0, 0, 0, 0, 0, 0, 0),
(4553, 152, 'set1week7', 'Sunday', '8 / 15', '', 0, 0, 0, 0, 0, 0, 0, 0, 0),
(4554, 152, 'set2week1', 'Monday', '8 / 16', '', 0, 0, 0, 0, 0, 0, 0, 0, 0),
(4555, 152, 'set2week2', 'Tuesday', '8 / 17', '', 0, 0, 0, 0, 0, 0, 0, 0, 0),
(4556, 152, 'set2week3', 'Wednesday', '8 / 18', '', 10, 0, 0, 0, 0, 0, 0, 0, 0),
(4557, 152, 'set2week4', 'Thursday', '8 / 19', '', 4, 0, 0, 0, 0, 0, 6, 0, 0),
(4558, 152, 'set2week5', 'Friday', '8 / 20', '', 10, 0, 0, 0, 0, 0, 0, 0, 0),
(4559, 152, 'set2week6', 'Saturday', '8 / 21', '', 10, 0, 0, 0, 0, 0, 0, 0, 0),
(4560, 152, 'set2week7', 'Sunday', '8 / 22', '', 0, 0, 0, 0, 0, 0, 0, 0, 0),
(4561, 152, 'set3week1', 'Monday', '8 / 23', '', 0, 0, 0, 0, 0, 0, 0, 0, 0),
(4562, 152, 'set3week2', 'Tuesday', '8 / 24', '', 0, 0, 0, 0, 0, 0, 0, 0, 0),
(4563, 152, 'set3week3', 'Wednesday', '8 / 25', '', 10, 0, 0, 0, 0, 0, 0, 0, 0),
(4564, 152, 'set3week4', 'Thursday', '8 / 26', '', 10, 0, 0, 0, 0, 0, 0, 0, 0),
(4565, 152, 'set3week5', 'Friday', '8 / 27', '', 10, 0, 0, 0, 0, 0, 0, 0, 0),
(4566, 152, 'set3week6', 'Saturday', '8 / 28', '', 10, 0, 0, 0, 0, 0, 0, 0, 0),
(4567, 152, 'set3week7', 'Sunday', '8 / 29', '', 0, 0, 0, 0, 0, 0, 0, 0, 0),
(4568, 152, 'set4week1', 'Monday', '8 / 30', '', 0, 0, 0, 0, 0, 0, 0, 0, 0),
(4569, 152, 'set4week2', 'Tuesday', '8 / 31', '', 0, 0, 0, 0, 0, 0, 0, 0, 0),
(4570, 152, 'set4week3', 'Wednesday', '9 / 1', '', 10, 0, 0, 0, 0, 0, 0, 0, 0),
(4571, 152, 'set4week4', 'Thursday', '9 / 2', '', 10, 0, 0, 0, 0, 0, 0, 0, 0),
(4572, 152, 'set4week5', 'Friday', '9 / 3', '', 0, 0, 0, 0, 0, 0, 0, 0, 0),
(4573, 152, 'set4week6', 'Saturday', '9 / 4', '', 0, 0, 0, 0, 0, 0, 0, 0, 0),
(4574, 152, 'set4week7', 'Sunday', '9 / 5', '', 0, 0, 0, 0, 0, 0, 0, 0, 0),
(4575, 152, 'set5week1', 'Monday', '9 / 6', '', 0, 10, 0, 0, 0, 0, 0, 0, 0),
(4576, 152, 'set5week2', 'Tuesday', '9 / 7', '', 0, 0, 0, 0, 0, 0, 0, 0, 0),
(4577, 152, 'set5week3', 'Wednesday', '9 / 8', '', 0, 0, 0, 0, 0, 0, 0, 0, 0),
(4578, 152, 'set5week4', 'Thursday', '9 / 9', '', 0, 0, 0, 0, 0, 0, 0, 0, 0),
(4579, 152, 'set5week5', 'Friday', '9 / 10', '', 0, 0, 0, 0, 0, 0, 0, 0, 0),
(4580, 152, 'set5week6', 'Saturday', '9 / 11', '', 0, 0, 0, 0, 0, 0, 0, 0, 0),
(4581, 152, 'set5week7', 'Sunday', '9 / 12', '', 0, 0, 0, 0, 0, 0, 0, 0, 0),
(4582, 153, 'set1week1', 'Monday', '8 / 9', '', 4, 0, 0, 0, 0, 0, 0, 0, 0),
(4583, 153, 'set1week2', 'Tuesday', '8 / 10', '', 4.5, 0, 0, 0, 0, 0, 0, 0, 0),
(4584, 153, 'set1week3', 'Wednesday', '8 / 11', '', 4, 0, 0, 0, 0, 0, 0, 0, 0),
(4585, 153, 'set1week4', 'Thursday', '8 / 12', '', 4.5, 0, 0, 0, 0, 0, 0, 0, 0),
(4586, 153, 'set1week5', 'Friday', '8 / 13', '', 0, 0, 0, 0, 0, 0, 0, 0, 0),
(4587, 153, 'set1week6', 'Saturday', '8 / 14', '', 3, 0, 0, 0, 0, 0, 0, 0, 0),
(4588, 153, 'set1week7', 'Sunday', '8 / 15', '', 0, 0, 0, 0, 0, 0, 0, 0, 0),
(4589, 153, 'set2week1', 'Monday', '8 / 16', '', 4, 0, 0, 0, 0, 0, 0, 0, 0),
(4590, 153, 'set2week2', 'Tuesday', '8 / 17', '', 4, 0, 0, 0, 0, 0, 0, 0, 0),
(4591, 153, 'set2week3', 'Wednesday', '8 / 18', '', 4.5, 0, 0, 0, 0, 0, 0, 0, 0),
(4592, 153, 'set2week4', 'Thursday', '8 / 19', '', 4.5, 0, 0, 0, 0, 0, 0, 0, 0),
(4593, 153, 'set2week5', 'Friday', '8 / 20', '', 0, 0, 0, 0, 0, 0, 0, 0, 0),
(4594, 153, 'set2week6', 'Saturday', '8 / 21', '', 4, 0, 0, 0, 0, 0, 0, 0, 0),
(4595, 153, 'set2week7', 'Sunday', '8 / 22', '', 0, 0, 0, 0, 0, 0, 0, 0, 0),
(4596, 153, 'set3week1', 'Monday', '8 / 23', '', 4.5, 0, 0, 0, 0, 0, 0, 0, 0),
(4597, 153, 'set3week2', 'Tuesday', '8 / 24', '', 4, 0, 0, 0, 0, 0, 0, 0, 0),
(4598, 153, 'set3week3', 'Wednesday', '8 / 25', '', 4.25, 0, 0, 0, 0, 0, 0, 0, 0),
(4599, 153, 'set3week4', 'Thursday', '8 / 26', '', 4.5, 0, 0, 0, 0, 0, 0, 0, 0),
(4600, 153, 'set3week5', 'Friday', '8 / 27', '', 0, 0, 0, 0, 0, 0, 0, 0, 0),
(4601, 153, 'set3week6', 'Saturday', '8 / 28', '', 3, 0, 0, 0, 0, 0, 0, 0, 0),
(4602, 153, 'set3week7', 'Sunday', '8 / 29', '', 0, 0, 0, 0, 0, 0, 0, 0, 0),
(4603, 153, 'set4week1', 'Monday', '8 / 30', '', 0, 0, 0, 0, 0, 0, 0, 0, 0);
INSERT INTO `tbl_timesheets_sub_w` (`week_id`, `time_sheet_parent`, `week1_stringname`, `week1_day`, `week1_date`, `week1_notes`, `week1_reg_hours`, `week1_hol_hours`, `week1_hol_pay`, `week1_ot`, `week1_dt`, `week1_vl`, `week1_sl`, `week1_ce`, `week1_ct`) VALUES
(4604, 153, 'set4week2', 'Tuesday', '8 / 31', '', 0, 0, 0, 0, 0, 0, 0, 0, 0),
(4605, 153, 'set4week3', 'Wednesday', '9 / 1', '', 0, 0, 0, 0, 0, 0, 0, 0, 0),
(4606, 153, 'set4week4', 'Thursday', '9 / 2', '', 0, 0, 0, 0, 0, 0, 0, 0, 0),
(4607, 153, 'set4week5', 'Friday', '9 / 3', '', 0, 0, 0, 0, 0, 0, 0, 0, 0),
(4608, 153, 'set4week6', 'Saturday', '9 / 4', '', 0, 0, 0, 0, 0, 0, 0, 0, 0),
(4609, 153, 'set4week7', 'Sunday', '9 / 5', '', 0, 0, 0, 0, 0, 0, 0, 0, 0),
(4610, 153, 'set5week1', 'Monday', '9 / 6', '', 0, 0, 0, 0, 0, 0, 0, 0, 0),
(4611, 153, 'set5week2', 'Tuesday', '9 / 7', '', 0, 0, 0, 0, 0, 0, 0, 0, 0),
(4612, 153, 'set5week3', 'Wednesday', '9 / 8', '', 0, 0, 0, 0, 0, 0, 0, 0, 0),
(4613, 153, 'set5week4', 'Thursday', '9 / 9', '', 0, 0, 0, 0, 0, 0, 0, 0, 0),
(4614, 153, 'set5week5', 'Friday', '9 / 10', '', 0, 0, 0, 0, 0, 0, 0, 0, 0),
(4615, 153, 'set5week6', 'Saturday', '9 / 11', '', 0, 0, 0, 0, 0, 0, 0, 0, 0),
(4616, 153, 'set5week7', 'Sunday', '9 / 12', '', 0, 0, 0, 0, 0, 0, 0, 0, 0),
(4617, 154, 'set1week1', 'Monday', '8 / 9', '', 4.5, 0, 0, 0, 0, 0, 0, 0, 0),
(4618, 154, 'set1week2', 'Tuesday', '8 / 10', '', 4, 0, 0, 0, 0, 0, 0, 0, 0),
(4619, 154, 'set1week3', 'Wednesday', '8 / 11', '', 4.25, 0, 0, 0, 0, 0, 0, 0, 0),
(4620, 154, 'set1week4', 'Thursday', '8 / 12', '', 4.25, 0, 0, 0, 0, 0, 0, 0, 0),
(4621, 154, 'set1week5', 'Friday', '8 / 13', '', 0, 0, 0, 0, 0, 0, 0, 0, 0),
(4622, 154, 'set1week6', 'Saturday', '8 / 14', '', 3, 0, 0, 0, 0, 0, 0, 0, 0),
(4623, 154, 'set1week7', 'Sunday', '8 / 15', '', 0, 0, 0, 0, 0, 0, 0, 0, 0),
(4624, 154, 'set2week1', 'Monday', '8 / 16', '', 0, 0, 0, 0, 0, 0, 0, 0, 0),
(4625, 154, 'set2week2', 'Tuesday', '8 / 17', '', 0, 0, 0, 0, 0, 0, 0, 0, 0),
(4626, 154, 'set2week3', 'Wednesday', '8 / 18', '', 0, 0, 0, 0, 0, 0, 0, 0, 0),
(4627, 154, 'set2week4', 'Thursday', '8 / 19', '', 0, 0, 0, 0, 0, 0, 0, 0, 0),
(4628, 154, 'set2week5', 'Friday', '8 / 20', '', 0, 0, 0, 0, 0, 0, 0, 0, 0),
(4629, 154, 'set2week6', 'Saturday', '8 / 21', '', 0, 0, 0, 0, 0, 0, 0, 0, 0),
(4630, 154, 'set2week7', 'Sunday', '8 / 22', '', 0, 0, 0, 0, 0, 0, 0, 0, 0),
(4631, 154, 'set3week1', 'Monday', '8 / 23', '', 0, 0, 0, 0, 0, 0, 0, 0, 0),
(4632, 154, 'set3week2', 'Tuesday', '8 / 24', '', 0, 0, 0, 0, 0, 0, 0, 0, 0),
(4633, 154, 'set3week3', 'Wednesday', '8 / 25', '', 0, 0, 0, 0, 0, 0, 0, 0, 0),
(4634, 154, 'set3week4', 'Thursday', '8 / 26', '', 0, 0, 0, 0, 0, 0, 0, 0, 0),
(4635, 154, 'set3week5', 'Friday', '8 / 27', '', 0, 0, 0, 0, 0, 0, 0, 0, 0),
(4636, 154, 'set3week6', 'Saturday', '8 / 28', '', 0, 0, 0, 0, 0, 0, 0, 0, 0),
(4637, 154, 'set3week7', 'Sunday', '8 / 29', '', 0, 0, 0, 0, 0, 0, 0, 0, 0),
(4638, 154, 'set4week1', 'Monday', '8 / 30', '', 0, 0, 0, 0, 0, 0, 0, 0, 0),
(4639, 154, 'set4week2', 'Tuesday', '8 / 31', '', 0, 0, 0, 0, 0, 0, 0, 0, 0),
(4640, 154, 'set4week3', 'Wednesday', '9 / 1', '', 0, 0, 0, 0, 0, 0, 0, 0, 0),
(4641, 154, 'set4week4', 'Thursday', '9 / 2', '', 0, 0, 0, 0, 0, 0, 0, 0, 0),
(4642, 154, 'set4week5', 'Friday', '9 / 3', '', 0, 0, 0, 0, 0, 0, 0, 0, 0),
(4643, 154, 'set4week6', 'Saturday', '9 / 4', '', 0, 0, 0, 0, 0, 0, 0, 0, 0),
(4644, 154, 'set4week7', 'Sunday', '9 / 5', '', 0, 0, 0, 0, 0, 0, 0, 0, 0),
(4645, 154, 'set5week1', 'Monday', '9 / 6', '', 0, 0, 0, 0, 0, 0, 0, 0, 0),
(4646, 154, 'set5week2', 'Tuesday', '9 / 7', '', 0, 0, 0, 0, 0, 0, 0, 0, 0),
(4647, 154, 'set5week3', 'Wednesday', '9 / 8', '', 0, 0, 0, 0, 0, 0, 0, 0, 0),
(4648, 154, 'set5week4', 'Thursday', '9 / 9', '', 0, 0, 0, 0, 0, 0, 0, 0, 0),
(4649, 154, 'set5week5', 'Friday', '9 / 10', '', 0, 0, 0, 0, 0, 0, 0, 0, 0),
(4650, 154, 'set5week6', 'Saturday', '9 / 11', '', 0, 0, 0, 0, 0, 0, 0, 0, 0),
(4651, 154, 'set5week7', 'Sunday', '9 / 12', '', 0, 0, 0, 0, 0, 0, 0, 0, 0),
(4652, 155, 'set1week1', 'Monday', '8 / 9', '', 8, 0, 0, 0, 0, 0, 0, 0, 0),
(4653, 155, 'set1week2', 'Tuesday', '8 / 10', '', 8, 0, 0, 0, 0, 0, 0, 0, 0),
(4654, 155, 'set1week3', 'Wednesday', '8 / 11', '', 4, 0, 0, 0, 0, 0, 0, 0, 0),
(4655, 155, 'set1week4', 'Thursday', '8 / 12', '', 0, 0, 0, 0, 0, 0, 0, 0, 0),
(4656, 155, 'set1week5', 'Friday', '8 / 13', '', 0, 0, 0, 0, 0, 0, 0, 0, 0),
(4657, 155, 'set1week6', 'Saturday', '8 / 14', '', 0, 0, 0, 0, 0, 0, 0, 0, 0),
(4658, 155, 'set1week7', 'Sunday', '8 / 15', '', 0, 0, 0, 0, 0, 0, 0, 0, 0),
(4659, 155, 'set2week1', 'Monday', '8 / 16', '', 8, 0, 0, 0, 0, 0, 0, 0, 0),
(4660, 155, 'set2week2', 'Tuesday', '8 / 17', '', 8, 0, 0, 0, 0, 0, 0, 0, 0),
(4661, 155, 'set2week3', 'Wednesday', '8 / 18', '', 4, 0, 0, 0, 0, 0, 0, 0, 0),
(4662, 155, 'set2week4', 'Thursday', '8 / 19', '', 0, 0, 0, 0, 0, 0, 0, 0, 0),
(4663, 155, 'set2week5', 'Friday', '8 / 20', '', 0, 0, 0, 0, 0, 0, 0, 0, 0),
(4664, 155, 'set2week6', 'Saturday', '8 / 21', '', 0, 0, 0, 0, 0, 0, 0, 0, 0),
(4665, 155, 'set2week7', 'Sunday', '8 / 22', '', 0, 0, 0, 0, 0, 0, 0, 0, 0),
(4666, 155, 'set3week1', 'Monday', '8 / 23', '', 4, 0, 0, 0, 0, 0, 0, 0, 0),
(4667, 155, 'set3week2', 'Tuesday', '8 / 24', '', 8, 0, 0, 0, 0, 0, 0, 0, 0),
(4668, 155, 'set3week3', 'Wednesday', '8 / 25', '', 8, 0, 0, 0, 0, 0, 0, 0, 0),
(4669, 155, 'set3week4', 'Thursday', '8 / 26', '', 0, 0, 0, 0, 0, 0, 0, 0, 0),
(4670, 155, 'set3week5', 'Friday', '8 / 27', '', 0, 0, 0, 0, 0, 0, 0, 0, 0),
(4671, 155, 'set3week6', 'Saturday', '8 / 28', '', 0, 0, 0, 0, 0, 0, 0, 0, 0),
(4672, 155, 'set3week7', 'Sunday', '8 / 29', '', 0, 0, 0, 0, 0, 0, 0, 0, 0),
(4673, 155, 'set4week1', 'Monday', '8 / 30', '', 4, 0, 0, 0, 0, 0, 0, 0, 0),
(4674, 155, 'set4week2', 'Tuesday', '8 / 31', '', 8, 0, 0, 0, 0, 0, 0, 0, 0),
(4675, 155, 'set4week3', 'Wednesday', '9 / 1', '', 8, 0, 0, 0, 0, 0, 0, 0, 0),
(4676, 155, 'set4week4', 'Thursday', '9 / 2', '', 8, 0, 0, 0, 0, 0, 0, 0, 0),
(4677, 155, 'set4week5', 'Friday', '9 / 3', '', 8, 0, 0, 0, 0, 0, 0, 0, 0),
(4678, 155, 'set4week6', 'Saturday', '9 / 4', '', 0, 0, 0, 0, 0, 0, 0, 0, 0),
(4679, 155, 'set4week7', 'Sunday', '9 / 5', '', 0, 0, 0, 0, 0, 0, 0, 0, 0),
(4680, 155, 'set5week1', 'Monday', '9 / 6', '', 0, 0, 0, 0, 0, 0, 0, 0, 0),
(4681, 155, 'set5week2', 'Tuesday', '9 / 7', '', 0, 0, 0, 0, 0, 0, 0, 0, 0),
(4682, 155, 'set5week3', 'Wednesday', '9 / 8', '', 0, 0, 0, 0, 0, 0, 0, 0, 0),
(4683, 155, 'set5week4', 'Thursday', '9 / 9', '', 0, 0, 0, 0, 0, 0, 0, 0, 0),
(4684, 155, 'set5week5', 'Friday', '9 / 10', '', 0, 0, 0, 0, 0, 0, 0, 0, 0),
(4685, 155, 'set5week6', 'Saturday', '9 / 11', '', 0, 0, 0, 0, 0, 0, 0, 0, 0),
(4686, 155, 'set5week7', 'Sunday', '9 / 12', '', 0, 0, 0, 0, 0, 0, 0, 0, 0),
(4687, 156, 'set1week1', 'Monday', '8 / 9', '', 10, 0, 0, 0, 0, 0, 0, 0, 0),
(4688, 156, 'set1week2', 'Tuesday', '8 / 10', '', 10, 0, 0, 0, 0, 0, 0, 0, 0),
(4689, 156, 'set1week3', 'Wednesday', '8 / 11', '', 10, 0, 0, 0, 0, 0, 0, 0, 0),
(4690, 156, 'set1week4', 'Thursday', '8 / 12', '', 0, 0, 0, 0, 0, 0, 0, 0, 0),
(4691, 156, 'set1week5', 'Friday', '8 / 13', '', 0, 0, 0, 0, 0, 0, 0, 0, 0),
(4692, 156, 'set1week6', 'Saturday', '8 / 14', '', 0, 0, 0, 0, 0, 0, 0, 0, 0),
(4693, 156, 'set1week7', 'Sunday', '8 / 15', '', 10, 0, 0, 0, 0, 0, 0, 0, 0),
(4694, 156, 'set2week1', 'Monday', '8 / 16', '', 10, 0, 0, 0, 0, 0, 0, 0, 0),
(4695, 156, 'set2week2', 'Tuesday', '8 / 17', '', 10, 0, 0, 0, 0, 0, 0, 0, 0),
(4696, 156, 'set2week3', 'Wednesday', '8 / 18', '', 10, 0, 0, 0, 0, 0, 0, 0, 0),
(4697, 156, 'set2week4', 'Thursday', '8 / 19', '', 0, 0, 0, 0, 0, 0, 0, 0, 0),
(4698, 156, 'set2week5', 'Friday', '8 / 20', '', 0, 0, 0, 0, 0, 0, 0, 0, 0),
(4699, 156, 'set2week6', 'Saturday', '8 / 21', '', 0, 0, 0, 0, 0, 0, 0, 0, 0),
(4700, 156, 'set2week7', 'Sunday', '8 / 22', '', 10, 0, 0, 0, 0, 0, 0, 0, 0),
(4701, 156, 'set3week1', 'Monday', '8 / 23', '', 10, 0, 0, 0, 0, 0, 0, 0, 0),
(4702, 156, 'set3week2', 'Tuesday', '8 / 24', '', 10, 0, 0, 0, 0, 0, 0, 0, 0),
(4703, 156, 'set3week3', 'Wednesday', '8 / 25', '', 5, 0, 0, 0, 0, 5, 0, 0, 0),
(4704, 156, 'set3week4', 'Thursday', '8 / 26', '', 0, 0, 0, 0, 0, 0, 0, 0, 0),
(4705, 156, 'set3week5', 'Friday', '8 / 27', '', 0, 0, 0, 0, 0, 0, 0, 0, 0),
(4706, 156, 'set3week6', 'Saturday', '8 / 28', '', 0, 0, 0, 0, 0, 0, 0, 0, 0),
(4707, 156, 'set3week7', 'Sunday', '8 / 29', '', 10, 0, 0, 0, 0, 0, 0, 0, 0),
(4708, 156, 'set4week1', 'Monday', '8 / 30', '', 0, 0, 0, 0, 0, 0, 0, 0, 0),
(4709, 156, 'set4week2', 'Tuesday', '8 / 31', '', 0, 0, 0, 0, 0, 0, 0, 0, 0),
(4710, 156, 'set4week3', 'Wednesday', '9 / 1', '', 0, 0, 0, 0, 0, 0, 0, 0, 0),
(4711, 156, 'set4week4', 'Thursday', '9 / 2', '', 0, 0, 0, 0, 0, 0, 0, 0, 0),
(4712, 156, 'set4week5', 'Friday', '9 / 3', '', 0, 0, 0, 0, 0, 0, 0, 0, 0),
(4713, 156, 'set4week6', 'Saturday', '9 / 4', '', 0, 0, 0, 0, 0, 0, 0, 0, 0),
(4714, 156, 'set4week7', 'Sunday', '9 / 5', '', 0, 0, 0, 0, 0, 0, 0, 0, 0),
(4715, 156, 'set5week1', 'Monday', '9 / 6', '', 0, 0, 0, 0, 0, 0, 0, 0, 0),
(4716, 156, 'set5week2', 'Tuesday', '9 / 7', '', 0, 0, 0, 0, 0, 0, 0, 0, 0),
(4717, 156, 'set5week3', 'Wednesday', '9 / 8', '', 0, 0, 0, 0, 0, 0, 0, 0, 0),
(4718, 156, 'set5week4', 'Thursday', '9 / 9', '', 0, 0, 0, 0, 0, 0, 0, 0, 0),
(4719, 156, 'set5week5', 'Friday', '9 / 10', '', 0, 0, 0, 0, 0, 0, 0, 0, 0),
(4720, 156, 'set5week6', 'Saturday', '9 / 11', '', 0, 0, 0, 0, 0, 0, 0, 0, 0),
(4721, 156, 'set5week7', 'Sunday', '9 / 12', '', 0, 0, 0, 0, 0, 0, 0, 0, 0),
(4722, 157, 'set1week1', 'Monday', '8 / 9', '', 0, 0, 0, 0, 0, 0, 0, 0, 0),
(4723, 157, 'set1week2', 'Tuesday', '8 / 10', '', 0, 0, 0, 0, 0, 0, 0, 0, 0),
(4724, 157, 'set1week3', 'Wednesday', '8 / 11', '', 0, 0, 0, 0, 0, 0, 0, 0, 0),
(4725, 157, 'set1week4', 'Thursday', '8 / 12', '', 0, 0, 0, 0, 0, 0, 0, 0, 0),
(4726, 157, 'set1week5', 'Friday', '8 / 13', '', 0, 0, 0, 0, 0, 0, 0, 0, 0),
(4727, 157, 'set1week6', 'Saturday', '8 / 14', '', 0, 0, 0, 0, 0, 0, 0, 0, 0),
(4728, 157, 'set1week7', 'Sunday', '8 / 15', '', 0, 0, 0, 0, 0, 0, 0, 0, 0),
(4729, 157, 'set2week1', 'Monday', '8 / 16', '', 0, 0, 0, 0, 0, 0, 0, 0, 0),
(4730, 157, 'set2week2', 'Tuesday', '8 / 17', '', 0, 0, 0, 0, 0, 0, 0, 0, 0),
(4731, 157, 'set2week3', 'Wednesday', '8 / 18', '', 0, 0, 0, 0, 0, 0, 0, 0, 0),
(4732, 157, 'set2week4', 'Thursday', '8 / 19', '', 0, 0, 0, 0, 0, 0, 0, 0, 0),
(4733, 157, 'set2week5', 'Friday', '8 / 20', '', 0, 0, 0, 0, 0, 0, 0, 0, 0),
(4734, 157, 'set2week6', 'Saturday', '8 / 21', '', 0, 0, 0, 0, 0, 0, 0, 0, 0),
(4735, 157, 'set2week7', 'Sunday', '8 / 22', '', 0, 0, 0, 0, 0, 0, 0, 0, 0),
(4736, 157, 'set3week1', 'Monday', '8 / 23', '', 8, 0, 0, 0, 0, 0, 0, 0, 0),
(4737, 157, 'set3week2', 'Tuesday', '8 / 24', '', 7, 0, 0, 0, 0, 0, 0, 0, 0),
(4738, 157, 'set3week3', 'Wednesday', '8 / 25', '', 8, 0, 0, 0, 0, 0, 0, 0, 0),
(4739, 157, 'set3week4', 'Thursday', '8 / 26', '', 8, 0, 0, 0, 0, 0, 0, 0, 0),
(4740, 157, 'set3week5', 'Friday', '8 / 27', '', 4, 0, 0, 0, 0, 0, 0, 0, 0),
(4741, 157, 'set3week6', 'Saturday', '8 / 28', '', 0, 0, 0, 0, 0, 0, 0, 0, 0),
(4742, 157, 'set3week7', 'Sunday', '8 / 29', '', 0, 0, 0, 0, 0, 0, 0, 0, 0),
(4743, 157, 'set4week1', 'Monday', '8 / 30', '', 4, 0, 0, 0, 0, 0, 0, 0, 0),
(4744, 157, 'set4week2', 'Tuesday', '8 / 31', '', 0, 0, 0, 0, 0, 0, 0, 0, 0),
(4745, 157, 'set4week3', 'Wednesday', '9 / 1', '', 0, 0, 0, 0, 0, 0, 0, 0, 0),
(4746, 157, 'set4week4', 'Thursday', '9 / 2', '', 8, 0, 0, 0, 0, 0, 0, 0, 0),
(4747, 157, 'set4week5', 'Friday', '9 / 3', '', 8, 0, 0, 0, 0, 0, 0, 0, 0),
(4748, 157, 'set4week6', 'Saturday', '9 / 4', '', 0, 0, 0, 0, 0, 0, 0, 0, 0),
(4749, 157, 'set4week7', 'Sunday', '9 / 5', '', 0, 0, 0, 0, 0, 0, 0, 0, 0),
(4750, 157, 'set5week1', 'Monday', '9 / 6', '', 0, 0, 0, 0, 0, 0, 0, 0, 0),
(4751, 157, 'set5week2', 'Tuesday', '9 / 7', '', 0, 0, 0, 0, 0, 0, 0, 0, 0),
(4752, 157, 'set5week3', 'Wednesday', '9 / 8', '', 0, 0, 0, 0, 0, 0, 0, 0, 0),
(4753, 157, 'set5week4', 'Thursday', '9 / 9', '', 0, 0, 0, 0, 0, 0, 0, 0, 0),
(4754, 157, 'set5week5', 'Friday', '9 / 10', '', 0, 0, 0, 0, 0, 0, 0, 0, 0),
(4755, 157, 'set5week6', 'Saturday', '9 / 11', '', 0, 0, 0, 0, 0, 0, 0, 0, 0),
(4756, 157, 'set5week7', 'Sunday', '9 / 12', '', 0, 0, 0, 0, 0, 0, 0, 0, 0);

--
-- Constraints for dumped tables
--

--
-- Constraints for table `tbl_139_303_a_main_a`
--
ALTER TABLE `tbl_139_303_a_main_a`
  ADD CONSTRAINT `tbl_139_303_a_main_a_ibfk_1` FOREIGN KEY (`139303_a_a_inspection_id`) REFERENCES `tbl_systemusers` (`emp_record_id`),
  ADD CONSTRAINT `tbl_139_303_a_main_a_ibfk_2` FOREIGN KEY (`139303_a_a_by_cb_int`) REFERENCES `tbl_systemusers` (`emp_record_id`);

--
-- Constraints for table `tbl_139_303_a_main_e`
--
ALTER TABLE `tbl_139_303_a_main_e`
  ADD CONSTRAINT `tbl_139_303_a_main_e_ibfk_1` FOREIGN KEY (`139303_a_e_inspection_id`) REFERENCES `tbl_systemusers` (`emp_record_id`),
  ADD CONSTRAINT `tbl_139_303_a_main_e_ibfk_2` FOREIGN KEY (`139303_a_e_by_cb_int`) REFERENCES `tbl_systemusers` (`emp_record_id`);

--
-- Constraints for table `tbl_139_303_c_main`
--
ALTER TABLE `tbl_139_303_c_main`
  ADD CONSTRAINT `tbl_139_303_c_main_ibfk_5` FOREIGN KEY (`139_303_type_cb_int`) REFERENCES `tbl_139_303_c_sub_t` (`inspection_type_id`) ON UPDATE CASCADE,
  ADD CONSTRAINT `tbl_139_303_c_main_ibfk_6` FOREIGN KEY (`139_303_by_cb_int`) REFERENCES `tbl_systemusers` (`emp_record_id`) ON UPDATE CASCADE;

--
-- Constraints for table `tbl_139_303_c_main_a`
--
ALTER TABLE `tbl_139_303_c_main_a`
  ADD CONSTRAINT `tbl_139_303_c_main_a_ibfk_1` FOREIGN KEY (`139303_c_a_inspection_id`) REFERENCES `tbl_139_303_c_main` (`139_303_id`),
  ADD CONSTRAINT `tbl_139_303_c_main_a_ibfk_2` FOREIGN KEY (`139303_c_a_by_cb_int`) REFERENCES `tbl_systemusers` (`emp_record_id`);

--
-- Constraints for table `tbl_139_303_c_main_e`
--
ALTER TABLE `tbl_139_303_c_main_e`
  ADD CONSTRAINT `tbl_139_303_c_main_e_ibfk_1` FOREIGN KEY (`139303_c_e_inspection_id`) REFERENCES `tbl_139_303_c_main` (`139_303_id`),
  ADD CONSTRAINT `tbl_139_303_c_main_e_ibfk_2` FOREIGN KEY (`139303_c_e_by_cb_int`) REFERENCES `tbl_systemusers` (`emp_record_id`);

--
-- Constraints for table `tbl_139_303_c_sub_c`
--
ALTER TABLE `tbl_139_303_c_sub_c`
  ADD CONSTRAINT `tbl_139_303_c_sub_c_ibfk_7` FOREIGN KEY (`condition_facility_cb_int`) REFERENCES `tbl_139_303_c_sub_c_f` (`facility_id`) ON UPDATE CASCADE,
  ADD CONSTRAINT `tbl_139_303_c_sub_c_ibfk_8` FOREIGN KEY (`condition_type_cb_int`) REFERENCES `tbl_139_303_c_sub_t` (`inspection_type_id`) ON UPDATE CASCADE;

--
-- Constraints for table `tbl_139_303_c_sub_c_c`
--
ALTER TABLE `tbl_139_303_c_sub_c_c`
  ADD CONSTRAINT `tbl_139_303_c_sub_c_c_ibfk_3` FOREIGN KEY (`conditions_checklists_condition_cb_int`) REFERENCES `tbl_139_303_c_sub_c` (`conditions_id`) ON UPDATE CASCADE,
  ADD CONSTRAINT `tbl_139_303_c_sub_c_c_ibfk_4` FOREIGN KEY (`conditions_checklists_inspection_cb_int`) REFERENCES `tbl_139_303_c_main` (`139_303_id`) ON UPDATE CASCADE;

--
-- Constraints for table `tbl_139_303_c_sub_d`
--
ALTER TABLE `tbl_139_303_c_sub_d`
  ADD CONSTRAINT `tbl_139_303_c_sub_d_ibfk_13` FOREIGN KEY (`discrepancy_checklist_id`) REFERENCES `tbl_139_303_c_sub_c` (`conditions_id`) ON DELETE NO ACTION ON UPDATE CASCADE,
  ADD CONSTRAINT `tbl_139_303_c_sub_d_ibfk_14` FOREIGN KEY (`Discrepancy_inspection_id`) REFERENCES `tbl_139_303_c_main` (`139_303_id`) ON DELETE NO ACTION ON UPDATE CASCADE,
  ADD CONSTRAINT `tbl_139_303_c_sub_d_ibfk_15` FOREIGN KEY (`Discrepancy_by_cb_int`) REFERENCES `tbl_systemusers` (`emp_record_id`) ON DELETE NO ACTION ON UPDATE CASCADE;

--
-- Constraints for table `tbl_139_303_c_sub_sa`
--
ALTER TABLE `tbl_139_303_c_sub_sa`
  ADD CONSTRAINT `tbl_139_303_c_sub_sa_ibfk_12` FOREIGN KEY (`Discrepancy_inspection_id`) REFERENCES `tbl_139_303_c_main` (`139_303_id`) ON UPDATE CASCADE,
  ADD CONSTRAINT `tbl_139_303_c_sub_sa_ibfk_13` FOREIGN KEY (`discrepancy_student_cb_int`) REFERENCES `tbl_systemusers` (`emp_record_id`) ON UPDATE CASCADE;

--
-- Constraints for table `tbl_139_303_c_sub_t_i`
--
ALTER TABLE `tbl_139_303_c_sub_t_i`
  ADD CONSTRAINT `tbl_139_303_c_sub_t_i_ibfk_1` FOREIGN KEY (`139303_c_sub_t_id_int`) REFERENCES `tbl_139_303_c_sub_t` (`inspection_type_id`) ON UPDATE CASCADE;

--
-- Constraints for table `tbl_139_327_main`
--
ALTER TABLE `tbl_139_327_main`
  ADD CONSTRAINT `tbl_139_327_main_ibfk_1` FOREIGN KEY (`type_of_inspection_cb_int`) REFERENCES `tbl_139_327_sub_t` (`inspection_type_id`),
  ADD CONSTRAINT `tbl_139_327_main_ibfk_2` FOREIGN KEY (`inspection_completed_by_cb_int`) REFERENCES `tbl_systemusers` (`emp_record_id`);

--
-- Constraints for table `tbl_139_327_main_a`
--
ALTER TABLE `tbl_139_327_main_a`
  ADD CONSTRAINT `tbl_139_327_main_a_ibfk_1` FOREIGN KEY (`inspection_archived_inspection_id`) REFERENCES `tbl_139_327_main` (`inspection_system_id`),
  ADD CONSTRAINT `tbl_139_327_main_a_ibfk_2` FOREIGN KEY (`inspection_archived_by_cb_int`) REFERENCES `tbl_systemusers` (`emp_record_id`);

--
-- Constraints for table `tbl_139_327_main_e`
--
ALTER TABLE `tbl_139_327_main_e`
  ADD CONSTRAINT `tbl_139_327_main_e_ibfk_2` FOREIGN KEY (`inspection_error_inspection_id`) REFERENCES `tbl_139_327_main` (`inspection_system_id`),
  ADD CONSTRAINT `tbl_139_327_main_e_ibfk_3` FOREIGN KEY (`inspection_error_by_cb_int`) REFERENCES `tbl_systemusers` (`emp_record_id`);

--
-- Constraints for table `tbl_139_327_sub_c`
--
ALTER TABLE `tbl_139_327_sub_c`
  ADD CONSTRAINT `tbl_139_327_sub_c_ibfk_3` FOREIGN KEY (`condition_facility_cb_int`) REFERENCES `tbl_139_327_sub_c_f` (`facility_id`),
  ADD CONSTRAINT `tbl_139_327_sub_c_ibfk_4` FOREIGN KEY (`condition_type_cb_int`) REFERENCES `tbl_139_327_sub_t` (`inspection_type_id`);

--
-- Constraints for table `tbl_139_327_sub_c_c`
--
ALTER TABLE `tbl_139_327_sub_c_c`
  ADD CONSTRAINT `tbl_139_327_sub_c_c_ibfk_3` FOREIGN KEY (`conditions_checklists_condition_cb_int`) REFERENCES `tbl_139_327_sub_c` (`conditions_id`),
  ADD CONSTRAINT `tbl_139_327_sub_c_c_ibfk_4` FOREIGN KEY (`conditions_checklists_inspection_cb_int`) REFERENCES `tbl_139_327_main` (`inspection_system_id`) ON DELETE CASCADE ON UPDATE CASCADE;

--
-- Constraints for table `tbl_139_327_sub_c_link_e_t`
--
ALTER TABLE `tbl_139_327_sub_c_link_e_t`
  ADD CONSTRAINT `tbl_139_327_sub_c_link_e_t_ibfk_1` FOREIGN KEY (`139327_link_ef_c_id`) REFERENCES `tbl_139_327_sub_c` (`conditions_id`) ON DELETE NO ACTION ON UPDATE NO ACTION,
  ADD CONSTRAINT `tbl_139_327_sub_c_link_e_t_ibfk_2` FOREIGN KEY (`139327_link_ef_e_t_id`) REFERENCES `tbl_inventory_sub_e_sub_t` (`equipment_sub_type_id`) ON DELETE NO ACTION ON UPDATE NO ACTION;

--
-- Constraints for table `tbl_139_327_sub_c_link_p_t`
--
ALTER TABLE `tbl_139_327_sub_c_link_p_t`
  ADD CONSTRAINT `tbl_139_327_sub_c_link_p_t_ibfk_1` FOREIGN KEY (`139327_link_pf_e_t_id`) REFERENCES `tbl_139_339_sub_c_f` (`139339_f_id`) ON DELETE NO ACTION ON UPDATE NO ACTION,
  ADD CONSTRAINT `tbl_139_327_sub_c_link_p_t_ibfk_2` FOREIGN KEY (`139327_link_pf_c_id`) REFERENCES `tbl_139_327_sub_c` (`conditions_id`) ON DELETE NO ACTION ON UPDATE NO ACTION;

--
-- Constraints for table `tbl_139_327_sub_d`
--
ALTER TABLE `tbl_139_327_sub_d`
  ADD CONSTRAINT `tbl_139_327_sub_d_ibfk_20` FOREIGN KEY (`discrepancy_checklist_id`) REFERENCES `tbl_139_327_sub_c` (`conditions_id`),
  ADD CONSTRAINT `tbl_139_327_sub_d_ibfk_21` FOREIGN KEY (`Discrepancy_inspection_id`) REFERENCES `tbl_139_327_main` (`inspection_system_id`),
  ADD CONSTRAINT `tbl_139_327_sub_d_ibfk_22` FOREIGN KEY (`Discrepancy_equipment_id`) REFERENCES `tbl_inventory_sub_e` (`equipment_id`),
  ADD CONSTRAINT `tbl_139_327_sub_d_ibfk_23` FOREIGN KEY (`Discrepancy_by_cb_int`) REFERENCES `tbl_systemusers` (`emp_record_id`);

--
-- Constraints for table `tbl_139_327_sub_d_a`
--
ALTER TABLE `tbl_139_327_sub_d_a`
  ADD CONSTRAINT `tbl_139_327_sub_d_a_ibfk_2` FOREIGN KEY (`discrepancy_archieved_by_cb_int`) REFERENCES `tbl_systemusers` (`emp_record_id`),
  ADD CONSTRAINT `tbl_139_327_sub_d_a_ibfk_3` FOREIGN KEY (`discrepancy_archeived_inspection_id`) REFERENCES `tbl_139_327_sub_d` (`Discrepancy_id`);

--
-- Constraints for table `tbl_139_327_sub_d_b`
--
ALTER TABLE `tbl_139_327_sub_d_b`
  ADD CONSTRAINT `tbl_139_327_sub_d_b_ibfk_2` FOREIGN KEY (`discrepancy_bounced_inspection_id`) REFERENCES `tbl_139_327_sub_d` (`Discrepancy_id`),
  ADD CONSTRAINT `tbl_139_327_sub_d_b_ibfk_3` FOREIGN KEY (`discrepancy_bounced_by_cb_int`) REFERENCES `tbl_systemusers` (`emp_record_id`);

--
-- Constraints for table `tbl_139_327_sub_d_c`
--
ALTER TABLE `tbl_139_327_sub_d_c`
  ADD CONSTRAINT `tbl_139_327_sub_d_c_ibfk_1` FOREIGN KEY (`discrepancy_closed_inspection_id`) REFERENCES `tbl_139_327_sub_d` (`Discrepancy_id`),
  ADD CONSTRAINT `tbl_139_327_sub_d_c_ibfk_2` FOREIGN KEY (`discrepancy_closed_by_cb_int`) REFERENCES `tbl_systemusers` (`emp_record_id`);

--
-- Constraints for table `tbl_139_327_sub_d_d`
--
ALTER TABLE `tbl_139_327_sub_d_d`
  ADD CONSTRAINT `tbl_139_327_sub_d_d_ibfk_2` FOREIGN KEY (`discrepancy_duplicate_by_cb_int`) REFERENCES `tbl_systemusers` (`emp_record_id`),
  ADD CONSTRAINT `tbl_139_327_sub_d_d_ibfk_3` FOREIGN KEY (`discrepancy_duplicate_inspection_id`) REFERENCES `tbl_139_327_sub_d` (`Discrepancy_id`);

--
-- Constraints for table `tbl_139_327_sub_d_e`
--
ALTER TABLE `tbl_139_327_sub_d_e`
  ADD CONSTRAINT `tbl_139_327_sub_d_e_ibfk_1` FOREIGN KEY (`discrepancy_error_inspection_id`) REFERENCES `tbl_139_327_sub_d` (`Discrepancy_id`),
  ADD CONSTRAINT `tbl_139_327_sub_d_e_ibfk_2` FOREIGN KEY (`discrepancy_error_by_cb_int`) REFERENCES `tbl_systemusers` (`emp_record_id`);

--
-- Constraints for table `tbl_139_327_sub_d_o`
--
ALTER TABLE `tbl_139_327_sub_d_o`
  ADD CONSTRAINT `tbl_139_327_sub_d_o_ibfk_1` FOREIGN KEY (`disinspection_id`) REFERENCES `tbl_139_327_main` (`inspection_system_id`),
  ADD CONSTRAINT `tbl_139_327_sub_d_o_ibfk_2` FOREIGN KEY (`disdis_id`) REFERENCES `tbl_139_327_sub_d` (`Discrepancy_id`);

--
-- Constraints for table `tbl_139_327_sub_d_r`
--
ALTER TABLE `tbl_139_327_sub_d_r`
  ADD CONSTRAINT `tbl_139_327_sub_d_r_ibfk_3` FOREIGN KEY (`discrepancy_repaired_inspection_id`) REFERENCES `tbl_139_327_sub_d` (`Discrepancy_id`),
  ADD CONSTRAINT `tbl_139_327_sub_d_r_ibfk_4` FOREIGN KEY (`discrepancy_repaired_by_cb_int`) REFERENCES `tbl_systemusers` (`emp_record_id`);

--
-- Constraints for table `tbl_139_327_sub_t_i`
--
ALTER TABLE `tbl_139_327_sub_t_i`
  ADD CONSTRAINT `tbl_139_327_sub_t_i_ibfk_1` FOREIGN KEY (`139327_sub_t_id_int`) REFERENCES `tbl_139_327_sub_t` (`inspection_type_id`);

--
-- Constraints for table `tbl_139_333_main`
--
ALTER TABLE `tbl_139_333_main`
  ADD CONSTRAINT `tbl_139_333_main_ibfk_1` FOREIGN KEY (`139333_type_cb_int`) REFERENCES `tbl_139_333_sub_t` (`inspection_type_id`),
  ADD CONSTRAINT `tbl_139_333_main_ibfk_2` FOREIGN KEY (`139333_by_cb_int`) REFERENCES `tbl_systemusers` (`emp_record_id`);

--
-- Constraints for table `tbl_139_333_main_a`
--
ALTER TABLE `tbl_139_333_main_a`
  ADD CONSTRAINT `tbl_139_333_main_a_ibfk_1` FOREIGN KEY (`139333_a_inspection_id`) REFERENCES `tbl_139_333_main` (`139333_main_id`),
  ADD CONSTRAINT `tbl_139_333_main_a_ibfk_2` FOREIGN KEY (`139333_a_by_cb_int`) REFERENCES `tbl_systemusers` (`emp_record_id`);

--
-- Constraints for table `tbl_139_333_main_e`
--
ALTER TABLE `tbl_139_333_main_e`
  ADD CONSTRAINT `tbl_139_333_main_e_ibfk_1` FOREIGN KEY (`139333_e_inspection_id`) REFERENCES `tbl_139_333_main` (`139333_main_id`),
  ADD CONSTRAINT `tbl_139_333_main_e_ibfk_2` FOREIGN KEY (`139333_e_by_cb_int`) REFERENCES `tbl_systemusers` (`emp_record_id`);

--
-- Constraints for table `tbl_139_333_sub_c`
--
ALTER TABLE `tbl_139_333_sub_c`
  ADD CONSTRAINT `tbl_139_333_sub_c_ibfk_4` FOREIGN KEY (`condition_facility_cb_int`) REFERENCES `tbl_139_333_sub_c_f` (`facility_id`),
  ADD CONSTRAINT `tbl_139_333_sub_c_ibfk_5` FOREIGN KEY (`condition_type_cb_int`) REFERENCES `tbl_139_333_sub_t` (`inspection_type_id`),
  ADD CONSTRAINT `tbl_139_333_sub_c_ibfk_6` FOREIGN KEY (`condition_tied_id`) REFERENCES `tbl_inventory_sub_e` (`equipment_id`);

--
-- Constraints for table `tbl_139_333_sub_c_c`
--
ALTER TABLE `tbl_139_333_sub_c_c`
  ADD CONSTRAINT `tbl_139_333_sub_c_c_ibfk_1` FOREIGN KEY (`conditions_checklists_condition_cb_int`) REFERENCES `tbl_139_333_sub_c` (`conditions_id`),
  ADD CONSTRAINT `tbl_139_333_sub_c_c_ibfk_2` FOREIGN KEY (`conditions_checklists_inspection_cb_int`) REFERENCES `tbl_139_333_main` (`139333_main_id`);

--
-- Constraints for table `tbl_139_333_sub_c_spec`
--
ALTER TABLE `tbl_139_333_sub_c_spec`
  ADD CONSTRAINT `tbl_139_333_sub_c_spec_ibfk_1` FOREIGN KEY (`139333_spec_c_id`) REFERENCES `tbl_139_333_sub_c` (`conditions_id`);

--
-- Constraints for table `tbl_139_337_main`
--
ALTER TABLE `tbl_139_337_main`
  ADD CONSTRAINT `tbl_139_337_main_ibfk_5` FOREIGN KEY (`139337_author_by_cb_int`) REFERENCES `tbl_systemusers` (`emp_record_id`),
  ADD CONSTRAINT `tbl_139_337_main_ibfk_6` FOREIGN KEY (`139337_species_cb_int`) REFERENCES `tbl_139_337_sub_s` (`139337_sub_s_id`),
  ADD CONSTRAINT `tbl_139_337_main_ibfk_7` FOREIGN KEY (`139337_activity_cb_int`) REFERENCES `tbl_139_337_sub_ay` (`139337_sub_ay_id`),
  ADD CONSTRAINT `tbl_139_337_main_ibfk_8` FOREIGN KEY (`139337_action_cb_int`) REFERENCES `tbl_139_337_sub_an` (`139337_sub_an_id`);

--
-- Constraints for table `tbl_139_337_main_a`
--
ALTER TABLE `tbl_139_337_main_a`
  ADD CONSTRAINT `tbl_139_337_main_a_ibfk_1` FOREIGN KEY (`139337_a_inspection_id`) REFERENCES `tbl_139_337_main` (`139337_id`),
  ADD CONSTRAINT `tbl_139_337_main_a_ibfk_2` FOREIGN KEY (`139337_a_by_cb_int`) REFERENCES `tbl_systemusers` (`emp_record_id`);

--
-- Constraints for table `tbl_139_337_main_e`
--
ALTER TABLE `tbl_139_337_main_e`
  ADD CONSTRAINT `tbl_139_337_main_e_ibfk_2` FOREIGN KEY (`139337_e_inspection_id`) REFERENCES `tbl_139_337_main` (`139337_id`),
  ADD CONSTRAINT `tbl_139_337_main_e_ibfk_3` FOREIGN KEY (`139337_e_by_cb_int`) REFERENCES `tbl_systemusers` (`emp_record_id`);

--
-- Constraints for table `tbl_139_339_main`
--
ALTER TABLE `tbl_139_339_main`
  ADD CONSTRAINT `tbl_139_339_main_ibfk_3` FOREIGN KEY (`139339_type_cb_int`) REFERENCES `tbl_139_339_sub_t` (`139339_type_id`) ON DELETE NO ACTION ON UPDATE NO ACTION,
  ADD CONSTRAINT `tbl_139_339_main_ibfk_4` FOREIGN KEY (`139339_by_cb_int`) REFERENCES `tbl_systemusers` (`emp_record_id`) ON DELETE NO ACTION ON UPDATE NO ACTION;

--
-- Constraints for table `tbl_139_339_main_t`
--
ALTER TABLE `tbl_139_339_main_t`
  ADD CONSTRAINT `tbl_139_339_main_t_ibfk_1` FOREIGN KEY (`139339_main_t_type_cb_int`) REFERENCES `tbl_139_339_sub_t` (`139339_type_id`) ON DELETE NO ACTION ON UPDATE NO ACTION;

--
-- Constraints for table `tbl_139_339_main_t_cc`
--
ALTER TABLE `tbl_139_339_main_t_cc`
  ADD CONSTRAINT `tbl_139_339_main_t_cc_ibfk_1` FOREIGN KEY (`139339_t_cc_c_cb_int`) REFERENCES `tbl_139_339_sub_c` (`139339_c_id`),
  ADD CONSTRAINT `tbl_139_339_main_t_cc_ibfk_2` FOREIGN KEY (`139339_t_cc_ficon_cb_int`) REFERENCES `tbl_139_339_sub_c_c` (`139339_cc_id`);

--
-- Constraints for table `tbl_139_339_sub_a`
--
ALTER TABLE `tbl_139_339_sub_a`
  ADD CONSTRAINT `tbl_139_339_sub_a_ibfk_1` FOREIGN KEY (`139339_a_inspection_id`) REFERENCES `tbl_139_339_main` (`139339_main_id`),
  ADD CONSTRAINT `tbl_139_339_sub_a_ibfk_2` FOREIGN KEY (`139339_a_by_cb_int`) REFERENCES `tbl_systemusers` (`emp_record_id`);

--
-- Constraints for table `tbl_139_339_sub_c`
--
ALTER TABLE `tbl_139_339_sub_c`
  ADD CONSTRAINT `tbl_139_339_sub_c_ibfk_3` FOREIGN KEY (`139339_c_facility_cb_int`) REFERENCES `tbl_139_339_sub_c_f` (`139339_f_id`),
  ADD CONSTRAINT `tbl_139_339_sub_c_ibfk_4` FOREIGN KEY (`139339_c_type_cb_int`) REFERENCES `tbl_139_339_sub_t` (`139339_type_id`);

--
-- Constraints for table `tbl_139_339_sub_c_c`
--
ALTER TABLE `tbl_139_339_sub_c_c`
  ADD CONSTRAINT `tbl_139_339_sub_c_c_ibfk_1` FOREIGN KEY (`139339_cc_c_cb_int`) REFERENCES `tbl_139_339_sub_c` (`139339_c_id`),
  ADD CONSTRAINT `tbl_139_339_sub_c_c_ibfk_2` FOREIGN KEY (`139339_cc_ficon_cb_int`) REFERENCES `tbl_139_339_main` (`139339_main_id`);

--
-- Constraints for table `tbl_139_339_sub_d`
--
ALTER TABLE `tbl_139_339_sub_d`
  ADD CONSTRAINT `tbl_139_339_sub_d_ibfk_7` FOREIGN KEY (`Discrepancy_inspection_id`) REFERENCES `tbl_139_339_main` (`139339_main_id`),
  ADD CONSTRAINT `tbl_139_339_sub_d_ibfk_8` FOREIGN KEY (`discrepancy_type_cb_int`) REFERENCES `tbl_139_339_sub_t` (`139339_type_id`),
  ADD CONSTRAINT `tbl_139_339_sub_d_ibfk_9` FOREIGN KEY (`Discrepancy_by_cb_int`) REFERENCES `tbl_systemusers` (`emp_record_id`);

--
-- Constraints for table `tbl_139_339_sub_e`
--
ALTER TABLE `tbl_139_339_sub_e`
  ADD CONSTRAINT `tbl_139_339_sub_e_ibfk_3` FOREIGN KEY (`139339_eoo_i_id`) REFERENCES `tbl_139_339_main` (`139339_main_id`),
  ADD CONSTRAINT `tbl_139_339_sub_e_ibfk_4` FOREIGN KEY (`139339_eoo_by_cb_int`) REFERENCES `tbl_systemusers` (`emp_record_id`);

--
-- Constraints for table `tbl_139_339_sub_n`
--
ALTER TABLE `tbl_139_339_sub_n`
  ADD CONSTRAINT `tbl_139_339_sub_n_ibfk_4` FOREIGN KEY (`139339_sub_n_type_cb_int`) REFERENCES `tbl_139_339_sub_t` (`139339_type_id`),
  ADD CONSTRAINT `tbl_139_339_sub_n_ibfk_5` FOREIGN KEY (`139339_sub_n_by_cb_int`) REFERENCES `tbl_systemusers` (`emp_record_id`);

--
-- Constraints for table `tbl_139_339_sub_n_a`
--
ALTER TABLE `tbl_139_339_sub_n_a`
  ADD CONSTRAINT `tbl_139_339_sub_n_a_ibfk_1` FOREIGN KEY (`139339_n_a_inspection_id`) REFERENCES `tbl_139_339_sub_n` (`139339_sub_n_id`),
  ADD CONSTRAINT `tbl_139_339_sub_n_a_ibfk_2` FOREIGN KEY (`139339_n_a_by_cb_int`) REFERENCES `tbl_systemusers` (`emp_record_id`);

--
-- Constraints for table `tbl_139_339_sub_n_cc`
--
ALTER TABLE `tbl_139_339_sub_n_cc`
  ADD CONSTRAINT `tbl_139_339_sub_n_cc_ibfk_1` FOREIGN KEY (`139339_cc_c_cb_int`) REFERENCES `tbl_139_339_sub_c` (`139339_c_id`),
  ADD CONSTRAINT `tbl_139_339_sub_n_cc_ibfk_2` FOREIGN KEY (`139339_cc_ficon_cb_int`) REFERENCES `tbl_139_339_sub_n` (`139339_sub_n_id`);

--
-- Constraints for table `tbl_139_339_sub_n_dlink`
--
ALTER TABLE `tbl_139_339_sub_n_dlink`
  ADD CONSTRAINT `tbl_139_339_sub_n_dlink_ibfk_1` FOREIGN KEY (`139_339_n_dlink_notam_id`) REFERENCES `tbl_139_339_sub_n` (`139339_sub_n_id`) ON DELETE NO ACTION ON UPDATE NO ACTION,
  ADD CONSTRAINT `tbl_139_339_sub_n_dlink_ibfk_2` FOREIGN KEY (`139_339_n_dlink_discrepancy_id`) REFERENCES `tbl_139_327_sub_d` (`Discrepancy_id`) ON DELETE NO ACTION ON UPDATE NO ACTION;

--
-- Constraints for table `tbl_139_339_sub_n_r`
--
ALTER TABLE `tbl_139_339_sub_n_r`
  ADD CONSTRAINT `tbl_139_339_sub_n_r_ibfk_3` FOREIGN KEY (`139339_sub_n_r_cancelled_id_int`) REFERENCES `tbl_139_339_sub_n` (`139339_sub_n_id`),
  ADD CONSTRAINT `tbl_139_339_sub_n_r_ibfk_4` FOREIGN KEY (`139339_sub_n_r_by_cb_int`) REFERENCES `tbl_systemusers` (`emp_record_id`);

--
-- Constraints for table `tbl_139_339_sub_t_i`
--
ALTER TABLE `tbl_139_339_sub_t_i`
  ADD CONSTRAINT `tbl_139_339_sub_t_i_ibfk_1` FOREIGN KEY (`139339_sub_t_id_int`) REFERENCES `tbl_139_339_sub_t` (`139339_type_id`);

--
-- Constraints for table `tbl_139_modules_sms`
--
ALTER TABLE `tbl_139_modules_sms`
  ADD CONSTRAINT `tbl_139_modules_sms_ibfk_5` FOREIGN KEY (`139_sms_by_int`) REFERENCES `tbl_systemusers` (`emp_record_id`),
  ADD CONSTRAINT `tbl_139_modules_sms_ibfk_6` FOREIGN KEY (`139_sms_module_int`) REFERENCES `tbl_navigational_control` (`menu_item_id`);

--
-- Constraints for table `tbl_dashpanel_main`
--
ALTER TABLE `tbl_dashpanel_main`
  ADD CONSTRAINT `tbl_dashpanel_main_ibfk_1` FOREIGN KEY (`dash_menulink_int`) REFERENCES `tbl_navigational_control` (`menu_item_id`);

--
-- Constraints for table `tbl_dashpanel_sub_s`
--
ALTER TABLE `tbl_dashpanel_sub_s`
  ADD CONSTRAINT `tbl_dashpanel_sub_s_ibfk_1` FOREIGN KEY (`navigational_user_id_cb_int`) REFERENCES `tbl_systemusers` (`emp_record_id`),
  ADD CONSTRAINT `tbl_dashpanel_sub_s_ibfk_2` FOREIGN KEY (`navigational_group_id_cb_int`) REFERENCES `tbl_dashpanel_main` (`dash_id`);

--
-- Constraints for table `tbl_inventory_sub_e`
--
ALTER TABLE `tbl_inventory_sub_e`
  ADD CONSTRAINT `tbl_inventory_sub_e_ibfk_2` FOREIGN KEY (`equipment_manufac_cb_int`) REFERENCES `tbl_organization_main` (`Organizations_id`),
  ADD CONSTRAINT `tbl_inventory_sub_e_ibfk_3` FOREIGN KEY (`equipment_type_cb_int`) REFERENCES `tbl_inventory_sub_e_sub_t` (`equipment_sub_type_id`);

--
-- Constraints for table `tbl_inventory_sub_e_link_p_to_t`
--
ALTER TABLE `tbl_inventory_sub_e_link_p_to_t`
  ADD CONSTRAINT `tbl_inventory_sub_e_link_p_to_t_ibfk_1` FOREIGN KEY (`inv_e_link_p2t_part_id`) REFERENCES `tbl_inventory_sub_e_sub_p` (`inv_e_sub_t_p_id`),
  ADD CONSTRAINT `tbl_inventory_sub_e_link_p_to_t_ibfk_2` FOREIGN KEY (`inv_e_link_p2t_type_id`) REFERENCES `tbl_inventory_sub_e_sub_t` (`equipment_sub_type_id`);

--
-- Constraints for table `tbl_inventory_sub_p_link_p_to_t`
--
ALTER TABLE `tbl_inventory_sub_p_link_p_to_t`
  ADD CONSTRAINT `tbl_inventory_sub_p_link_p_to_t_ibfk_3` FOREIGN KEY (`inv_p_link_p2t_part_id`) REFERENCES `tbl_inventory_sub_p_sub_p` (`inv_p_sub_t_p_id`),
  ADD CONSTRAINT `tbl_inventory_sub_p_link_p_to_t_ibfk_4` FOREIGN KEY (`inv_p_link_p2t_type_id`) REFERENCES `tbl_139_339_sub_c_f` (`139339_f_id`);

--
-- Constraints for table `tbl_navigational_control`
--
ALTER TABLE `tbl_navigational_control`
  ADD CONSTRAINT `tbl_navigational_control_ibfk_1` FOREIGN KEY (`menu_item_slaved_to_id`) REFERENCES `tbl_navigational_control` (`menu_item_id`);

--
-- Constraints for table `tbl_navigational_control_g_a`
--
ALTER TABLE `tbl_navigational_control_g_a`
  ADD CONSTRAINT `tbl_navigational_control_g_a_ibfk_1` FOREIGN KEY (`navigational_groups_id_cb_int`) REFERENCES `tbl_navigational_control_g` (`navigational_groups_id`),
  ADD CONSTRAINT `tbl_navigational_control_g_a_ibfk_2` FOREIGN KEY (`navigational_control_id_cb_int`) REFERENCES `tbl_navigational_control` (`menu_item_id`);

--
-- Constraints for table `tbl_quickaccess_control`
--
ALTER TABLE `tbl_quickaccess_control`
  ADD CONSTRAINT `tbl_quickaccess_control_ibfk_1` FOREIGN KEY (`tbl_qac_systemuser_id`) REFERENCES `tbl_systemusers` (`emp_record_id`),
  ADD CONSTRAINT `tbl_quickaccess_control_ibfk_2` FOREIGN KEY (`tbl_qac_navigation_id`) REFERENCES `tbl_navigational_control` (`menu_item_id`);

--
-- Constraints for table `tbl_systemusers`
--
ALTER TABLE `tbl_systemusers`
  ADD CONSTRAINT `tbl_systemusers_ibfk_3` FOREIGN KEY (`emp_organiation_cb_int`) REFERENCES `tbl_organization_main` (`Organizations_id`) ON UPDATE CASCADE,
  ADD CONSTRAINT `tbl_systemusers_ibfk_4` FOREIGN KEY (`emp_added_by_int`) REFERENCES `tbl_systemusers` (`emp_record_id`) ON UPDATE CASCADE;

--
-- Constraints for table `tbl_systemusers_ncga`
--
ALTER TABLE `tbl_systemusers_ncga`
  ADD CONSTRAINT `tbl_systemusers_ncga_ibfk_1` FOREIGN KEY (`navigational_user_id_cb_int`) REFERENCES `tbl_systemusers` (`emp_record_id`),
  ADD CONSTRAINT `tbl_systemusers_ncga_ibfk_2` FOREIGN KEY (`navigational_group_id_cb_int`) REFERENCES `tbl_navigational_control_g` (`navigational_groups_id`);

--
-- Constraints for table `tbl_systemusers_sub_p`
--
ALTER TABLE `tbl_systemusers_sub_p`
  ADD CONSTRAINT `tbl_systemusers_sub_p_ibfk_1` FOREIGN KEY (`systemuser_hr_su_id_cb_int`) REFERENCES `tbl_systemusers` (`emp_record_id`);

--
-- Constraints for table `tbl_timesheets_main`
--
ALTER TABLE `tbl_timesheets_main`
  ADD CONSTRAINT `tbl_timesheets_main_ibfk_1` FOREIGN KEY (`timesheet_systemuser_id_cb_int`) REFERENCES `tbl_systemusers` (`emp_record_id`),
  ADD CONSTRAINT `tbl_timesheets_main_ibfk_2` FOREIGN KEY (`timesheet_month_cb_int`) REFERENCES `tbl_timesheets_sub_m` (`timesheetmonth_id`);

--
-- Constraints for table `tbl_timesheets_sub_h`
--
ALTER TABLE `tbl_timesheets_sub_h`
  ADD CONSTRAINT `tbl_timesheets_sub_h_ibfk_1` FOREIGN KEY (`holiday_month_cb_int`) REFERENCES `tbl_general_months` (`months_id`);

--
-- Constraints for table `tbl_timesheets_sub_m`
--
ALTER TABLE `tbl_timesheets_sub_m`
  ADD CONSTRAINT `tbl_timesheets_sub_m_ibfk_1` FOREIGN KEY (`timesheetmonth_month_cb_int`) REFERENCES `tbl_general_months` (`months_id`);

/*!40101 SET CHARACTER_SET_CLIENT=@OLD_CHARACTER_SET_CLIENT */;
/*!40101 SET CHARACTER_SET_RESULTS=@OLD_CHARACTER_SET_RESULTS */;
/*!40101 SET COLLATION_CONNECTION=@OLD_COLLATION_CONNECTION */;
